Time,A1,A2,A3,A4,A5,A6,A7,A8,B1,B2,B3,B4,B5,B6,B7,B8,C1,C2,C3,C4,C5,C6,C7,C8,D1,D2,D3,D4,D5,D6,D7,D8,E1,E2,E3,E4,E5,E6,E7,E8,F1,F2,F3,F4,F5,F6,F7,F8
0.0761111111111111,0.085,0.085,0.093,0.091,0.093,0.093,0.085,0.084,0.093,0.093,0.094,0.094,0.096,0.095,0.101,0.098,0.094,0.093,0.094,0.093,0.094,0.095,0.093,0.102,0.093,0.093,0.094,0.093,0.095,0.095,0.095,0.097,0.095,0.091,0.093,0.095,0.095,0.093,0.094,0.097,0.093,0.093,0.092,0.093,0.096,0.094,0.094,0.094
0.1761111111111111,0.085,0.085,0.093,0.093,0.093,0.093,0.085,0.084,0.093,0.093,0.094,0.094,0.096,0.095,0.101,0.098,0.094,0.093,0.094,0.092,0.094,0.095,0.093,0.102,0.093,0.093,0.094,0.093,0.095,0.095,0.095,0.097,0.095,0.092,0.093,0.095,0.096,0.093,0.094,0.097,0.093,0.093,0.092,0.093,0.096,0.094,0.094,0.094
0.2761111111111111,0.085,0.085,0.093,0.091,0.093,0.093,0.085,0.084,0.093,0.093,0.094,0.094,0.096,0.095,0.101,0.098,0.094,0.093,0.094,0.093,0.095,0.095,0.093,0.102,0.093,0.093,0.094,0.093,0.095,0.095,0.095,0.097,0.095,0.092,0.093,0.095,0.096,0.093,0.094,0.097,0.093,0.093,0.092,0.093,0.096,0.094,0.094,0.094
0.3761111111111111,0.085,0.085,0.093,0.092,0.094,0.093,0.085,0.084,0.093,0.093,0.095,0.094,0.096,0.095,0.101,0.098,0.094,0.093,0.094,0.093,0.095,0.095,0.094,0.102,0.093,0.093,0.095,0.093,0.095,0.095,0.095,0.097,0.095,0.092,0.093,0.095,0.096,0.093,0.094,0.097,0.093,0.093,0.093,0.093,0.097,0.094,0.094,0.095
0.4761111111111111,0.085,0.084,0.093,0.092,0.094,0.093,0.085,0.084,0.093,0.093,0.095,0.094,0.096,0.095,0.101,0.098,0.094,0.093,0.094,0.093,0.095,0.095,0.094,0.102,0.093,0.093,0.094,0.093,0.095,0.095,0.095,0.098,0.095,0.092,0.093,0.095,0.096,0.094,0.094,0.098,0.093,0.093,0.092,0.093,0.097,0.094,0.095,0.095
0.5761111111111111,0.085,0.084,0.093,0.092,0.094,0.093,0.085,0.084,0.093,0.093,0.095,0.094,0.097,0.095,0.101,0.098,0.095,0.093,0.095,0.093,0.095,0.095,0.094,0.102,0.093,0.094,0.095,0.093,0.095,0.095,0.095,0.098,0.095,0.092,0.093,0.095,0.096,0.094,0.095,0.098,0.093,0.093,0.093,0.094,0.097,0.094,0.095,0.095
0.6761111111111112,0.085,0.084,0.093,0.092,0.094,0.093,0.084,0.084,0.093,0.093,0.095,0.095,0.097,0.095,0.101,0.098,0.095,0.093,0.095,0.093,0.095,0.095,0.094,0.102,0.094,0.094,0.095,0.093,0.095,0.095,0.095,0.098,0.096,0.092,0.093,0.095,0.096,0.094,0.095,0.098,0.094,0.093,0.093,0.094,0.097,0.095,0.095,0.095
0.7761111111111112,0.085,0.084,0.093,0.092,0.094,0.093,0.084,0.084,0.093,0.093,0.095,0.095,0.097,0.095,0.101,0.098,0.095,0.093,0.095,0.093,0.095,0.096,0.094,0.102,0.094,0.094,0.095,0.094,0.096,0.096,0.095,0.098,0.096,0.092,0.093,0.095,0.096,0.094,0.095,0.098,0.094,0.093,0.093,0.094,0.097,0.095,0.095,0.095
0.8761111111111112,0.085,0.085,0.093,0.093,0.094,0.093,0.084,0.084,0.094,0.094,0.095,0.095,0.097,0.095,0.101,0.099,0.095,0.094,0.095,0.093,0.095,0.096,0.094,0.102,0.094,0.094,0.095,0.094,0.096,0.096,0.095,0.098,0.096,0.092,0.093,0.095,0.096,0.094,0.095,0.098,0.094,0.094,0.093,0.094,0.097,0.095,0.095,0.096
0.9761111111111112,0.085,0.085,0.093,0.093,0.094,0.094,0.084,0.084,0.094,0.093,0.095,0.095,0.097,0.096,0.101,0.099,0.095,0.094,0.095,0.094,0.095,0.096,0.094,0.102,0.094,0.094,0.095,0.094,0.096,0.096,0.096,0.098,0.096,0.092,0.093,0.096,0.096,0.094,0.095,0.098,0.094,0.094,0.093,0.094,0.097,0.095,0.096,0.096
1.076111111111111,0.085,0.084,0.094,0.093,0.095,0.094,0.084,0.084,0.094,0.094,0.095,0.095,0.097,0.096,0.102,0.099,0.095,0.094,0.095,0.094,0.095,0.096,0.094,0.102,0.094,0.094,0.095,0.094,0.096,0.096,0.096,0.098,0.096,0.092,0.094,0.096,0.097,0.094,0.095,0.098,0.094,0.094,0.093,0.094,0.098,0.095,0.096,0.096
1.176111111111111,0.085,0.084,0.094,0.093,0.095,0.094,0.084,0.084,0.094,0.094,0.096,0.095,0.097,0.096,0.102,0.099,0.096,0.094,0.095,0.094,0.096,0.096,0.095,0.103,0.094,0.095,0.096,0.094,0.096,0.096,0.096,0.099,0.096,0.093,0.094,0.096,0.097,0.095,0.095,0.099,0.094,0.094,0.093,0.094,0.098,0.096,0.096,0.096
1.276111111111111,0.085,0.084,0.094,0.093,0.095,0.094,0.084,0.083,0.094,0.094,0.096,0.096,0.098,0.096,0.102,0.099,0.096,0.094,0.096,0.094,0.096,0.096,0.095,0.103,0.094,0.095,0.096,0.094,0.096,0.096,0.096,0.099,0.097,0.093,0.094,0.096,0.097,0.095,0.095,0.099,0.094,0.094,0.094,0.094,0.098,0.096,0.096,0.096
1.376111111111111,0.085,0.084,0.094,0.094,0.095,0.094,0.084,0.084,0.094,0.094,0.096,0.096,0.098,0.096,0.102,0.099,0.096,0.094,0.096,0.094,0.096,0.096,0.095,0.103,0.095,0.095,0.096,0.095,0.096,0.096,0.096,0.099,0.097,0.093,0.094,0.096,0.097,0.095,0.096,0.099,0.095,0.094,0.094,0.095,0.098,0.096,0.096,0.097
1.4761111111111112,0.085,0.085,0.094,0.094,0.095,0.095,0.084,0.084,0.094,0.095,0.096,0.096,0.098,0.096,0.102,0.1,0.096,0.094,0.096,0.094,0.096,0.097,0.095,0.103,0.095,0.095,0.096,0.095,0.096,0.097,0.097,0.099,0.097,0.093,0.094,0.096,0.097,0.095,0.096,0.099,0.095,0.094,0.094,0.095,0.099,0.096,0.097,0.097
1.576111111111111,0.085,0.084,0.094,0.094,0.095,0.095,0.084,0.084,0.095,0.095,0.096,0.096,0.098,0.097,0.102,0.1,0.096,0.095,0.096,0.095,0.097,0.097,0.095,0.103,0.095,0.095,0.096,0.095,0.097,0.097,0.097,0.099,0.097,0.093,0.094,0.096,0.097,0.095,0.096,0.099,0.095,0.094,0.094,0.095,0.099,0.096,0.097,0.097
1.676111111111111,0.085,0.084,0.095,0.094,0.096,0.095,0.084,0.084,0.095,0.095,0.097,0.096,0.099,0.097,0.102,0.1,0.096,0.095,0.096,0.095,0.097,0.098,0.096,0.104,0.095,0.095,0.096,0.095,0.097,0.097,0.098,0.1,0.097,0.093,0.095,0.097,0.098,0.096,0.096,0.1,0.095,0.095,0.094,0.095,0.099,0.097,0.097,0.098
1.776111111111111,0.085,0.084,0.095,0.094,0.096,0.095,0.085,0.084,0.095,0.095,0.097,0.096,0.099,0.097,0.103,0.1,0.096,0.095,0.096,0.095,0.097,0.097,0.096,0.104,0.095,0.095,0.097,0.095,0.097,0.097,0.097,0.1,0.097,0.093,0.095,0.097,0.098,0.096,0.097,0.1,0.095,0.095,0.094,0.096,0.099,0.097,0.097,0.098
1.876111111111111,0.085,0.084,0.095,0.095,0.096,0.095,0.084,0.084,0.095,0.095,0.097,0.097,0.099,0.097,0.103,0.1,0.096,0.095,0.097,0.095,0.097,0.097,0.096,0.104,0.095,0.095,0.097,0.095,0.097,0.097,0.097,0.1,0.098,0.094,0.095,0.097,0.098,0.096,0.097,0.1,0.095,0.095,0.095,0.096,0.099,0.097,0.098,0.098
1.9761111111111112,0.085,0.084,0.095,0.109,0.096,0.095,0.084,0.084,0.095,0.095,0.097,0.097,0.099,0.097,0.103,0.101,0.097,0.095,0.097,0.095,0.097,0.097,0.096,0.104,0.096,0.096,0.097,0.096,0.098,0.098,0.098,0.1,0.098,0.094,0.095,0.097,0.098,0.096,0.097,0.1,0.095,0.095,0.095,0.096,0.1,0.097,0.098,0.098
2.076111111111111,0.085,0.084,0.095,0.095,0.096,0.096,0.084,0.083,0.095,0.095,0.097,0.097,0.099,0.097,0.103,0.101,0.097,0.095,0.097,0.095,0.097,0.098,0.097,0.105,0.096,0.096,0.097,0.096,0.098,0.098,0.098,0.101,0.098,0.094,0.095,0.097,0.099,0.096,0.097,0.101,0.095,0.095,0.095,0.096,0.1,0.098,0.098,0.098
2.176111111111111,0.085,0.084,0.095,0.095,0.097,0.096,0.084,0.083,0.095,0.095,0.097,0.097,0.099,0.098,0.104,0.101,0.097,0.096,0.097,0.096,0.097,0.098,0.097,0.105,0.096,0.096,0.097,0.096,0.098,0.098,0.098,0.101,0.099,0.094,0.095,0.097,0.099,0.096,0.098,0.101,0.095,0.095,0.095,0.096,0.1,0.098,0.099,0.099
2.276111111111111,0.085,0.084,0.096,0.096,0.097,0.096,0.084,0.084,0.096,0.096,0.098,0.097,0.099,0.098,0.104,0.101,0.097,0.096,0.097,0.096,0.098,0.098,0.098,0.105,0.096,0.096,0.097,0.096,0.098,0.098,0.098,0.101,0.098,0.094,0.096,0.098,0.099,0.097,0.098,0.101,0.096,0.095,0.095,0.096,0.1,0.098,0.099,0.099
2.376111111111111,0.085,0.084,0.096,0.096,0.097,0.096,0.084,0.084,0.096,0.096,0.098,0.098,0.1,0.098,0.104,0.102,0.097,0.096,0.097,0.096,0.101,0.098,0.097,0.105,0.096,0.096,0.098,0.096,0.099,0.099,0.099,0.102,0.099,0.095,0.096,0.098,0.099,0.097,0.098,0.101,0.096,0.096,0.095,0.096,0.101,0.098,0.099,0.1
2.476111111111111,0.085,0.085,0.096,0.096,0.097,0.097,0.086,0.083,0.096,0.096,0.098,0.098,0.1,0.098,0.104,0.102,0.098,0.096,0.098,0.096,0.098,0.098,0.098,0.105,0.096,0.096,0.098,0.096,0.099,0.099,0.099,0.102,0.099,0.095,0.096,0.098,0.099,0.097,0.098,0.102,0.096,0.096,0.096,0.097,0.101,0.099,0.099,0.1
2.576111111111111,0.085,0.085,0.096,0.096,0.097,0.097,0.084,0.084,0.096,0.096,0.098,0.098,0.1,0.099,0.105,0.102,0.098,0.096,0.098,0.097,0.098,0.099,0.098,0.106,0.097,0.097,0.098,0.097,0.099,0.099,0.099,0.102,0.099,0.095,0.096,0.098,0.1,0.097,0.099,0.102,0.096,0.096,0.096,0.097,0.101,0.099,0.1,0.1
2.676111111111111,0.085,0.084,0.099,0.096,0.098,0.097,0.084,0.083,0.096,0.097,0.099,0.098,0.1,0.099,0.105,0.103,0.098,0.096,0.098,0.097,0.099,0.099,0.098,0.106,0.097,0.097,0.098,0.097,0.099,0.099,0.1,0.102,0.099,0.095,0.096,0.099,0.1,0.098,0.099,0.102,0.096,0.096,0.096,0.097,0.102,0.099,0.1,0.1
2.776111111111111,0.085,0.084,0.097,0.097,0.098,0.098,0.084,0.084,0.098,0.097,0.099,0.099,0.101,0.101,0.106,0.103,0.098,0.097,0.099,0.098,0.107,0.1,0.099,0.107,0.098,0.097,0.099,0.098,0.1,0.1,0.1,0.103,0.099,0.096,0.097,0.099,0.1,0.098,0.099,0.103,0.096,0.096,0.096,0.097,0.102,0.1,0.1,0.101
2.876111111111111,0.085,0.084,0.096,0.097,0.099,0.098,0.084,0.084,0.097,0.097,0.099,0.099,0.101,0.099,0.106,0.103,0.098,0.097,0.099,0.097,0.099,0.1,0.099,0.107,0.097,0.097,0.099,0.097,0.1,0.1,0.1,0.103,0.099,0.095,0.097,0.099,0.1,0.098,0.1,0.103,0.097,0.096,0.096,0.098,0.102,0.1,0.101,0.101
2.976111111111111,0.085,0.084,0.097,0.097,0.099,0.098,0.084,0.084,0.097,0.097,0.1,0.099,0.101,0.1,0.106,0.103,0.098,0.097,0.099,0.098,0.1,0.1,0.099,0.107,0.097,0.097,0.099,0.098,0.1,0.1,0.101,0.103,0.099,0.095,0.097,0.099,0.101,0.098,0.1,0.103,0.097,0.096,0.096,0.098,0.102,0.1,0.101,0.101
3.076111111111111,0.085,0.084,0.097,0.097,0.099,0.098,0.084,0.084,0.097,0.097,0.1,0.1,0.102,0.1,0.107,0.104,0.099,0.097,0.099,0.098,0.1,0.1,0.1,0.108,0.098,0.098,0.099,0.098,0.1,0.1,0.101,0.104,0.1,0.096,0.097,0.1,0.101,0.099,0.1,0.103,0.097,0.097,0.097,0.098,0.102,0.1,0.101,0.101
3.176111111111111,0.085,0.084,0.097,0.098,0.1,0.099,0.084,0.083,0.097,0.097,0.1,0.1,0.102,0.1,0.107,0.105,0.099,0.097,0.1,0.098,0.1,0.1,0.1,0.108,0.098,0.098,0.1,0.098,0.101,0.1,0.101,0.104,0.1,0.096,0.097,0.1,0.101,0.099,0.1,0.104,0.097,0.097,0.097,0.098,0.103,0.101,0.101,0.102
3.276111111111111,0.085,0.084,0.098,0.098,0.1,0.099,0.084,0.083,0.098,0.098,0.101,0.101,0.102,0.101,0.108,0.105,0.099,0.098,0.1,0.099,0.101,0.101,0.101,0.109,0.098,0.098,0.1,0.099,0.102,0.101,0.102,0.105,0.1,0.096,0.098,0.101,0.101,0.099,0.101,0.104,0.097,0.097,0.097,0.099,0.103,0.101,0.102,0.102
3.376111111111111,0.086,0.084,0.098,0.098,0.1,0.1,0.084,0.083,0.098,0.098,0.101,0.101,0.102,0.101,0.108,0.106,0.099,0.098,0.101,0.1,0.101,0.102,0.101,0.109,0.098,0.098,0.101,0.099,0.101,0.101,0.102,0.105,0.1,0.096,0.098,0.101,0.102,0.099,0.101,0.104,0.097,0.097,0.098,0.099,0.103,0.101,0.102,0.102
3.476111111111111,0.085,0.084,0.098,0.099,0.101,0.101,0.084,0.083,0.098,0.099,0.102,0.102,0.103,0.102,0.109,0.108,0.1,0.098,0.102,0.1,0.102,0.102,0.102,0.11,0.099,0.098,0.101,0.1,0.102,0.102,0.103,0.106,0.101,0.096,0.098,0.101,0.102,0.1,0.102,0.105,0.098,0.098,0.098,0.099,0.104,0.101,0.102,0.103
3.576111111111111,0.085,0.084,0.099,0.099,0.102,0.101,0.084,0.083,0.1,0.099,0.102,0.102,0.104,0.102,0.11,0.108,0.1,0.099,0.102,0.101,0.102,0.103,0.103,0.111,0.099,0.099,0.101,0.1,0.102,0.103,0.104,0.106,0.101,0.097,0.099,0.102,0.102,0.1,0.102,0.105,0.098,0.098,0.098,0.1,0.104,0.102,0.103,0.103
3.676111111111111,0.085,0.084,0.099,0.1,0.102,0.102,0.084,0.083,0.099,0.099,0.103,0.103,0.104,0.103,0.111,0.109,0.1,0.099,0.102,0.101,0.102,0.103,0.104,0.112,0.099,0.099,0.102,0.101,0.102,0.102,0.104,0.107,0.101,0.097,0.099,0.102,0.103,0.1,0.102,0.106,0.098,0.098,0.099,0.1,0.104,0.102,0.103,0.103
3.776111111111111,0.085,0.084,0.099,0.099,0.103,0.102,0.084,0.083,0.099,0.1,0.104,0.104,0.105,0.103,0.112,0.11,0.101,0.099,0.103,0.102,0.108,0.103,0.104,0.112,0.099,0.099,0.102,0.101,0.103,0.103,0.105,0.107,0.101,0.097,0.1,0.103,0.103,0.101,0.103,0.106,0.098,0.098,0.099,0.1,0.105,0.102,0.103,0.104
3.876111111111111,0.085,0.085,0.1,0.1,0.104,0.104,0.084,0.083,0.1,0.1,0.105,0.105,0.105,0.104,0.113,0.111,0.101,0.1,0.104,0.103,0.104,0.104,0.105,0.113,0.1,0.1,0.103,0.102,0.104,0.103,0.105,0.108,0.102,0.098,0.101,0.103,0.104,0.101,0.103,0.108,0.099,0.098,0.1,0.101,0.105,0.102,0.104,0.104
3.976111111111111,0.085,0.084,0.101,0.101,0.105,0.105,0.084,0.083,0.101,0.101,0.106,0.106,0.106,0.105,0.114,0.112,0.102,0.101,0.105,0.104,0.104,0.104,0.106,0.114,0.1,0.1,0.104,0.103,0.104,0.104,0.106,0.109,0.102,0.098,0.101,0.104,0.104,0.101,0.104,0.107,0.099,0.099,0.1,0.101,0.105,0.103,0.104,0.104
4.0761111111111115,0.085,0.084,0.101,0.102,0.107,0.106,0.084,0.083,0.101,0.101,0.107,0.107,0.107,0.106,0.115,0.113,0.102,0.101,0.105,0.105,0.105,0.105,0.107,0.116,0.1,0.101,0.104,0.104,0.105,0.104,0.107,0.11,0.102,0.098,0.102,0.104,0.104,0.102,0.104,0.108,0.099,0.099,0.101,0.102,0.106,0.103,0.104,0.105
4.176111111111111,0.085,0.084,0.102,0.102,0.108,0.107,0.084,0.084,0.102,0.102,0.108,0.108,0.108,0.107,0.117,0.115,0.103,0.102,0.107,0.106,0.106,0.106,0.108,0.116,0.101,0.101,0.105,0.104,0.105,0.105,0.108,0.111,0.103,0.099,0.102,0.105,0.105,0.102,0.105,0.108,0.1,0.099,0.101,0.103,0.106,0.103,0.105,0.105
4.276111111111111,0.085,0.084,0.102,0.103,0.11,0.109,0.084,0.084,0.103,0.103,0.109,0.11,0.109,0.108,0.118,0.116,0.104,0.102,0.108,0.107,0.106,0.107,0.109,0.117,0.102,0.102,0.106,0.105,0.106,0.105,0.108,0.111,0.103,0.099,0.103,0.106,0.105,0.103,0.105,0.109,0.1,0.1,0.102,0.103,0.106,0.104,0.105,0.106
4.376111111111111,0.085,0.084,0.103,0.104,0.111,0.111,0.084,0.084,0.104,0.104,0.111,0.111,0.111,0.109,0.12,0.118,0.104,0.103,0.109,0.108,0.108,0.108,0.111,0.118,0.102,0.102,0.107,0.106,0.107,0.106,0.109,0.112,0.104,0.1,0.104,0.107,0.105,0.103,0.106,0.109,0.101,0.1,0.102,0.104,0.106,0.104,0.106,0.106
4.476111111111111,0.085,0.084,0.104,0.105,0.113,0.112,0.084,0.084,0.104,0.104,0.112,0.113,0.111,0.11,0.122,0.119,0.105,0.104,0.11,0.11,0.108,0.108,0.111,0.12,0.103,0.102,0.108,0.107,0.107,0.107,0.11,0.113,0.104,0.1,0.104,0.107,0.106,0.103,0.107,0.11,0.101,0.101,0.103,0.104,0.107,0.104,0.106,0.107
4.5761111111111115,0.085,0.084,0.106,0.106,0.114,0.114,0.084,0.083,0.106,0.106,0.114,0.114,0.113,0.112,0.123,0.121,0.106,0.105,0.112,0.111,0.109,0.109,0.113,0.121,0.103,0.103,0.109,0.108,0.108,0.107,0.111,0.113,0.105,0.101,0.105,0.108,0.106,0.104,0.107,0.111,0.101,0.101,0.103,0.105,0.107,0.105,0.106,0.107
4.676111111111111,0.085,0.084,0.107,0.107,0.117,0.116,0.084,0.084,0.107,0.107,0.115,0.116,0.114,0.113,0.126,0.123,0.107,0.106,0.113,0.112,0.111,0.11,0.114,0.122,0.104,0.104,0.11,0.109,0.109,0.109,0.112,0.115,0.105,0.101,0.106,0.109,0.107,0.105,0.108,0.112,0.102,0.102,0.104,0.106,0.108,0.105,0.107,0.108
4.776111111111111,0.085,0.084,0.108,0.109,0.119,0.118,0.084,0.083,0.108,0.108,0.117,0.118,0.116,0.115,0.128,0.125,0.108,0.106,0.114,0.114,0.111,0.112,0.115,0.123,0.105,0.105,0.111,0.11,0.11,0.11,0.113,0.115,0.106,0.102,0.107,0.11,0.108,0.105,0.109,0.112,0.103,0.102,0.105,0.106,0.108,0.105,0.108,0.108
4.876111111111111,0.085,0.084,0.109,0.11,0.12,0.12,0.084,0.084,0.109,0.109,0.119,0.12,0.117,0.116,0.13,0.128,0.109,0.107,0.115,0.115,0.112,0.113,0.117,0.124,0.105,0.105,0.112,0.111,0.11,0.11,0.114,0.117,0.106,0.102,0.107,0.111,0.108,0.106,0.11,0.112,0.102,0.102,0.105,0.107,0.109,0.106,0.108,0.109
4.976111111111111,0.085,0.084,0.111,0.112,0.123,0.123,0.084,0.084,0.111,0.111,0.121,0.122,0.119,0.117,0.132,0.129,0.11,0.109,0.117,0.117,0.114,0.114,0.12,0.126,0.106,0.106,0.113,0.112,0.111,0.11,0.115,0.117,0.107,0.103,0.108,0.112,0.109,0.106,0.11,0.113,0.103,0.103,0.106,0.108,0.109,0.106,0.109,0.109
5.0761111111111115,0.085,0.089,0.112,0.114,0.125,0.125,0.084,0.083,0.112,0.112,0.123,0.124,0.121,0.12,0.135,0.132,0.111,0.11,0.118,0.118,0.115,0.115,0.12,0.127,0.107,0.107,0.114,0.113,0.112,0.111,0.116,0.118,0.107,0.104,0.109,0.113,0.109,0.107,0.111,0.114,0.104,0.103,0.107,0.109,0.109,0.107,0.109,0.11
5.176111111111111,0.085,0.084,0.114,0.117,0.129,0.129,0.084,0.083,0.114,0.114,0.126,0.126,0.123,0.121,0.137,0.134,0.112,0.111,0.12,0.12,0.116,0.117,0.121,0.129,0.108,0.108,0.115,0.115,0.113,0.112,0.117,0.12,0.108,0.104,0.11,0.114,0.11,0.107,0.112,0.115,0.105,0.104,0.107,0.109,0.11,0.107,0.11,0.11
5.276111111111111,0.085,0.084,0.118,0.118,0.132,0.133,0.084,0.084,0.118,0.116,0.128,0.128,0.125,0.124,0.14,0.137,0.114,0.112,0.122,0.122,0.12,0.118,0.122,0.13,0.109,0.109,0.116,0.116,0.114,0.113,0.118,0.121,0.109,0.105,0.111,0.115,0.111,0.108,0.113,0.115,0.106,0.105,0.109,0.11,0.11,0.108,0.11,0.111
5.376111111111111,0.085,0.084,0.12,0.121,0.136,0.136,0.084,0.083,0.117,0.118,0.13,0.131,0.127,0.126,0.142,0.139,0.116,0.114,0.123,0.123,0.118,0.118,0.124,0.133,0.11,0.11,0.117,0.117,0.115,0.114,0.12,0.122,0.11,0.106,0.112,0.116,0.111,0.109,0.113,0.116,0.106,0.105,0.109,0.111,0.111,0.108,0.111,0.111
5.476111111111111,0.085,0.084,0.12,0.124,0.139,0.14,0.084,0.083,0.119,0.12,0.133,0.134,0.131,0.128,0.145,0.142,0.117,0.115,0.125,0.126,0.12,0.12,0.126,0.134,0.111,0.111,0.119,0.118,0.116,0.115,0.122,0.123,0.11,0.107,0.113,0.117,0.112,0.109,0.114,0.117,0.106,0.106,0.109,0.112,0.112,0.108,0.111,0.112
5.5761111111111115,0.085,0.084,0.124,0.125,0.144,0.143,0.084,0.084,0.122,0.121,0.136,0.137,0.132,0.131,0.148,0.146,0.118,0.117,0.127,0.128,0.123,0.122,0.128,0.135,0.112,0.112,0.12,0.12,0.117,0.116,0.122,0.124,0.112,0.108,0.114,0.118,0.113,0.11,0.115,0.118,0.107,0.107,0.111,0.113,0.112,0.109,0.112,0.112
5.676111111111111,0.085,0.084,0.126,0.129,0.147,0.149,0.084,0.083,0.123,0.123,0.139,0.14,0.135,0.133,0.152,0.149,0.119,0.118,0.129,0.13,0.123,0.123,0.129,0.137,0.113,0.113,0.121,0.121,0.118,0.117,0.123,0.126,0.112,0.108,0.115,0.119,0.113,0.11,0.116,0.119,0.107,0.107,0.111,0.113,0.112,0.109,0.113,0.113
5.776111111111111,0.085,0.084,0.133,0.133,0.152,0.152,0.084,0.083,0.128,0.126,0.144,0.141,0.137,0.136,0.155,0.152,0.121,0.12,0.131,0.133,0.125,0.125,0.132,0.139,0.114,0.114,0.123,0.122,0.12,0.118,0.124,0.127,0.113,0.109,0.116,0.12,0.114,0.111,0.117,0.12,0.108,0.108,0.112,0.114,0.113,0.11,0.113,0.114
5.876111111111111,0.085,0.084,0.139,0.138,0.159,0.16,0.085,0.083,0.13,0.128,0.15,0.145,0.14,0.138,0.159,0.156,0.122,0.121,0.133,0.136,0.126,0.126,0.134,0.141,0.115,0.115,0.123,0.124,0.12,0.119,0.126,0.128,0.114,0.11,0.116,0.121,0.115,0.112,0.117,0.121,0.109,0.108,0.113,0.115,0.114,0.11,0.114,0.114
5.976111111111111,0.085,0.084,0.137,0.139,0.161,0.164,0.084,0.083,0.131,0.131,0.148,0.15,0.143,0.141,0.164,0.161,0.125,0.123,0.136,0.137,0.128,0.128,0.136,0.143,0.116,0.116,0.125,0.125,0.122,0.12,0.129,0.13,0.115,0.112,0.117,0.122,0.116,0.113,0.119,0.122,0.11,0.109,0.113,0.116,0.114,0.111,0.115,0.115
6.0761111111111115,0.085,0.084,0.146,0.146,0.169,0.169,0.084,0.083,0.136,0.136,0.154,0.152,0.146,0.145,0.167,0.164,0.128,0.125,0.139,0.14,0.13,0.13,0.138,0.146,0.118,0.117,0.127,0.127,0.122,0.122,0.129,0.131,0.116,0.113,0.118,0.123,0.117,0.114,0.12,0.123,0.11,0.11,0.114,0.116,0.115,0.111,0.115,0.116
6.176111111111111,0.085,0.089,0.153,0.147,0.175,0.173,0.084,0.083,0.136,0.136,0.156,0.158,0.151,0.148,0.173,0.17,0.128,0.127,0.14,0.141,0.132,0.132,0.14,0.148,0.119,0.118,0.128,0.128,0.124,0.123,0.13,0.133,0.116,0.113,0.12,0.124,0.117,0.115,0.121,0.124,0.111,0.11,0.115,0.117,0.115,0.112,0.116,0.116
6.276111111111111,0.085,0.084,0.153,0.154,0.193,0.181,0.084,0.084,0.141,0.139,0.16,0.162,0.154,0.152,0.178,0.174,0.13,0.129,0.142,0.145,0.134,0.134,0.144,0.151,0.12,0.12,0.129,0.13,0.126,0.125,0.132,0.134,0.118,0.114,0.12,0.126,0.118,0.116,0.122,0.125,0.111,0.111,0.116,0.118,0.116,0.112,0.117,0.117
6.376111111111111,0.085,0.084,0.15,0.155,0.188,0.189,0.084,0.084,0.143,0.143,0.164,0.167,0.158,0.156,0.184,0.18,0.133,0.131,0.145,0.147,0.136,0.136,0.146,0.153,0.121,0.121,0.131,0.131,0.127,0.125,0.134,0.136,0.119,0.115,0.122,0.127,0.119,0.116,0.123,0.126,0.113,0.112,0.117,0.119,0.116,0.113,0.117,0.118
6.476111111111111,0.085,0.084,0.165,0.164,0.207,0.197,0.084,0.083,0.147,0.146,0.169,0.171,0.163,0.161,0.19,0.185,0.134,0.133,0.147,0.15,0.138,0.138,0.149,0.157,0.123,0.122,0.132,0.133,0.129,0.127,0.136,0.138,0.119,0.116,0.122,0.128,0.12,0.117,0.124,0.127,0.113,0.113,0.118,0.12,0.117,0.113,0.118,0.119
6.5761111111111115,0.085,0.084,0.163,0.169,0.203,0.205,0.084,0.083,0.149,0.15,0.173,0.176,0.168,0.166,0.197,0.192,0.136,0.135,0.15,0.152,0.141,0.141,0.152,0.159,0.124,0.123,0.134,0.134,0.13,0.128,0.138,0.14,0.121,0.117,0.123,0.129,0.121,0.118,0.126,0.128,0.114,0.113,0.118,0.121,0.117,0.114,0.119,0.12
6.676111111111111,0.085,0.084,0.17,0.182,0.211,0.214,0.084,0.083,0.154,0.154,0.178,0.181,0.173,0.171,0.203,0.199,0.139,0.138,0.153,0.156,0.143,0.143,0.155,0.163,0.125,0.125,0.135,0.136,0.132,0.13,0.14,0.142,0.121,0.118,0.125,0.13,0.122,0.119,0.127,0.13,0.115,0.114,0.12,0.122,0.118,0.115,0.12,0.12
6.776111111111111,0.085,0.084,0.184,0.202,0.221,0.223,0.084,0.083,0.159,0.158,0.185,0.186,0.179,0.176,0.21,0.205,0.141,0.14,0.156,0.159,0.146,0.146,0.159,0.175,0.127,0.126,0.137,0.138,0.134,0.132,0.142,0.144,0.122,0.119,0.126,0.132,0.124,0.12,0.128,0.131,0.116,0.115,0.12,0.123,0.119,0.115,0.121,0.121
6.876111111111111,0.085,0.085,0.181,0.186,0.233,0.235,0.084,0.084,0.161,0.162,0.19,0.193,0.185,0.182,0.219,0.213,0.143,0.142,0.159,0.162,0.149,0.149,0.163,0.17,0.128,0.128,0.138,0.14,0.136,0.133,0.146,0.147,0.123,0.12,0.127,0.133,0.125,0.121,0.13,0.135,0.116,0.116,0.121,0.124,0.12,0.116,0.122,0.122
6.976111111111111,0.085,0.084,0.189,0.195,0.244,0.247,0.084,0.083,0.166,0.166,0.195,0.199,0.192,0.188,0.228,0.221,0.146,0.145,0.162,0.165,0.155,0.152,0.166,0.173,0.13,0.129,0.14,0.142,0.137,0.135,0.147,0.149,0.124,0.121,0.128,0.135,0.126,0.122,0.136,0.134,0.117,0.117,0.122,0.125,0.12,0.117,0.123,0.123
7.0761111111111115,0.085,0.084,0.195,0.202,0.254,0.258,0.084,0.083,0.17,0.171,0.202,0.205,0.199,0.196,0.237,0.231,0.148,0.148,0.165,0.168,0.156,0.155,0.171,0.177,0.131,0.13,0.142,0.144,0.14,0.137,0.149,0.152,0.126,0.122,0.129,0.136,0.127,0.123,0.133,0.135,0.118,0.118,0.124,0.126,0.121,0.117,0.123,0.124
7.176111111111111,0.085,0.084,0.206,0.207,0.268,0.271,0.084,0.083,0.175,0.176,0.208,0.213,0.207,0.204,0.247,0.24,0.151,0.15,0.168,0.172,0.159,0.159,0.175,0.181,0.133,0.132,0.144,0.145,0.141,0.139,0.152,0.154,0.127,0.123,0.13,0.137,0.128,0.125,0.134,0.137,0.119,0.118,0.124,0.127,0.122,0.118,0.125,0.125
7.276111111111111,0.085,0.084,0.215,0.221,0.281,0.285,0.085,0.083,0.181,0.181,0.216,0.22,0.214,0.209,0.257,0.248,0.154,0.153,0.172,0.177,0.163,0.162,0.18,0.186,0.134,0.133,0.146,0.147,0.144,0.141,0.155,0.157,0.128,0.124,0.131,0.138,0.13,0.126,0.136,0.138,0.12,0.119,0.125,0.128,0.123,0.119,0.125,0.126
7.376111111111111,0.085,0.084,0.222,0.229,0.294,0.298,0.084,0.084,0.186,0.187,0.223,0.228,0.223,0.219,0.27,0.261,0.157,0.155,0.175,0.179,0.167,0.166,0.184,0.191,0.136,0.135,0.147,0.149,0.146,0.143,0.158,0.16,0.129,0.125,0.133,0.139,0.131,0.127,0.137,0.14,0.12,0.12,0.126,0.129,0.124,0.12,0.126,0.127
7.476111111111111,0.085,0.084,0.234,0.238,0.313,0.313,0.084,0.083,0.191,0.193,0.232,0.236,0.233,0.229,0.282,0.273,0.159,0.159,0.179,0.183,0.172,0.17,0.192,0.196,0.138,0.136,0.149,0.15,0.148,0.146,0.161,0.163,0.13,0.126,0.134,0.141,0.132,0.129,0.139,0.141,0.121,0.12,0.127,0.129,0.125,0.121,0.127,0.128
7.5761111111111115,0.084,0.084,0.27,0.274,0.334,0.331,0.084,0.083,0.199,0.199,0.239,0.245,0.242,0.24,0.292,0.284,0.163,0.162,0.183,0.189,0.176,0.174,0.195,0.201,0.139,0.138,0.151,0.152,0.151,0.148,0.164,0.166,0.131,0.128,0.136,0.142,0.134,0.13,0.145,0.144,0.122,0.122,0.128,0.131,0.126,0.121,0.129,0.129
7.676111111111111,0.086,0.085,0.308,0.323,0.362,0.353,0.084,0.083,0.207,0.207,0.25,0.258,0.254,0.251,0.306,0.297,0.168,0.165,0.188,0.195,0.181,0.179,0.202,0.207,0.14,0.14,0.152,0.155,0.154,0.15,0.168,0.169,0.132,0.13,0.137,0.144,0.135,0.132,0.143,0.146,0.123,0.122,0.128,0.132,0.127,0.123,0.13,0.131
7.776111111111111,0.085,0.085,0.271,0.275,0.367,0.363,0.086,0.083,0.213,0.212,0.258,0.264,0.265,0.263,0.321,0.312,0.169,0.169,0.191,0.199,0.185,0.183,0.208,0.217,0.142,0.141,0.155,0.157,0.173,0.153,0.171,0.172,0.134,0.13,0.138,0.145,0.137,0.133,0.145,0.147,0.124,0.124,0.129,0.133,0.128,0.123,0.131,0.132
7.876111111111111,0.085,0.084,0.281,0.291,0.379,0.383,0.084,0.083,0.219,0.219,0.267,0.274,0.278,0.271,0.338,0.33,0.172,0.171,0.196,0.203,0.191,0.188,0.213,0.219,0.144,0.143,0.157,0.159,0.159,0.155,0.174,0.176,0.135,0.131,0.139,0.146,0.139,0.134,0.147,0.149,0.125,0.124,0.13,0.134,0.129,0.124,0.132,0.133
7.976111111111111,0.085,0.084,0.299,0.307,0.397,0.401,0.084,0.083,0.227,0.228,0.278,0.285,0.291,0.285,0.354,0.346,0.175,0.176,0.2,0.208,0.196,0.194,0.22,0.225,0.145,0.145,0.158,0.161,0.162,0.159,0.178,0.18,0.136,0.132,0.14,0.147,0.14,0.136,0.149,0.151,0.126,0.125,0.131,0.135,0.13,0.125,0.134,0.134
8.07611111111111,0.085,0.084,0.314,0.318,0.418,0.419,0.084,0.084,0.235,0.236,0.288,0.296,0.305,0.298,0.372,0.359,0.179,0.179,0.205,0.213,0.202,0.199,0.228,0.232,0.147,0.146,0.161,0.163,0.165,0.161,0.182,0.183,0.136,0.133,0.141,0.149,0.142,0.137,0.151,0.153,0.127,0.126,0.132,0.135,0.131,0.126,0.135,0.136
8.17611111111111,0.085,0.084,0.329,0.337,0.437,0.443,0.084,0.083,0.244,0.244,0.3,0.308,0.321,0.313,0.389,0.381,0.183,0.183,0.21,0.218,0.208,0.205,0.235,0.239,0.149,0.148,0.163,0.166,0.169,0.165,0.186,0.188,0.138,0.134,0.143,0.15,0.144,0.139,0.153,0.156,0.127,0.127,0.133,0.137,0.132,0.127,0.136,0.137
8.276111111111112,0.085,0.084,0.382,0.372,0.459,0.456,0.084,0.083,0.253,0.255,0.313,0.321,0.338,0.329,0.406,0.395,0.188,0.187,0.215,0.225,0.215,0.222,0.243,0.248,0.151,0.15,0.165,0.168,0.172,0.168,0.19,0.192,0.139,0.136,0.144,0.152,0.146,0.141,0.155,0.158,0.129,0.128,0.134,0.138,0.133,0.128,0.138,0.138
8.376111111111111,0.085,0.085,0.395,0.388,0.483,0.478,0.085,0.083,0.263,0.265,0.325,0.334,0.353,0.345,0.423,0.413,0.192,0.191,0.221,0.231,0.222,0.218,0.251,0.255,0.152,0.152,0.167,0.17,0.176,0.17,0.194,0.196,0.14,0.138,0.145,0.154,0.148,0.142,0.158,0.16,0.13,0.129,0.135,0.139,0.135,0.129,0.139,0.14
8.476111111111111,0.085,0.085,0.408,0.406,0.507,0.506,0.084,0.083,0.273,0.274,0.338,0.349,0.371,0.361,0.442,0.431,0.195,0.195,0.226,0.237,0.229,0.225,0.259,0.263,0.154,0.154,0.169,0.173,0.18,0.209,0.199,0.2,0.142,0.138,0.147,0.155,0.15,0.144,0.16,0.167,0.131,0.129,0.136,0.14,0.135,0.13,0.141,0.141
8.576111111111112,0.085,0.085,0.448,0.439,0.531,0.526,0.084,0.083,0.284,0.287,0.352,0.363,0.388,0.379,0.457,0.449,0.201,0.2,0.232,0.243,0.237,0.233,0.269,0.272,0.157,0.156,0.172,0.176,0.188,0.177,0.203,0.204,0.142,0.139,0.148,0.156,0.152,0.146,0.163,0.165,0.132,0.131,0.137,0.141,0.137,0.131,0.142,0.142
8.676111111111112,0.085,0.084,0.414,0.431,0.55,0.556,0.084,0.084,0.294,0.295,0.363,0.375,0.406,0.396,0.477,0.463,0.205,0.204,0.238,0.249,0.245,0.24,0.28,0.281,0.159,0.157,0.174,0.178,0.187,0.181,0.208,0.209,0.144,0.14,0.149,0.158,0.154,0.148,0.165,0.167,0.132,0.131,0.138,0.141,0.138,0.132,0.143,0.144
8.776111111111112,0.085,0.084,0.439,0.448,0.578,0.58,0.084,0.084,0.305,0.307,0.381,0.389,0.423,0.413,0.493,0.486,0.209,0.21,0.244,0.256,0.253,0.248,0.288,0.29,0.16,0.16,0.176,0.181,0.192,0.185,0.214,0.214,0.145,0.142,0.151,0.16,0.156,0.15,0.167,0.169,0.133,0.132,0.139,0.143,0.139,0.134,0.145,0.146
8.876111111111111,0.085,0.084,0.488,0.486,0.604,0.602,0.084,0.083,0.318,0.324,0.396,0.404,0.44,0.43,0.511,0.497,0.214,0.215,0.251,0.265,0.262,0.257,0.299,0.301,0.162,0.162,0.179,0.184,0.196,0.189,0.219,0.22,0.146,0.144,0.152,0.162,0.158,0.152,0.17,0.172,0.134,0.133,0.14,0.144,0.141,0.135,0.146,0.147
8.976111111111113,0.085,0.084,0.526,0.529,0.627,0.624,0.084,0.083,0.331,0.339,0.413,0.425,0.458,0.447,0.529,0.518,0.221,0.221,0.258,0.273,0.272,0.266,0.31,0.312,0.165,0.164,0.182,0.186,0.201,0.193,0.225,0.225,0.148,0.145,0.154,0.163,0.16,0.154,0.172,0.174,0.135,0.134,0.141,0.145,0.142,0.136,0.148,0.149
9.076111111111112,0.085,0.084,0.542,0.536,0.653,0.642,0.085,0.083,0.344,0.353,0.428,0.441,0.475,0.465,0.546,0.536,0.226,0.226,0.265,0.28,0.282,0.276,0.322,0.323,0.166,0.166,0.184,0.189,0.205,0.201,0.23,0.231,0.149,0.146,0.155,0.165,0.162,0.156,0.175,0.176,0.135,0.135,0.142,0.146,0.144,0.137,0.15,0.151
9.176111111111112,0.085,0.084,0.553,0.55,0.666,0.659,0.084,0.083,0.359,0.366,0.441,0.454,0.492,0.483,0.56,0.55,0.231,0.233,0.273,0.288,0.292,0.285,0.333,0.334,0.169,0.168,0.187,0.192,0.21,0.202,0.236,0.236,0.15,0.147,0.157,0.166,0.165,0.158,0.177,0.179,0.137,0.136,0.143,0.147,0.146,0.138,0.152,0.152
9.276111111111112,0.085,0.084,0.574,0.582,0.687,0.683,0.084,0.083,0.371,0.381,0.455,0.467,0.51,0.5,0.578,0.567,0.237,0.238,0.281,0.296,0.303,0.295,0.346,0.347,0.171,0.17,0.189,0.195,0.215,0.206,0.275,0.243,0.151,0.148,0.158,0.168,0.167,0.16,0.18,0.182,0.138,0.137,0.145,0.148,0.147,0.14,0.153,0.155
9.376111111111111,0.085,0.085,0.591,0.602,0.708,0.703,0.084,0.083,0.39,0.395,0.468,0.479,0.526,0.518,0.593,0.583,0.244,0.244,0.29,0.305,0.315,0.306,0.358,0.358,0.174,0.174,0.192,0.199,0.22,0.211,0.248,0.249,0.153,0.15,0.16,0.17,0.169,0.162,0.183,0.185,0.139,0.138,0.145,0.15,0.148,0.141,0.155,0.156
9.476111111111113,0.085,0.085,0.614,0.624,0.723,0.719,0.084,0.083,0.403,0.41,0.48,0.492,0.544,0.535,0.611,0.6,0.251,0.252,0.299,0.314,0.326,0.318,0.372,0.372,0.175,0.175,0.195,0.202,0.226,0.216,0.256,0.255,0.154,0.151,0.161,0.173,0.172,0.165,0.186,0.188,0.139,0.139,0.146,0.151,0.15,0.143,0.157,0.158
9.576111111111112,0.085,0.085,0.648,0.647,0.739,0.739,0.084,0.083,0.419,0.424,0.491,0.503,0.56,0.552,0.625,0.614,0.258,0.258,0.307,0.325,0.34,0.33,0.384,0.384,0.178,0.178,0.199,0.206,0.231,0.221,0.262,0.262,0.156,0.153,0.163,0.173,0.174,0.167,0.189,0.191,0.14,0.14,0.147,0.152,0.151,0.144,0.158,0.159
9.676111111111112,0.085,0.085,0.67,0.666,0.763,0.752,0.084,0.084,0.434,0.438,0.504,0.515,0.577,0.568,0.641,0.63,0.264,0.265,0.316,0.334,0.351,0.341,0.397,0.396,0.18,0.18,0.201,0.208,0.237,0.226,0.269,0.269,0.157,0.154,0.164,0.175,0.176,0.169,0.191,0.194,0.141,0.141,0.147,0.152,0.153,0.146,0.16,0.162
9.776111111111112,0.085,0.085,0.692,0.689,0.779,0.771,0.084,0.083,0.447,0.451,0.516,0.526,0.592,0.583,0.656,0.646,0.272,0.273,0.325,0.343,0.364,0.354,0.411,0.409,0.183,0.183,0.205,0.212,0.243,0.232,0.276,0.276,0.158,0.155,0.166,0.177,0.179,0.171,0.195,0.196,0.142,0.142,0.149,0.154,0.155,0.147,0.162,0.163
9.876111111111111,0.085,0.085,0.71,0.709,0.793,0.787,0.084,0.084,0.46,0.464,0.526,0.537,0.609,0.6,0.671,0.661,0.279,0.28,0.335,0.353,0.377,0.366,0.424,0.423,0.186,0.185,0.208,0.216,0.249,0.237,0.284,0.283,0.16,0.157,0.168,0.179,0.182,0.174,0.197,0.199,0.143,0.142,0.15,0.155,0.156,0.148,0.164,0.165
9.976111111111113,0.085,0.084,0.727,0.731,0.808,0.803,0.084,0.083,0.471,0.476,0.538,0.548,0.625,0.615,0.686,0.676,0.286,0.288,0.344,0.362,0.391,0.379,0.437,0.439,0.189,0.188,0.211,0.22,0.256,0.243,0.292,0.291,0.161,0.157,0.169,0.181,0.184,0.176,0.201,0.203,0.145,0.144,0.151,0.156,0.158,0.151,0.166,0.167
10.076111111111112,0.085,0.084,0.746,0.751,0.814,0.819,0.084,0.083,0.484,0.488,0.549,0.56,0.641,0.631,0.7,0.691,0.295,0.297,0.354,0.373,0.404,0.392,0.45,0.449,0.191,0.19,0.215,0.224,0.263,0.25,0.3,0.299,0.164,0.159,0.171,0.183,0.187,0.179,0.204,0.205,0.145,0.145,0.152,0.157,0.16,0.151,0.168,0.169
10.176111111111112,0.085,0.084,0.769,0.779,0.814,0.815,0.085,0.083,0.496,0.501,0.56,0.572,0.657,0.647,0.714,0.705,0.304,0.306,0.365,0.384,0.417,0.405,0.462,0.461,0.194,0.194,0.218,0.228,0.27,0.256,0.308,0.307,0.164,0.161,0.173,0.186,0.19,0.181,0.207,0.209,0.146,0.146,0.153,0.158,0.162,0.153,0.169,0.171
10.276111111111112,0.085,0.084,0.783,0.779,0.813,0.814,0.084,0.084,0.508,0.511,0.571,0.582,0.672,0.661,0.727,0.719,0.313,0.314,0.375,0.395,0.43,0.418,0.473,0.473,0.197,0.197,0.222,0.232,0.277,0.263,0.317,0.316,0.166,0.162,0.174,0.188,0.193,0.183,0.21,0.212,0.147,0.147,0.154,0.16,0.163,0.154,0.171,0.172
10.376111111111111,0.085,0.084,0.795,0.8,0.81,0.812,0.084,0.083,0.519,0.523,0.581,0.593,0.686,0.676,0.742,0.733,0.322,0.329,0.386,0.406,0.444,0.431,0.486,0.486,0.199,0.199,0.225,0.236,0.284,0.269,0.326,0.325,0.167,0.164,0.176,0.19,0.196,0.186,0.214,0.215,0.148,0.148,0.155,0.161,0.165,0.155,0.173,0.174
10.476111111111113,0.085,0.085,0.805,0.809,0.806,0.81,0.084,0.083,0.53,0.535,0.593,0.602,0.701,0.692,0.744,0.745,0.332,0.339,0.397,0.418,0.456,0.444,0.498,0.498,0.202,0.202,0.229,0.24,0.293,0.277,0.335,0.334,0.169,0.165,0.178,0.192,0.199,0.188,0.217,0.219,0.149,0.149,0.156,0.162,0.167,0.157,0.175,0.177
10.576111111111112,0.085,0.085,0.81,0.818,0.803,0.807,0.084,0.083,0.542,0.546,0.603,0.613,0.714,0.705,0.743,0.741,0.341,0.349,0.408,0.428,0.468,0.456,0.509,0.509,0.206,0.205,0.234,0.245,0.3,0.284,0.345,0.343,0.171,0.167,0.18,0.194,0.202,0.191,0.221,0.222,0.15,0.15,0.158,0.164,0.169,0.159,0.177,0.179
10.676111111111112,0.085,0.085,0.81,0.817,0.8,0.802,0.084,0.083,0.553,0.557,0.612,0.622,0.727,0.718,0.74,0.738,0.354,0.358,0.418,0.439,0.484,0.468,0.524,0.521,0.209,0.208,0.238,0.249,0.309,0.291,0.354,0.352,0.172,0.168,0.181,0.196,0.205,0.194,0.224,0.226,0.151,0.151,0.158,0.165,0.171,0.16,0.179,0.18
10.776111111111112,0.085,0.084,0.81,0.816,0.798,0.799,0.084,0.083,0.565,0.568,0.622,0.633,0.74,0.732,0.738,0.735,0.365,0.368,0.429,0.45,0.493,0.48,0.533,0.532,0.212,0.212,0.241,0.254,0.317,0.299,0.363,0.361,0.173,0.172,0.183,0.198,0.208,0.197,0.228,0.229,0.152,0.152,0.16,0.166,0.172,0.161,0.181,0.182
10.876111111111111,0.085,0.084,0.806,0.814,0.794,0.796,0.084,0.083,0.576,0.578,0.632,0.641,0.745,0.743,0.737,0.734,0.375,0.378,0.442,0.462,0.505,0.492,0.541,0.542,0.215,0.215,0.245,0.259,0.327,0.307,0.373,0.372,0.176,0.172,0.186,0.201,0.211,0.199,0.23,0.233,0.154,0.153,0.161,0.167,0.174,0.163,0.183,0.185
10.976111111111113,0.086,0.084,0.804,0.813,0.79,0.793,0.085,0.083,0.587,0.589,0.643,0.651,0.744,0.74,0.735,0.732,0.385,0.389,0.454,0.472,0.517,0.504,0.552,0.554,0.219,0.22,0.25,0.264,0.336,0.315,0.384,0.381,0.177,0.173,0.188,0.203,0.214,0.203,0.235,0.237,0.155,0.154,0.162,0.169,0.176,0.166,0.184,0.187
11.076111111111112,0.085,0.085,0.8,0.808,0.788,0.789,0.084,0.083,0.597,0.599,0.651,0.661,0.742,0.739,0.733,0.729,0.394,0.398,0.465,0.481,0.527,0.515,0.563,0.564,0.222,0.222,0.254,0.269,0.345,0.323,0.394,0.391,0.178,0.175,0.19,0.205,0.217,0.205,0.238,0.24,0.155,0.155,0.164,0.17,0.178,0.167,0.186,0.188
11.176111111111112,0.085,0.084,0.798,0.804,0.785,0.786,0.089,0.083,0.607,0.609,0.661,0.671,0.74,0.737,0.73,0.727,0.405,0.409,0.473,0.489,0.539,0.526,0.575,0.575,0.226,0.226,0.259,0.274,0.354,0.332,0.403,0.401,0.18,0.176,0.192,0.208,0.221,0.208,0.242,0.244,0.156,0.157,0.164,0.171,0.18,0.169,0.189,0.191
11.276111111111112,0.085,0.084,0.794,0.801,0.781,0.783,0.084,0.083,0.618,0.62,0.67,0.68,0.737,0.734,0.728,0.724,0.416,0.42,0.484,0.497,0.549,0.536,0.583,0.585,0.229,0.229,0.264,0.279,0.364,0.341,0.413,0.411,0.182,0.178,0.194,0.21,0.224,0.211,0.246,0.248,0.158,0.156,0.166,0.173,0.181,0.17,0.191,0.193
11.376111111111111,0.085,0.085,0.794,0.808,0.784,0.782,0.084,0.083,0.628,0.63,0.679,0.688,0.736,0.733,0.726,0.723,0.427,0.432,0.492,0.507,0.56,0.548,0.592,0.594,0.234,0.233,0.268,0.285,0.374,0.35,0.422,0.42,0.184,0.18,0.195,0.213,0.227,0.215,0.25,0.252,0.159,0.158,0.167,0.174,0.183,0.172,0.193,0.195
11.476111111111113,0.086,0.085,0.795,0.794,0.783,0.779,0.084,0.083,0.637,0.638,0.689,0.688,0.734,0.731,0.725,0.722,0.437,0.441,0.5,0.516,0.571,0.558,0.602,0.604,0.237,0.237,0.273,0.291,0.384,0.362,0.431,0.43,0.185,0.181,0.198,0.216,0.232,0.218,0.254,0.255,0.16,0.159,0.168,0.175,0.185,0.174,0.195,0.197
11.576111111111112,0.085,0.084,0.791,0.792,0.78,0.781,0.084,0.083,0.647,0.648,0.684,0.688,0.731,0.729,0.723,0.719,0.447,0.452,0.509,0.521,0.581,0.568,0.611,0.614,0.241,0.24,0.278,0.296,0.394,0.37,0.44,0.439,0.187,0.184,0.2,0.218,0.235,0.221,0.258,0.26,0.16,0.159,0.17,0.177,0.188,0.175,0.197,0.199
11.676111111111112,0.085,0.085,0.792,0.793,0.781,0.782,0.084,0.083,0.657,0.658,0.684,0.685,0.731,0.728,0.723,0.718,0.458,0.462,0.516,0.531,0.592,0.578,0.62,0.623,0.246,0.246,0.283,0.302,0.404,0.38,0.449,0.447,0.189,0.186,0.202,0.221,0.239,0.224,0.262,0.265,0.161,0.161,0.17,0.178,0.19,0.177,0.199,0.201
11.776111111111112,0.086,0.085,0.788,0.793,0.78,0.779,0.084,0.083,0.667,0.667,0.682,0.684,0.728,0.726,0.721,0.717,0.468,0.471,0.524,0.54,0.602,0.588,0.629,0.631,0.249,0.251,0.288,0.308,0.414,0.389,0.456,0.456,0.19,0.188,0.205,0.224,0.243,0.227,0.267,0.269,0.163,0.162,0.171,0.18,0.191,0.179,0.201,0.203
11.876111111111111,0.085,0.085,0.784,0.786,0.779,0.779,0.084,0.083,0.678,0.677,0.681,0.681,0.727,0.724,0.722,0.719,0.477,0.481,0.532,0.547,0.611,0.598,0.634,0.64,0.253,0.254,0.293,0.315,0.425,0.399,0.464,0.464,0.192,0.19,0.207,0.226,0.247,0.231,0.271,0.272,0.164,0.163,0.173,0.181,0.194,0.18,0.203,0.205
11.976111111111113,0.085,0.085,0.786,0.787,0.776,0.78,0.084,0.083,0.685,0.684,0.679,0.68,0.726,0.722,0.722,0.718,0.486,0.489,0.539,0.555,0.621,0.607,0.631,0.637,0.257,0.259,0.3,0.32,0.434,0.408,0.472,0.472,0.194,0.191,0.209,0.23,0.251,0.235,0.276,0.277,0.165,0.164,0.174,0.183,0.196,0.182,0.205,0.208
12.076111111111112,0.085,0.084,0.781,0.786,0.774,0.776,0.085,0.083,0.687,0.69,0.678,0.678,0.725,0.722,0.723,0.713,0.494,0.496,0.547,0.562,0.63,0.618,0.629,0.634,0.262,0.264,0.304,0.327,0.443,0.417,0.479,0.479,0.196,0.193,0.211,0.232,0.254,0.238,0.28,0.282,0.166,0.165,0.175,0.184,0.197,0.184,0.207,0.209
12.176111111111112,0.085,0.084,0.777,0.784,0.773,0.774,0.084,0.083,0.686,0.687,0.676,0.675,0.726,0.722,0.717,0.713,0.502,0.504,0.554,0.567,0.639,0.625,0.626,0.632,0.267,0.268,0.31,0.333,0.451,0.426,0.486,0.486,0.198,0.195,0.213,0.234,0.259,0.241,0.284,0.286,0.167,0.166,0.176,0.185,0.2,0.185,0.209,0.212
12.276111111111112,0.085,0.084,0.775,0.782,0.771,0.771,0.084,0.083,0.685,0.686,0.675,0.674,0.723,0.721,0.716,0.712,0.509,0.511,0.56,0.576,0.639,0.634,0.625,0.631,0.271,0.271,0.316,0.339,0.46,0.435,0.503,0.494,0.2,0.196,0.216,0.237,0.263,0.245,0.289,0.29,0.168,0.167,0.178,0.186,0.202,0.188,0.212,0.214
12.376111111111111,0.085,0.085,0.771,0.779,0.77,0.77,0.084,0.083,0.683,0.685,0.673,0.674,0.724,0.719,0.718,0.712,0.518,0.519,0.567,0.582,0.638,0.633,0.624,0.631,0.277,0.277,0.323,0.346,0.467,0.444,0.5,0.5,0.202,0.198,0.219,0.24,0.267,0.249,0.294,0.296,0.169,0.168,0.179,0.189,0.204,0.19,0.214,0.218
12.476111111111113,0.085,0.084,0.771,0.777,0.768,0.77,0.084,0.083,0.682,0.682,0.67,0.67,0.723,0.716,0.718,0.711,0.525,0.528,0.574,0.589,0.636,0.631,0.624,0.628,0.281,0.282,0.328,0.353,0.475,0.452,0.507,0.507,0.203,0.2,0.221,0.243,0.272,0.252,0.299,0.299,0.171,0.169,0.18,0.19,0.209,0.192,0.217,0.221
12.576111111111112,0.085,0.085,0.767,0.774,0.766,0.768,0.084,0.083,0.68,0.682,0.669,0.671,0.723,0.717,0.717,0.714,0.532,0.535,0.58,0.595,0.634,0.628,0.621,0.627,0.286,0.288,0.334,0.359,0.483,0.461,0.513,0.514,0.206,0.202,0.224,0.246,0.276,0.257,0.303,0.304,0.171,0.17,0.182,0.192,0.209,0.194,0.219,0.221
12.676111111111112,0.085,0.084,0.767,0.772,0.766,0.765,0.085,0.083,0.678,0.68,0.67,0.667,0.721,0.715,0.715,0.711,0.539,0.542,0.587,0.602,0.632,0.629,0.62,0.626,0.291,0.292,0.34,0.367,0.491,0.469,0.519,0.523,0.208,0.204,0.226,0.249,0.28,0.261,0.308,0.31,0.172,0.171,0.183,0.193,0.212,0.196,0.222,0.224
12.776111111111112,0.085,0.084,0.765,0.772,0.764,0.765,0.084,0.083,0.677,0.679,0.666,0.666,0.72,0.714,0.716,0.71,0.548,0.549,0.592,0.607,0.633,0.626,0.619,0.625,0.296,0.297,0.346,0.373,0.498,0.478,0.526,0.527,0.21,0.206,0.228,0.253,0.285,0.265,0.314,0.315,0.173,0.173,0.184,0.194,0.214,0.197,0.224,0.226
12.876111111111111,0.085,0.085,0.763,0.769,0.764,0.766,0.084,0.084,0.676,0.678,0.666,0.665,0.716,0.713,0.715,0.71,0.554,0.556,0.598,0.612,0.63,0.625,0.622,0.624,0.302,0.302,0.355,0.383,0.505,0.483,0.532,0.533,0.213,0.208,0.231,0.257,0.29,0.269,0.318,0.32,0.174,0.174,0.185,0.196,0.216,0.199,0.226,0.229
12.976111111111113,0.085,0.085,0.763,0.769,0.764,0.763,0.084,0.083,0.674,0.676,0.664,0.664,0.718,0.712,0.714,0.711,0.562,0.562,0.604,0.619,0.629,0.623,0.617,0.623,0.307,0.307,0.361,0.389,0.512,0.491,0.53,0.539,0.214,0.21,0.234,0.26,0.294,0.273,0.325,0.326,0.175,0.175,0.186,0.198,0.218,0.202,0.229,0.232
13.076111111111112,0.085,0.085,0.762,0.769,0.762,0.763,0.084,0.083,0.671,0.674,0.663,0.663,0.717,0.711,0.714,0.71,0.568,0.569,0.611,0.626,0.628,0.622,0.617,0.623,0.312,0.313,0.367,0.396,0.518,0.497,0.528,0.537,0.217,0.213,0.236,0.263,0.299,0.278,0.33,0.331,0.177,0.176,0.187,0.199,0.221,0.204,0.232,0.235
13.176111111111112,0.085,0.084,0.763,0.766,0.761,0.763,0.086,0.083,0.67,0.672,0.664,0.662,0.716,0.711,0.713,0.709,0.575,0.576,0.615,0.63,0.627,0.622,0.616,0.622,0.318,0.318,0.373,0.403,0.525,0.504,0.526,0.534,0.219,0.215,0.239,0.266,0.304,0.282,0.335,0.336,0.178,0.176,0.189,0.201,0.223,0.206,0.234,0.237
13.276111111111112,0.084,0.085,0.76,0.766,0.76,0.761,0.084,0.083,0.668,0.672,0.661,0.661,0.715,0.71,0.713,0.711,0.58,0.582,0.621,0.626,0.626,0.62,0.616,0.621,0.323,0.324,0.38,0.409,0.532,0.51,0.524,0.532,0.221,0.217,0.241,0.269,0.31,0.286,0.341,0.342,0.178,0.178,0.191,0.203,0.226,0.209,0.237,0.24
13.376111111111111,0.085,0.084,0.759,0.767,0.76,0.759,0.084,0.083,0.667,0.67,0.66,0.661,0.714,0.709,0.712,0.709,0.587,0.587,0.62,0.624,0.625,0.619,0.616,0.624,0.329,0.329,0.386,0.416,0.538,0.516,0.522,0.53,0.223,0.219,0.244,0.272,0.315,0.291,0.346,0.347,0.18,0.179,0.192,0.204,0.229,0.21,0.239,0.242
13.476111111111113,0.085,0.085,0.756,0.761,0.76,0.76,0.084,0.084,0.665,0.669,0.658,0.661,0.714,0.71,0.712,0.71,0.592,0.594,0.618,0.623,0.625,0.619,0.616,0.621,0.335,0.335,0.393,0.424,0.542,0.524,0.521,0.529,0.225,0.222,0.247,0.277,0.32,0.296,0.352,0.353,0.181,0.18,0.193,0.206,0.231,0.212,0.241,0.245
13.576111111111112,0.085,0.085,0.757,0.764,0.759,0.76,0.084,0.083,0.665,0.669,0.66,0.66,0.713,0.709,0.711,0.71,0.599,0.6,0.617,0.622,0.624,0.618,0.615,0.621,0.342,0.342,0.399,0.431,0.538,0.529,0.52,0.527,0.227,0.225,0.25,0.28,0.326,0.301,0.358,0.358,0.182,0.182,0.195,0.207,0.234,0.215,0.245,0.247
13.676111111111112,0.085,0.085,0.757,0.761,0.758,0.757,0.084,0.083,0.664,0.667,0.657,0.659,0.713,0.708,0.711,0.708,0.605,0.605,0.614,0.622,0.624,0.618,0.616,0.621,0.348,0.347,0.406,0.436,0.536,0.529,0.517,0.526,0.23,0.226,0.253,0.283,0.331,0.306,0.363,0.364,0.183,0.182,0.196,0.209,0.236,0.217,0.247,0.25
13.776111111111112,0.085,0.085,0.757,0.769,0.759,0.759,0.084,0.083,0.663,0.667,0.656,0.658,0.713,0.708,0.712,0.709,0.612,0.611,0.614,0.62,0.624,0.617,0.618,0.621,0.353,0.353,0.412,0.446,0.534,0.528,0.517,0.524,0.233,0.228,0.256,0.287,0.337,0.311,0.37,0.37,0.185,0.184,0.197,0.21,0.239,0.221,0.251,0.253
13.876111111111111,0.086,0.085,0.757,0.761,0.759,0.758,0.084,0.083,0.662,0.666,0.656,0.656,0.713,0.708,0.712,0.709,0.615,0.617,0.612,0.619,0.624,0.617,0.617,0.622,0.36,0.359,0.419,0.454,0.532,0.525,0.516,0.523,0.235,0.231,0.259,0.291,0.342,0.317,0.375,0.377,0.185,0.185,0.199,0.212,0.242,0.222,0.253,0.257
13.976111111111113,0.085,0.084,0.755,0.765,0.758,0.758,0.084,0.083,0.661,0.665,0.655,0.656,0.713,0.708,0.712,0.71,0.621,0.622,0.611,0.618,0.624,0.617,0.617,0.622,0.366,0.365,0.426,0.46,0.531,0.522,0.514,0.521,0.237,0.233,0.262,0.295,0.349,0.321,0.381,0.382,0.187,0.186,0.2,0.214,0.245,0.225,0.256,0.259
14.076111111111112,0.086,0.085,0.756,0.771,0.759,0.757,0.085,0.083,0.661,0.665,0.654,0.655,0.714,0.708,0.714,0.71,0.618,0.619,0.612,0.617,0.624,0.617,0.618,0.622,0.373,0.372,0.432,0.468,0.529,0.521,0.514,0.521,0.239,0.236,0.265,0.299,0.355,0.327,0.387,0.387,0.188,0.187,0.201,0.215,0.248,0.227,0.259,0.263
14.176111111111112,0.085,0.084,0.755,0.76,0.758,0.757,0.084,0.083,0.66,0.664,0.654,0.655,0.713,0.708,0.712,0.71,0.616,0.617,0.609,0.615,0.624,0.617,0.618,0.623,0.379,0.379,0.439,0.474,0.527,0.52,0.513,0.52,0.242,0.238,0.268,0.302,0.359,0.332,0.393,0.394,0.189,0.188,0.203,0.217,0.251,0.229,0.263,0.265
14.276111111111112,0.085,0.084,0.756,0.758,0.758,0.757,0.084,0.083,0.659,0.663,0.653,0.654,0.714,0.709,0.715,0.71,0.62,0.615,0.608,0.615,0.624,0.618,0.618,0.622,0.386,0.385,0.446,0.481,0.526,0.517,0.512,0.518,0.245,0.241,0.271,0.306,0.366,0.338,0.398,0.399,0.191,0.189,0.204,0.219,0.254,0.232,0.265,0.268
14.376111111111111,0.086,0.085,0.756,0.756,0.758,0.757,0.084,0.083,0.658,0.662,0.652,0.653,0.714,0.709,0.716,0.712,0.614,0.614,0.607,0.612,0.624,0.618,0.618,0.623,0.392,0.391,0.452,0.487,0.525,0.517,0.511,0.518,0.247,0.243,0.274,0.311,0.371,0.344,0.404,0.405,0.19,0.19,0.206,0.22,0.257,0.235,0.268,0.273
14.476111111111113,0.085,0.084,0.755,0.757,0.757,0.757,0.084,0.083,0.657,0.661,0.65,0.652,0.715,0.712,0.715,0.712,0.613,0.613,0.606,0.612,0.624,0.619,0.618,0.623,0.398,0.397,0.459,0.493,0.523,0.515,0.51,0.517,0.249,0.245,0.278,0.314,0.378,0.349,0.409,0.41,0.192,0.192,0.207,0.222,0.261,0.237,0.271,0.274
14.576111111111112,0.086,0.085,0.754,0.76,0.759,0.758,0.084,0.083,0.657,0.661,0.651,0.652,0.715,0.71,0.717,0.713,0.612,0.612,0.606,0.612,0.625,0.619,0.619,0.623,0.405,0.403,0.465,0.5,0.523,0.514,0.51,0.516,0.252,0.248,0.281,0.319,0.385,0.356,0.415,0.415,0.193,0.193,0.208,0.225,0.264,0.24,0.275,0.278
14.676111111111112,0.085,0.085,0.756,0.761,0.76,0.759,0.085,0.083,0.655,0.66,0.65,0.651,0.715,0.71,0.717,0.714,0.611,0.611,0.604,0.611,0.624,0.619,0.619,0.624,0.412,0.41,0.473,0.507,0.522,0.513,0.509,0.516,0.255,0.251,0.284,0.324,0.391,0.362,0.42,0.42,0.195,0.194,0.21,0.226,0.267,0.243,0.279,0.281
14.776111111111112,0.085,0.085,0.754,0.759,0.758,0.757,0.084,0.083,0.655,0.659,0.65,0.651,0.716,0.711,0.717,0.714,0.61,0.61,0.603,0.61,0.625,0.619,0.619,0.624,0.418,0.416,0.479,0.511,0.52,0.511,0.509,0.515,0.258,0.253,0.288,0.328,0.397,0.366,0.426,0.427,0.196,0.195,0.212,0.228,0.27,0.246,0.281,0.284
14.876111111111111,0.085,0.085,0.755,0.766,0.76,0.759,0.084,0.083,0.655,0.659,0.649,0.65,0.716,0.712,0.718,0.715,0.608,0.609,0.603,0.61,0.625,0.619,0.62,0.625,0.425,0.423,0.485,0.517,0.52,0.511,0.509,0.515,0.261,0.256,0.292,0.332,0.403,0.372,0.431,0.431,0.198,0.196,0.212,0.23,0.274,0.249,0.284,0.288
14.976111111111113,0.085,0.085,0.754,0.759,0.758,0.759,0.085,0.083,0.653,0.658,0.649,0.649,0.717,0.712,0.718,0.716,0.608,0.608,0.602,0.609,0.625,0.619,0.62,0.625,0.431,0.43,0.491,0.522,0.519,0.51,0.508,0.514,0.265,0.259,0.295,0.336,0.408,0.378,0.435,0.435,0.198,0.198,0.213,0.231,0.276,0.252,0.288,0.292
15.076111111111112,0.085,0.085,0.754,0.759,0.76,0.759,0.084,0.083,0.653,0.657,0.648,0.649,0.718,0.712,0.721,0.717,0.607,0.608,0.602,0.609,0.625,0.619,0.62,0.626,0.438,0.44,0.498,0.527,0.518,0.509,0.508,0.515,0.267,0.262,0.298,0.34,0.414,0.384,0.439,0.441,0.199,0.199,0.215,0.234,0.28,0.255,0.293,0.295
15.176111111111112,0.085,0.085,0.754,0.76,0.761,0.759,0.084,0.083,0.653,0.656,0.648,0.648,0.719,0.714,0.721,0.725,0.606,0.607,0.603,0.61,0.626,0.619,0.621,0.626,0.444,0.443,0.504,0.531,0.518,0.508,0.508,0.514,0.269,0.264,0.303,0.345,0.42,0.39,0.444,0.445,0.2,0.2,0.217,0.235,0.283,0.257,0.295,0.298
15.276111111111112,0.085,0.085,0.755,0.76,0.761,0.76,0.085,0.083,0.652,0.656,0.648,0.648,0.719,0.714,0.722,0.72,0.605,0.606,0.601,0.608,0.627,0.62,0.622,0.627,0.451,0.449,0.509,0.536,0.517,0.508,0.508,0.514,0.272,0.267,0.307,0.349,0.425,0.395,0.449,0.449,0.201,0.201,0.218,0.237,0.287,0.26,0.299,0.301
15.376111111111111,0.085,0.085,0.756,0.759,0.762,0.761,0.084,0.083,0.652,0.656,0.648,0.648,0.72,0.716,0.723,0.72,0.605,0.606,0.601,0.609,0.627,0.62,0.623,0.627,0.458,0.456,0.515,0.542,0.517,0.507,0.509,0.516,0.275,0.27,0.309,0.354,0.43,0.401,0.453,0.454,0.203,0.202,0.22,0.239,0.29,0.265,0.304,0.305
15.476111111111113,0.085,0.085,0.758,0.76,0.763,0.762,0.085,0.083,0.651,0.655,0.647,0.648,0.722,0.717,0.724,0.721,0.604,0.606,0.6,0.608,0.628,0.621,0.624,0.628,0.465,0.463,0.52,0.546,0.517,0.506,0.509,0.515,0.278,0.273,0.313,0.359,0.435,0.407,0.457,0.458,0.204,0.203,0.221,0.241,0.293,0.268,0.306,0.308
15.576111111111112,0.085,0.085,0.756,0.762,0.765,0.763,0.084,0.083,0.651,0.654,0.647,0.648,0.723,0.718,0.725,0.728,0.604,0.606,0.601,0.609,0.629,0.622,0.624,0.628,0.471,0.47,0.526,0.55,0.517,0.507,0.509,0.515,0.281,0.276,0.317,0.363,0.441,0.413,0.46,0.461,0.205,0.205,0.223,0.244,0.298,0.271,0.31,0.312
15.676111111111112,0.085,0.085,0.757,0.761,0.764,0.763,0.084,0.083,0.65,0.654,0.647,0.648,0.723,0.72,0.727,0.723,0.604,0.605,0.6,0.608,0.629,0.622,0.625,0.633,0.478,0.475,0.53,0.554,0.517,0.506,0.509,0.515,0.284,0.28,0.321,0.368,0.445,0.418,0.461,0.465,0.206,0.206,0.225,0.245,0.302,0.274,0.314,0.316
15.776111111111112,0.085,0.085,0.758,0.763,0.767,0.765,0.084,0.083,0.649,0.654,0.647,0.648,0.724,0.72,0.728,0.727,0.603,0.605,0.601,0.607,0.629,0.622,0.625,0.629,0.484,0.482,0.533,0.558,0.517,0.506,0.511,0.516,0.287,0.282,0.324,0.373,0.45,0.424,0.457,0.464,0.208,0.207,0.226,0.247,0.305,0.277,0.318,0.32
15.876111111111111,0.085,0.085,0.76,0.763,0.767,0.765,0.084,0.083,0.65,0.654,0.647,0.648,0.726,0.721,0.73,0.732,0.604,0.604,0.6,0.607,0.63,0.623,0.626,0.63,0.491,0.488,0.539,0.562,0.518,0.506,0.51,0.516,0.291,0.286,0.329,0.379,0.455,0.428,0.454,0.462,0.209,0.208,0.227,0.249,0.308,0.28,0.323,0.323
15.976111111111113,0.085,0.085,0.759,0.764,0.768,0.766,0.084,0.083,0.649,0.653,0.647,0.648,0.727,0.722,0.731,0.728,0.603,0.604,0.599,0.606,0.63,0.624,0.627,0.631,0.496,0.494,0.543,0.566,0.518,0.507,0.511,0.517,0.294,0.289,0.333,0.382,0.459,0.433,0.451,0.459,0.21,0.209,0.229,0.251,0.313,0.284,0.326,0.327
16.07611111111111,0.085,0.085,0.761,0.765,0.77,0.767,0.085,0.083,0.648,0.653,0.647,0.648,0.728,0.723,0.732,0.728,0.603,0.604,0.599,0.605,0.632,0.625,0.628,0.632,0.502,0.5,0.548,0.567,0.518,0.506,0.511,0.517,0.297,0.292,0.337,0.388,0.465,0.438,0.449,0.456,0.211,0.211,0.231,0.254,0.317,0.287,0.33,0.332
16.176111111111112,0.085,0.085,0.762,0.766,0.771,0.769,0.084,0.083,0.648,0.653,0.647,0.649,0.729,0.725,0.734,0.731,0.603,0.604,0.598,0.605,0.632,0.626,0.629,0.632,0.508,0.506,0.552,0.562,0.519,0.507,0.513,0.518,0.3,0.295,0.342,0.392,0.468,0.443,0.447,0.453,0.213,0.212,0.232,0.255,0.32,0.291,0.335,0.335
16.276111111111113,0.085,0.085,0.763,0.768,0.771,0.77,0.085,0.084,0.648,0.652,0.647,0.649,0.73,0.726,0.735,0.732,0.603,0.604,0.598,0.604,0.633,0.626,0.629,0.633,0.514,0.511,0.556,0.56,0.519,0.507,0.513,0.519,0.303,0.299,0.345,0.397,0.471,0.447,0.444,0.45,0.214,0.213,0.233,0.257,0.324,0.294,0.339,0.339
16.37611111111111,0.085,0.085,0.764,0.768,0.773,0.772,0.085,0.083,0.648,0.652,0.648,0.649,0.732,0.728,0.736,0.742,0.602,0.604,0.597,0.604,0.634,0.627,0.63,0.634,0.52,0.516,0.56,0.559,0.52,0.507,0.513,0.519,0.306,0.302,0.35,0.403,0.47,0.451,0.442,0.447,0.215,0.214,0.235,0.259,0.329,0.298,0.343,0.344
16.476111111111113,0.085,0.085,0.765,0.769,0.776,0.774,0.084,0.083,0.648,0.653,0.649,0.65,0.733,0.729,0.738,0.734,0.602,0.604,0.597,0.603,0.634,0.628,0.631,0.635,0.525,0.521,0.562,0.557,0.52,0.507,0.514,0.52,0.31,0.306,0.355,0.407,0.467,0.456,0.441,0.445,0.217,0.215,0.237,0.262,0.333,0.302,0.347,0.348
16.57611111111111,0.085,0.085,0.767,0.77,0.776,0.773,0.084,0.084,0.648,0.653,0.649,0.65,0.735,0.73,0.739,0.737,0.601,0.603,0.596,0.603,0.635,0.629,0.632,0.636,0.53,0.526,0.557,0.557,0.521,0.508,0.515,0.52,0.314,0.309,0.358,0.412,0.464,0.459,0.438,0.443,0.218,0.217,0.238,0.264,0.337,0.306,0.351,0.351
16.676111111111112,0.085,0.085,0.769,0.772,0.779,0.776,0.084,0.083,0.649,0.654,0.65,0.651,0.737,0.732,0.741,0.738,0.601,0.603,0.596,0.603,0.636,0.63,0.633,0.637,0.537,0.531,0.555,0.556,0.521,0.509,0.516,0.522,0.317,0.313,0.364,0.418,0.461,0.46,0.437,0.442,0.219,0.218,0.24,0.266,0.341,0.31,0.356,0.356
16.776111111111113,0.085,0.085,0.769,0.773,0.779,0.777,0.084,0.084,0.649,0.653,0.65,0.651,0.738,0.733,0.742,0.739,0.6,0.603,0.596,0.602,0.638,0.631,0.634,0.638,0.54,0.536,0.554,0.554,0.522,0.51,0.517,0.522,0.321,0.317,0.369,0.422,0.458,0.457,0.435,0.44,0.22,0.219,0.241,0.268,0.345,0.313,0.359,0.36
16.87611111111111,0.085,0.085,0.772,0.775,0.781,0.778,0.084,0.084,0.649,0.653,0.651,0.651,0.739,0.734,0.744,0.741,0.6,0.603,0.595,0.602,0.638,0.631,0.634,0.639,0.545,0.54,0.553,0.553,0.522,0.51,0.518,0.522,0.325,0.32,0.371,0.426,0.455,0.455,0.433,0.438,0.222,0.221,0.244,0.27,0.35,0.317,0.363,0.364
16.976111111111113,0.085,0.085,0.774,0.776,0.782,0.78,0.084,0.083,0.649,0.654,0.652,0.652,0.741,0.736,0.746,0.743,0.6,0.602,0.595,0.602,0.639,0.632,0.636,0.64,0.549,0.544,0.552,0.553,0.523,0.51,0.518,0.524,0.328,0.324,0.376,0.432,0.453,0.452,0.433,0.438,0.223,0.223,0.245,0.273,0.354,0.322,0.368,0.368
17.07611111111111,0.085,0.085,0.774,0.778,0.784,0.781,0.085,0.084,0.65,0.654,0.652,0.653,0.743,0.738,0.747,0.744,0.599,0.601,0.595,0.601,0.641,0.633,0.637,0.64,0.554,0.548,0.552,0.552,0.524,0.511,0.519,0.524,0.333,0.328,0.382,0.437,0.451,0.449,0.431,0.437,0.224,0.224,0.247,0.275,0.358,0.325,0.372,0.372
17.17611111111111,0.085,0.085,0.776,0.78,0.784,0.783,0.084,0.084,0.65,0.654,0.653,0.653,0.747,0.739,0.749,0.746,0.598,0.601,0.594,0.601,0.641,0.634,0.638,0.642,0.558,0.552,0.549,0.551,0.525,0.512,0.52,0.525,0.336,0.332,0.385,0.441,0.448,0.446,0.43,0.435,0.225,0.226,0.248,0.277,0.362,0.329,0.376,0.375
17.27611111111111,0.085,0.085,0.777,0.781,0.787,0.783,0.084,0.084,0.651,0.655,0.654,0.655,0.746,0.741,0.751,0.748,0.598,0.6,0.594,0.602,0.643,0.635,0.64,0.643,0.562,0.556,0.549,0.551,0.526,0.512,0.521,0.526,0.34,0.335,0.391,0.446,0.447,0.444,0.43,0.434,0.227,0.226,0.25,0.279,0.367,0.332,0.381,0.38
17.37611111111111,0.085,0.085,0.778,0.782,0.789,0.785,0.084,0.084,0.652,0.659,0.655,0.656,0.748,0.743,0.752,0.749,0.598,0.6,0.594,0.601,0.643,0.636,0.64,0.644,0.561,0.556,0.548,0.55,0.526,0.513,0.522,0.527,0.344,0.34,0.395,0.451,0.444,0.442,0.429,0.433,0.228,0.228,0.251,0.282,0.371,0.337,0.385,0.384
17.47611111111111,0.084,0.086,0.78,0.783,0.791,0.788,0.084,0.084,0.653,0.658,0.656,0.656,0.749,0.744,0.754,0.751,0.597,0.6,0.593,0.601,0.644,0.637,0.641,0.645,0.559,0.552,0.547,0.548,0.527,0.514,0.523,0.527,0.348,0.344,0.399,0.456,0.443,0.44,0.429,0.432,0.23,0.229,0.253,0.284,0.375,0.341,0.389,0.388
17.57611111111111,0.085,0.086,0.782,0.785,0.792,0.789,0.084,0.084,0.653,0.656,0.657,0.657,0.751,0.746,0.755,0.756,0.596,0.598,0.593,0.601,0.644,0.637,0.642,0.645,0.556,0.55,0.547,0.548,0.528,0.515,0.524,0.528,0.352,0.347,0.402,0.461,0.442,0.437,0.428,0.431,0.231,0.231,0.255,0.286,0.38,0.345,0.393,0.392
17.67611111111111,0.084,0.086,0.784,0.787,0.794,0.79,0.084,0.084,0.654,0.659,0.657,0.658,0.752,0.747,0.757,0.755,0.597,0.598,0.593,0.601,0.646,0.639,0.644,0.647,0.554,0.549,0.545,0.548,0.529,0.516,0.525,0.53,0.356,0.351,0.408,0.466,0.441,0.436,0.428,0.431,0.231,0.232,0.257,0.288,0.384,0.349,0.397,0.396
17.77611111111111,0.084,0.086,0.786,0.788,0.796,0.792,0.084,0.084,0.654,0.658,0.658,0.659,0.754,0.749,0.759,0.756,0.596,0.598,0.593,0.602,0.647,0.639,0.645,0.648,0.554,0.548,0.545,0.547,0.529,0.516,0.526,0.531,0.36,0.356,0.412,0.471,0.439,0.434,0.427,0.43,0.234,0.233,0.259,0.29,0.388,0.354,0.4,0.4
17.87611111111111,0.085,0.086,0.787,0.79,0.797,0.794,0.084,0.084,0.655,0.661,0.659,0.66,0.755,0.751,0.761,0.758,0.596,0.598,0.593,0.601,0.648,0.641,0.646,0.649,0.552,0.547,0.545,0.547,0.531,0.518,0.527,0.532,0.364,0.36,0.417,0.476,0.439,0.433,0.427,0.43,0.234,0.234,0.26,0.293,0.393,0.358,0.405,0.404
17.97611111111111,0.085,0.086,0.789,0.792,0.798,0.795,0.084,0.084,0.656,0.663,0.661,0.662,0.757,0.753,0.762,0.759,0.596,0.597,0.593,0.601,0.649,0.642,0.647,0.651,0.552,0.546,0.544,0.547,0.531,0.518,0.528,0.533,0.368,0.364,0.422,0.48,0.438,0.432,0.427,0.429,0.235,0.236,0.262,0.295,0.397,0.362,0.408,0.408
18.07611111111111,0.085,0.086,0.79,0.791,0.798,0.796,0.084,0.084,0.657,0.661,0.661,0.662,0.759,0.755,0.763,0.761,0.595,0.597,0.593,0.602,0.65,0.643,0.648,0.652,0.55,0.545,0.543,0.546,0.533,0.519,0.53,0.535,0.372,0.368,0.426,0.485,0.437,0.43,0.426,0.428,0.237,0.237,0.264,0.298,0.402,0.366,0.411,0.412
18.17611111111111,0.085,0.087,0.792,0.794,0.802,0.799,0.084,0.084,0.659,0.667,0.664,0.665,0.761,0.757,0.766,0.764,0.595,0.598,0.593,0.602,0.652,0.645,0.65,0.654,0.55,0.544,0.543,0.546,0.534,0.521,0.531,0.535,0.377,0.373,0.431,0.489,0.438,0.431,0.428,0.43,0.238,0.239,0.265,0.301,0.406,0.371,0.415,0.414
18.27611111111111,0.084,0.086,0.794,0.795,0.802,0.799,0.084,0.085,0.659,0.663,0.664,0.664,0.762,0.757,0.767,0.764,0.595,0.597,0.594,0.603,0.653,0.646,0.65,0.654,0.548,0.543,0.543,0.546,0.535,0.521,0.532,0.536,0.381,0.377,0.436,0.494,0.435,0.429,0.426,0.428,0.24,0.24,0.267,0.304,0.409,0.375,0.418,0.418
18.37611111111111,0.085,0.086,0.796,0.798,0.805,0.802,0.084,0.084,0.661,0.667,0.665,0.669,0.764,0.76,0.767,0.765,0.595,0.597,0.594,0.603,0.655,0.647,0.652,0.656,0.548,0.542,0.542,0.545,0.536,0.522,0.534,0.538,0.385,0.381,0.44,0.499,0.436,0.429,0.428,0.43,0.241,0.242,0.269,0.305,0.415,0.379,0.422,0.424
18.47611111111111,0.085,0.087,0.798,0.798,0.806,0.803,0.084,0.084,0.662,0.669,0.667,0.671,0.765,0.761,0.767,0.765,0.595,0.597,0.594,0.603,0.655,0.648,0.654,0.657,0.547,0.542,0.542,0.545,0.537,0.523,0.536,0.54,0.39,0.386,0.444,0.503,0.437,0.429,0.428,0.43,0.243,0.243,0.271,0.308,0.417,0.383,0.426,0.424
18.57611111111111,0.085,0.087,0.801,0.8,0.807,0.804,0.084,0.084,0.663,0.669,0.668,0.671,0.766,0.762,0.767,0.765,0.595,0.597,0.594,0.603,0.657,0.65,0.655,0.658,0.546,0.542,0.541,0.545,0.539,0.525,0.537,0.542,0.394,0.39,0.449,0.507,0.435,0.427,0.427,0.43,0.244,0.244,0.272,0.311,0.421,0.388,0.429,0.429
18.67611111111111,0.085,0.087,0.8,0.802,0.81,0.806,0.084,0.085,0.664,0.671,0.669,0.673,0.767,0.763,0.768,0.766,0.595,0.598,0.595,0.604,0.659,0.65,0.656,0.66,0.545,0.541,0.541,0.545,0.54,0.526,0.538,0.543,0.399,0.394,0.453,0.512,0.436,0.428,0.428,0.43,0.246,0.246,0.274,0.313,0.425,0.392,0.43,0.431
18.77611111111111,0.085,0.088,0.804,0.803,0.81,0.808,0.084,0.085,0.666,0.673,0.671,0.675,0.767,0.764,0.768,0.765,0.595,0.599,0.595,0.605,0.661,0.652,0.658,0.662,0.545,0.54,0.541,0.544,0.542,0.527,0.539,0.544,0.403,0.398,0.457,0.517,0.436,0.428,0.428,0.43,0.247,0.248,0.276,0.315,0.428,0.396,0.428,0.434
18.87611111111111,0.085,0.088,0.804,0.804,0.811,0.809,0.084,0.085,0.667,0.673,0.672,0.676,0.767,0.764,0.768,0.765,0.596,0.599,0.595,0.605,0.661,0.653,0.659,0.663,0.545,0.54,0.54,0.545,0.543,0.528,0.539,0.545,0.407,0.403,0.462,0.52,0.436,0.428,0.429,0.43,0.248,0.248,0.278,0.319,0.432,0.4,0.426,0.437
18.97611111111111,0.084,0.088,0.807,0.806,0.812,0.811,0.084,0.085,0.668,0.675,0.674,0.677,0.767,0.764,0.768,0.766,0.596,0.599,0.596,0.606,0.663,0.655,0.66,0.664,0.544,0.539,0.54,0.544,0.545,0.529,0.541,0.546,0.411,0.407,0.466,0.525,0.436,0.427,0.429,0.431,0.25,0.251,0.28,0.321,0.436,0.404,0.423,0.437
19.07611111111111,0.085,0.088,0.809,0.809,0.814,0.812,0.084,0.085,0.67,0.678,0.676,0.68,0.768,0.764,0.769,0.766,0.597,0.601,0.596,0.606,0.664,0.656,0.662,0.665,0.543,0.54,0.54,0.545,0.546,0.531,0.542,0.547,0.416,0.413,0.471,0.529,0.437,0.427,0.43,0.432,0.251,0.252,0.282,0.324,0.439,0.408,0.42,0.435
19.17611111111111,0.085,0.088,0.808,0.809,0.813,0.813,0.084,0.085,0.67,0.675,0.676,0.68,0.767,0.764,0.768,0.765,0.595,0.598,0.597,0.606,0.665,0.657,0.663,0.667,0.543,0.538,0.54,0.543,0.547,0.533,0.542,0.548,0.42,0.416,0.474,0.532,0.434,0.426,0.429,0.43,0.252,0.254,0.284,0.326,0.441,0.411,0.415,0.432
19.27611111111111,0.085,0.089,0.82,0.814,0.815,0.815,0.084,0.085,0.673,0.682,0.678,0.683,0.768,0.765,0.768,0.766,0.596,0.601,0.598,0.607,0.667,0.658,0.665,0.669,0.542,0.539,0.541,0.544,0.549,0.534,0.543,0.549,0.425,0.42,0.479,0.536,0.437,0.428,0.432,0.433,0.254,0.255,0.286,0.329,0.444,0.415,0.414,0.429
19.37611111111111,0.085,0.089,0.821,0.818,0.816,0.815,0.084,0.085,0.674,0.681,0.68,0.684,0.768,0.766,0.769,0.766,0.597,0.601,0.598,0.608,0.669,0.659,0.665,0.67,0.542,0.539,0.541,0.543,0.55,0.535,0.544,0.55,0.429,0.425,0.484,0.538,0.435,0.427,0.43,0.432,0.256,0.257,0.288,0.331,0.442,0.419,0.41,0.425
19.47611111111111,0.085,0.09,0.821,0.819,0.815,0.815,0.084,0.085,0.676,0.682,0.68,0.685,0.768,0.766,0.769,0.767,0.597,0.601,0.599,0.608,0.67,0.661,0.667,0.671,0.541,0.537,0.541,0.543,0.55,0.537,0.545,0.551,0.433,0.429,0.487,0.536,0.435,0.427,0.431,0.432,0.258,0.258,0.29,0.336,0.439,0.423,0.409,0.422
19.57611111111111,0.084,0.09,0.822,0.818,0.816,0.816,0.084,0.085,0.677,0.682,0.681,0.685,0.768,0.765,0.769,0.766,0.597,0.601,0.599,0.609,0.671,0.662,0.669,0.672,0.541,0.537,0.54,0.543,0.551,0.537,0.545,0.551,0.438,0.433,0.491,0.533,0.435,0.426,0.431,0.432,0.258,0.259,0.292,0.337,0.435,0.426,0.406,0.418
19.67611111111111,0.085,0.09,0.825,0.827,0.817,0.817,0.084,0.086,0.679,0.689,0.683,0.688,0.769,0.767,0.77,0.768,0.598,0.604,0.601,0.61,0.672,0.664,0.67,0.674,0.541,0.537,0.54,0.543,0.553,0.538,0.546,0.552,0.443,0.438,0.496,0.53,0.437,0.43,0.435,0.434,0.26,0.261,0.293,0.341,0.434,0.43,0.406,0.417
19.77611111111111,0.085,0.091,0.824,0.822,0.818,0.818,0.084,0.086,0.679,0.685,0.685,0.687,0.769,0.766,0.769,0.767,0.598,0.603,0.601,0.61,0.674,0.665,0.672,0.675,0.54,0.536,0.54,0.542,0.553,0.539,0.547,0.553,0.446,0.442,0.5,0.529,0.435,0.427,0.432,0.432,0.261,0.263,0.296,0.343,0.428,0.433,0.402,0.414
19.87611111111111,0.085,0.092,0.827,0.83,0.819,0.819,0.084,0.086,0.682,0.692,0.687,0.689,0.77,0.767,0.771,0.768,0.6,0.606,0.602,0.611,0.675,0.667,0.673,0.677,0.54,0.536,0.54,0.543,0.554,0.54,0.549,0.554,0.45,0.446,0.504,0.528,0.435,0.43,0.436,0.435,0.263,0.264,0.298,0.345,0.428,0.433,0.403,0.414
19.97611111111111,0.085,0.092,0.828,0.827,0.819,0.819,0.084,0.086,0.683,0.69,0.687,0.689,0.77,0.767,0.771,0.767,0.6,0.605,0.603,0.612,0.678,0.667,0.674,0.678,0.54,0.538,0.539,0.542,0.555,0.541,0.549,0.555,0.455,0.451,0.508,0.526,0.435,0.428,0.433,0.434,0.265,0.266,0.299,0.349,0.423,0.431,0.4,0.411
20.07611111111111,0.084,0.093,0.823,0.822,0.82,0.82,0.084,0.087,0.684,0.688,0.684,0.686,0.77,0.767,0.77,0.767,0.6,0.603,0.604,0.613,0.678,0.669,0.675,0.679,0.54,0.536,0.539,0.542,0.556,0.541,0.55,0.555,0.46,0.454,0.511,0.525,0.437,0.426,0.432,0.433,0.266,0.267,0.303,0.351,0.42,0.428,0.398,0.408
20.17611111111111,0.085,0.094,0.83,0.829,0.821,0.821,0.084,0.087,0.688,0.694,0.688,0.69,0.771,0.768,0.771,0.768,0.601,0.606,0.605,0.614,0.679,0.67,0.677,0.681,0.538,0.535,0.539,0.541,0.557,0.542,0.551,0.556,0.463,0.459,0.516,0.525,0.436,0.428,0.434,0.434,0.268,0.27,0.304,0.354,0.42,0.425,0.399,0.408
20.27611111111111,0.084,0.094,0.827,0.825,0.821,0.821,0.084,0.088,0.687,0.691,0.686,0.687,0.77,0.768,0.771,0.768,0.601,0.605,0.605,0.615,0.682,0.672,0.678,0.682,0.538,0.536,0.539,0.541,0.557,0.543,0.552,0.557,0.467,0.464,0.521,0.525,0.437,0.427,0.434,0.434,0.27,0.271,0.306,0.357,0.417,0.422,0.396,0.405
20.37611111111111,0.085,0.095,0.829,0.828,0.822,0.822,0.084,0.087,0.689,0.693,0.687,0.688,0.772,0.768,0.771,0.768,0.602,0.607,0.607,0.617,0.683,0.673,0.68,0.684,0.544,0.536,0.538,0.541,0.558,0.544,0.553,0.558,0.472,0.467,0.523,0.523,0.438,0.428,0.434,0.435,0.271,0.272,0.308,0.359,0.415,0.418,0.395,0.405
20.47611111111111,0.085,0.096,0.832,0.833,0.824,0.823,0.084,0.088,0.691,0.697,0.688,0.69,0.771,0.769,0.772,0.769,0.603,0.609,0.607,0.617,0.684,0.674,0.681,0.685,0.538,0.535,0.538,0.541,0.56,0.545,0.553,0.559,0.475,0.471,0.527,0.522,0.438,0.428,0.435,0.435,0.272,0.274,0.31,0.363,0.416,0.416,0.396,0.405
20.57611111111111,0.085,0.097,0.828,0.828,0.824,0.822,0.084,0.088,0.689,0.693,0.687,0.688,0.772,0.768,0.771,0.769,0.604,0.607,0.609,0.618,0.686,0.676,0.682,0.687,0.538,0.535,0.54,0.541,0.561,0.546,0.555,0.56,0.48,0.475,0.525,0.523,0.439,0.428,0.436,0.436,0.274,0.276,0.313,0.365,0.412,0.413,0.394,0.402
20.67611111111111,0.085,0.098,0.83,0.83,0.825,0.824,0.084,0.089,0.69,0.693,0.686,0.688,0.773,0.769,0.772,0.77,0.605,0.609,0.609,0.619,0.687,0.677,0.684,0.688,0.537,0.534,0.537,0.541,0.561,0.547,0.555,0.56,0.484,0.479,0.524,0.521,0.44,0.429,0.436,0.437,0.276,0.277,0.314,0.369,0.41,0.41,0.393,0.401
20.77611111111111,0.084,0.099,0.83,0.832,0.826,0.824,0.084,0.089,0.69,0.693,0.687,0.688,0.773,0.769,0.773,0.769,0.606,0.61,0.61,0.62,0.688,0.679,0.685,0.689,0.537,0.534,0.537,0.54,0.562,0.547,0.556,0.562,0.487,0.484,0.521,0.52,0.44,0.43,0.437,0.437,0.277,0.279,0.316,0.372,0.41,0.409,0.393,0.401
20.87611111111111,0.085,0.1,0.834,0.836,0.827,0.825,0.084,0.089,0.689,0.697,0.688,0.69,0.774,0.77,0.773,0.771,0.607,0.613,0.612,0.621,0.69,0.681,0.686,0.691,0.538,0.534,0.537,0.54,0.563,0.549,0.557,0.563,0.491,0.487,0.518,0.521,0.441,0.429,0.438,0.438,0.279,0.281,0.319,0.376,0.409,0.408,0.393,0.4
20.97611111111111,0.085,0.102,0.836,0.839,0.828,0.827,0.084,0.09,0.691,0.699,0.69,0.692,0.775,0.771,0.774,0.771,0.611,0.615,0.614,0.623,0.692,0.682,0.688,0.692,0.538,0.534,0.537,0.54,0.564,0.549,0.558,0.564,0.497,0.491,0.518,0.52,0.441,0.43,0.439,0.439,0.28,0.282,0.321,0.378,0.407,0.408,0.392,0.397
21.07611111111111,0.085,0.102,0.833,0.833,0.829,0.827,0.084,0.09,0.689,0.693,0.687,0.689,0.775,0.771,0.774,0.771,0.61,0.613,0.614,0.624,0.693,0.683,0.689,0.694,0.537,0.534,0.536,0.54,0.565,0.55,0.559,0.565,0.499,0.495,0.516,0.52,0.442,0.43,0.439,0.44,0.283,0.284,0.323,0.381,0.407,0.403,0.39,0.398
21.17611111111111,0.085,0.104,0.834,0.836,0.83,0.827,0.084,0.091,0.688,0.694,0.687,0.689,0.776,0.771,0.774,0.772,0.611,0.615,0.616,0.625,0.694,0.685,0.691,0.694,0.536,0.533,0.536,0.539,0.566,0.551,0.56,0.566,0.503,0.499,0.513,0.519,0.443,0.431,0.44,0.44,0.284,0.286,0.325,0.385,0.406,0.403,0.391,0.397
21.27611111111111,0.084,0.106,0.831,0.836,0.829,0.827,0.084,0.092,0.687,0.691,0.686,0.688,0.775,0.772,0.776,0.772,0.611,0.614,0.616,0.626,0.695,0.686,0.692,0.696,0.537,0.534,0.538,0.54,0.567,0.552,0.561,0.566,0.507,0.503,0.512,0.519,0.443,0.432,0.442,0.441,0.285,0.288,0.327,0.387,0.405,0.401,0.389,0.396
21.37611111111111,0.085,0.108,0.835,0.837,0.831,0.828,0.084,0.092,0.687,0.693,0.687,0.69,0.777,0.772,0.776,0.772,0.613,0.617,0.618,0.627,0.696,0.688,0.693,0.698,0.536,0.533,0.537,0.539,0.568,0.553,0.562,0.567,0.51,0.507,0.512,0.519,0.445,0.432,0.442,0.443,0.287,0.289,0.33,0.39,0.403,0.4,0.39,0.395
21.47611111111111,0.085,0.11,0.837,0.84,0.831,0.832,0.084,0.093,0.687,0.694,0.687,0.691,0.777,0.773,0.776,0.773,0.615,0.619,0.62,0.629,0.696,0.689,0.694,0.698,0.535,0.533,0.537,0.539,0.569,0.554,0.563,0.569,0.514,0.511,0.511,0.519,0.446,0.433,0.443,0.443,0.289,0.291,0.332,0.393,0.403,0.4,0.389,0.394
21.57611111111111,0.085,0.112,0.838,0.845,0.833,0.83,0.084,0.093,0.688,0.697,0.689,0.692,0.778,0.774,0.777,0.774,0.618,0.624,0.622,0.63,0.697,0.69,0.694,0.699,0.536,0.533,0.537,0.539,0.57,0.555,0.563,0.569,0.518,0.515,0.51,0.518,0.446,0.434,0.445,0.444,0.29,0.293,0.335,0.396,0.403,0.401,0.389,0.396
21.67611111111111,0.085,0.113,0.835,0.845,0.834,0.83,0.084,0.094,0.688,0.695,0.688,0.691,0.779,0.774,0.778,0.775,0.619,0.624,0.625,0.631,0.697,0.691,0.694,0.699,0.535,0.533,0.536,0.539,0.572,0.556,0.565,0.571,0.522,0.518,0.51,0.519,0.447,0.436,0.445,0.445,0.292,0.294,0.336,0.4,0.403,0.4,0.389,0.394
21.77611111111111,0.085,0.117,0.833,0.844,0.834,0.831,0.084,0.096,0.686,0.693,0.687,0.69,0.78,0.775,0.779,0.775,0.619,0.624,0.626,0.633,0.697,0.692,0.694,0.699,0.534,0.532,0.536,0.539,0.572,0.556,0.566,0.571,0.525,0.521,0.509,0.518,0.448,0.436,0.446,0.447,0.294,0.296,0.34,0.403,0.403,0.398,0.389,0.394
21.87611111111111,0.085,0.119,0.84,0.843,0.835,0.833,0.084,0.096,0.685,0.693,0.688,0.692,0.78,0.776,0.778,0.775,0.62,0.625,0.627,0.634,0.697,0.694,0.695,0.7,0.534,0.533,0.535,0.539,0.573,0.558,0.567,0.572,0.529,0.524,0.508,0.519,0.449,0.437,0.447,0.447,0.296,0.299,0.341,0.406,0.401,0.396,0.388,0.393
21.97611111111111,0.085,0.123,0.838,0.843,0.836,0.832,0.084,0.098,0.684,0.69,0.687,0.691,0.781,0.776,0.779,0.776,0.622,0.625,0.629,0.636,0.698,0.694,0.695,0.699,0.535,0.532,0.536,0.541,0.574,0.559,0.568,0.573,0.529,0.522,0.507,0.519,0.451,0.438,0.448,0.448,0.297,0.3,0.344,0.408,0.401,0.395,0.389,0.393
22.07611111111111,0.085,0.125,0.836,0.841,0.837,0.832,0.084,0.098,0.683,0.688,0.685,0.689,0.781,0.777,0.779,0.778,0.622,0.625,0.629,0.637,0.697,0.694,0.695,0.7,0.535,0.531,0.536,0.538,0.575,0.559,0.569,0.574,0.527,0.52,0.507,0.519,0.451,0.438,0.449,0.45,0.299,0.302,0.346,0.412,0.401,0.394,0.388,0.393
22.17611111111111,0.085,0.128,0.84,0.845,0.837,0.835,0.084,0.099,0.683,0.689,0.686,0.691,0.782,0.777,0.78,0.777,0.624,0.627,0.631,0.639,0.697,0.695,0.695,0.7,0.534,0.532,0.535,0.541,0.576,0.56,0.569,0.575,0.525,0.517,0.506,0.518,0.452,0.439,0.451,0.451,0.301,0.304,0.348,0.415,0.401,0.394,0.389,0.393
22.27611111111111,0.085,0.132,0.84,0.845,0.839,0.836,0.084,0.1,0.682,0.689,0.686,0.692,0.783,0.778,0.781,0.778,0.625,0.629,0.633,0.64,0.697,0.695,0.695,0.701,0.534,0.531,0.535,0.541,0.577,0.561,0.571,0.576,0.523,0.515,0.505,0.519,0.453,0.441,0.451,0.451,0.303,0.306,0.35,0.418,0.4,0.393,0.389,0.393
22.37611111111111,0.085,0.136,0.842,0.848,0.84,0.841,0.084,0.102,0.682,0.691,0.687,0.693,0.784,0.779,0.781,0.779,0.628,0.631,0.635,0.642,0.697,0.695,0.695,0.701,0.533,0.532,0.535,0.542,0.578,0.562,0.572,0.578,0.521,0.514,0.505,0.518,0.455,0.441,0.453,0.453,0.305,0.308,0.353,0.421,0.4,0.393,0.389,0.392
22.47611111111111,0.085,0.141,0.842,0.847,0.839,0.841,0.084,0.103,0.681,0.689,0.686,0.692,0.785,0.779,0.782,0.779,0.628,0.632,0.636,0.643,0.698,0.695,0.695,0.701,0.533,0.533,0.535,0.541,0.579,0.563,0.573,0.578,0.519,0.512,0.507,0.517,0.455,0.442,0.455,0.454,0.306,0.309,0.355,0.424,0.4,0.393,0.39,0.392
22.57611111111111,0.085,0.145,0.844,0.85,0.84,0.842,0.084,0.105,0.682,0.69,0.687,0.694,0.785,0.78,0.783,0.78,0.631,0.634,0.638,0.645,0.697,0.696,0.696,0.701,0.533,0.531,0.535,0.541,0.581,0.564,0.574,0.579,0.519,0.512,0.505,0.518,0.456,0.443,0.456,0.455,0.309,0.311,0.357,0.427,0.4,0.392,0.39,0.393
22.67611111111111,0.084,0.149,0.835,0.844,0.841,0.838,0.084,0.108,0.679,0.685,0.683,0.689,0.786,0.779,0.783,0.78,0.63,0.632,0.637,0.646,0.697,0.695,0.696,0.7,0.533,0.531,0.535,0.541,0.581,0.565,0.574,0.58,0.516,0.51,0.505,0.518,0.457,0.444,0.457,0.457,0.311,0.314,0.36,0.43,0.401,0.391,0.39,0.393
22.77611111111111,0.085,0.154,0.842,0.848,0.843,0.843,0.084,0.108,0.679,0.686,0.685,0.691,0.787,0.781,0.784,0.781,0.632,0.635,0.64,0.648,0.698,0.696,0.696,0.701,0.533,0.53,0.535,0.541,0.583,0.566,0.575,0.581,0.515,0.509,0.504,0.517,0.458,0.446,0.458,0.458,0.312,0.316,0.363,0.433,0.4,0.392,0.391,0.392
22.87611111111111,0.085,0.161,0.846,0.853,0.845,0.845,0.084,0.11,0.68,0.688,0.687,0.694,0.787,0.782,0.785,0.782,0.636,0.639,0.643,0.65,0.698,0.696,0.696,0.701,0.534,0.531,0.535,0.541,0.584,0.567,0.577,0.583,0.515,0.508,0.505,0.517,0.46,0.446,0.459,0.459,0.314,0.317,0.365,0.436,0.4,0.391,0.391,0.393
22.97611111111111,0.085,0.168,0.84,0.853,0.849,0.844,0.084,0.113,0.679,0.688,0.686,0.692,0.79,0.782,0.786,0.783,0.637,0.64,0.645,0.651,0.698,0.696,0.696,0.701,0.533,0.531,0.535,0.541,0.586,0.568,0.578,0.583,0.513,0.508,0.504,0.516,0.461,0.447,0.46,0.46,0.316,0.319,0.368,0.44,0.4,0.39,0.391,0.393
23.07611111111111,0.085,0.176,0.844,0.851,0.844,0.846,0.084,0.115,0.678,0.685,0.685,0.692,0.79,0.784,0.787,0.784,0.638,0.64,0.646,0.653,0.698,0.696,0.696,0.701,0.533,0.53,0.535,0.541,0.586,0.569,0.579,0.585,0.513,0.507,0.504,0.516,0.463,0.449,0.461,0.461,0.318,0.321,0.371,0.443,0.401,0.391,0.391,0.393
23.17611111111111,0.085,0.184,0.849,0.858,0.853,0.85,0.084,0.117,0.679,0.689,0.688,0.696,0.791,0.784,0.787,0.784,0.642,0.645,0.65,0.655,0.699,0.697,0.697,0.702,0.533,0.53,0.535,0.541,0.588,0.571,0.58,0.586,0.512,0.506,0.504,0.516,0.465,0.45,0.463,0.462,0.32,0.324,0.372,0.445,0.401,0.391,0.392,0.394
23.27611111111111,0.085,0.193,0.846,0.854,0.851,0.849,0.084,0.12,0.677,0.684,0.685,0.693,0.792,0.785,0.788,0.785,0.641,0.643,0.649,0.656,0.699,0.697,0.696,0.702,0.533,0.53,0.535,0.541,0.589,0.571,0.581,0.587,0.512,0.505,0.504,0.516,0.465,0.451,0.465,0.464,0.322,0.326,0.375,0.449,0.401,0.391,0.392,0.394
23.37611111111111,0.085,0.202,0.848,0.856,0.85,0.849,0.084,0.122,0.677,0.685,0.686,0.694,0.792,0.785,0.788,0.786,0.643,0.645,0.65,0.656,0.699,0.697,0.697,0.702,0.533,0.53,0.535,0.542,0.59,0.572,0.582,0.587,0.511,0.505,0.504,0.515,0.467,0.452,0.465,0.465,0.324,0.328,0.377,0.453,0.401,0.391,0.393,0.394
23.47611111111111,0.084,0.21,0.845,0.852,0.849,0.848,0.084,0.126,0.675,0.683,0.684,0.692,0.792,0.786,0.789,0.786,0.644,0.647,0.65,0.656,0.699,0.697,0.697,0.702,0.532,0.53,0.536,0.541,0.591,0.573,0.583,0.589,0.51,0.505,0.503,0.515,0.467,0.454,0.466,0.467,0.326,0.329,0.38,0.455,0.402,0.392,0.394,0.395
23.57611111111111,0.085,0.222,0.853,0.861,0.85,0.853,0.084,0.129,0.676,0.688,0.687,0.698,0.794,0.787,0.79,0.788,0.65,0.653,0.652,0.656,0.699,0.697,0.698,0.702,0.532,0.53,0.535,0.542,0.593,0.574,0.584,0.59,0.51,0.504,0.504,0.515,0.47,0.455,0.468,0.468,0.327,0.331,0.382,0.457,0.402,0.392,0.394,0.395
23.67611111111111,0.085,0.231,0.846,0.855,0.853,0.852,0.084,0.133,0.674,0.683,0.684,0.693,0.794,0.788,0.791,0.788,0.65,0.652,0.65,0.655,0.7,0.698,0.697,0.702,0.532,0.53,0.535,0.542,0.593,0.575,0.585,0.591,0.509,0.504,0.503,0.514,0.47,0.456,0.47,0.468,0.329,0.333,0.384,0.46,0.402,0.392,0.395,0.395
23.77611111111111,0.085,0.241,0.851,0.859,0.858,0.855,0.084,0.136,0.675,0.685,0.686,0.696,0.796,0.789,0.792,0.789,0.654,0.655,0.652,0.656,0.7,0.697,0.698,0.703,0.532,0.53,0.536,0.542,0.595,0.576,0.586,0.593,0.509,0.504,0.503,0.513,0.473,0.457,0.471,0.471,0.331,0.336,0.387,0.463,0.403,0.391,0.395,0.396
23.87611111111111,0.085,0.253,0.852,0.861,0.858,0.855,0.084,0.141,0.674,0.684,0.686,0.697,0.797,0.789,0.793,0.79,0.655,0.657,0.652,0.656,0.7,0.698,0.698,0.703,0.532,0.53,0.536,0.547,0.596,0.578,0.588,0.593,0.509,0.504,0.503,0.513,0.473,0.459,0.473,0.472,0.334,0.339,0.39,0.467,0.404,0.392,0.396,0.397
23.97611111111111,0.085,0.265,0.858,0.87,0.864,0.859,0.084,0.145,0.677,0.692,0.69,0.701,0.799,0.792,0.794,0.791,0.661,0.665,0.656,0.657,0.701,0.698,0.699,0.703,0.532,0.53,0.536,0.542,0.6,0.581,0.588,0.595,0.509,0.503,0.502,0.513,0.476,0.46,0.474,0.473,0.335,0.34,0.393,0.469,0.404,0.391,0.396,0.397
24.07611111111111,0.085,0.281,0.85,0.859,0.86,0.857,0.084,0.151,0.673,0.682,0.685,0.695,0.799,0.792,0.795,0.792,0.657,0.657,0.652,0.657,0.701,0.699,0.698,0.704,0.533,0.53,0.536,0.545,0.598,0.58,0.59,0.596,0.509,0.503,0.503,0.512,0.476,0.462,0.475,0.475,0.337,0.342,0.395,0.472,0.405,0.392,0.397,0.398
24.17611111111111,0.085,0.294,0.852,0.861,0.859,0.857,0.084,0.157,0.673,0.682,0.685,0.696,0.8,0.792,0.795,0.792,0.657,0.657,0.653,0.656,0.701,0.698,0.699,0.704,0.532,0.53,0.535,0.542,0.6,0.581,0.591,0.597,0.508,0.503,0.502,0.511,0.477,0.462,0.477,0.476,0.339,0.344,0.397,0.475,0.405,0.393,0.398,0.398
24.27611111111111,0.085,0.309,0.854,0.864,0.863,0.861,0.084,0.164,0.673,0.683,0.686,0.697,0.801,0.793,0.797,0.794,0.658,0.658,0.653,0.656,0.702,0.699,0.7,0.704,0.536,0.53,0.537,0.542,0.6,0.582,0.592,0.597,0.508,0.503,0.502,0.511,0.48,0.464,0.479,0.478,0.341,0.346,0.4,0.477,0.405,0.393,0.399,0.399
24.37611111111111,0.084,0.327,0.853,0.863,0.859,0.858,0.084,0.17,0.672,0.682,0.685,0.696,0.802,0.793,0.796,0.794,0.657,0.657,0.652,0.655,0.701,0.699,0.699,0.704,0.532,0.529,0.536,0.542,0.601,0.583,0.592,0.599,0.508,0.503,0.502,0.511,0.48,0.466,0.48,0.479,0.343,0.349,0.403,0.48,0.406,0.394,0.399,0.4
24.47611111111111,0.085,0.348,0.86,0.87,0.867,0.864,0.084,0.176,0.674,0.685,0.689,0.701,0.803,0.795,0.798,0.795,0.66,0.66,0.654,0.656,0.702,0.699,0.7,0.704,0.532,0.53,0.537,0.543,0.604,0.585,0.594,0.6,0.508,0.503,0.502,0.51,0.483,0.468,0.482,0.481,0.345,0.351,0.405,0.483,0.407,0.394,0.4,0.4
24.57611111111111,0.084,0.361,0.85,0.861,0.86,0.859,0.084,0.185,0.67,0.68,0.684,0.696,0.803,0.795,0.799,0.796,0.656,0.656,0.65,0.655,0.702,0.7,0.7,0.705,0.532,0.53,0.537,0.542,0.603,0.585,0.595,0.6,0.508,0.502,0.501,0.51,0.483,0.468,0.483,0.482,0.348,0.353,0.407,0.485,0.408,0.395,0.401,0.401
24.67611111111111,0.085,0.395,0.859,0.869,0.867,0.865,0.084,0.189,0.672,0.683,0.688,0.702,0.805,0.796,0.8,0.797,0.659,0.659,0.654,0.656,0.702,0.7,0.7,0.705,0.532,0.53,0.537,0.542,0.606,0.587,0.596,0.602,0.507,0.502,0.501,0.51,0.486,0.47,0.485,0.484,0.349,0.354,0.41,0.488,0.409,0.395,0.402,0.402
24.77611111111111,0.084,0.41,0.851,0.863,0.863,0.861,0.084,0.201,0.669,0.68,0.684,0.697,0.805,0.797,0.8,0.797,0.656,0.655,0.651,0.655,0.703,0.7,0.701,0.705,0.533,0.53,0.537,0.543,0.605,0.587,0.597,0.603,0.508,0.503,0.501,0.509,0.486,0.471,0.486,0.485,0.351,0.357,0.413,0.491,0.41,0.396,0.403,0.403
24.87611111111111,0.084,0.435,0.852,0.864,0.865,0.864,0.084,0.208,0.669,0.68,0.685,0.697,0.807,0.799,0.802,0.798,0.656,0.655,0.651,0.655,0.703,0.701,0.7,0.706,0.533,0.53,0.537,0.543,0.607,0.589,0.598,0.604,0.508,0.503,0.5,0.508,0.488,0.472,0.488,0.487,0.353,0.359,0.416,0.493,0.41,0.397,0.404,0.404
24.97611111111111,0.085,0.489,0.862,0.875,0.872,0.866,0.084,0.215,0.672,0.684,0.689,0.703,0.807,0.803,0.804,0.8,0.66,0.658,0.654,0.657,0.704,0.701,0.701,0.706,0.532,0.53,0.538,0.543,0.611,0.591,0.6,0.606,0.507,0.502,0.5,0.508,0.489,0.474,0.49,0.488,0.355,0.362,0.419,0.498,0.411,0.398,0.405,0.405
25.07611111111111,0.085,0.476,0.862,0.871,0.87,0.867,0.084,0.224,0.669,0.681,0.687,0.702,0.809,0.8,0.803,0.8,0.657,0.655,0.652,0.656,0.704,0.7,0.702,0.706,0.532,0.53,0.538,0.544,0.61,0.592,0.601,0.608,0.508,0.502,0.499,0.508,0.491,0.475,0.492,0.49,0.357,0.364,0.42,0.498,0.412,0.398,0.406,0.405
25.17611111111111,0.085,0.518,0.87,0.884,0.876,0.871,0.084,0.235,0.673,0.689,0.692,0.708,0.811,0.803,0.805,0.802,0.661,0.664,0.657,0.659,0.705,0.701,0.702,0.707,0.533,0.531,0.54,0.545,0.616,0.595,0.602,0.609,0.507,0.503,0.501,0.507,0.493,0.478,0.494,0.492,0.36,0.367,0.424,0.502,0.413,0.399,0.407,0.407
25.27611111111111,0.085,0.52,0.86,0.872,0.874,0.871,0.084,0.247,0.669,0.679,0.688,0.701,0.81,0.802,0.806,0.802,0.656,0.655,0.652,0.657,0.704,0.702,0.703,0.707,0.533,0.53,0.539,0.545,0.613,0.594,0.604,0.609,0.507,0.502,0.499,0.507,0.495,0.479,0.496,0.494,0.361,0.368,0.426,0.502,0.414,0.4,0.408,0.408
25.37611111111111,0.085,0.537,0.858,0.87,0.873,0.87,0.084,0.261,0.668,0.679,0.687,0.7,0.811,0.803,0.807,0.803,0.654,0.654,0.652,0.657,0.705,0.702,0.703,0.707,0.533,0.53,0.54,0.546,0.613,0.595,0.605,0.611,0.507,0.502,0.498,0.507,0.496,0.481,0.497,0.495,0.364,0.37,0.429,0.501,0.415,0.401,0.409,0.409
25.47611111111111,0.085,0.555,0.867,0.878,0.877,0.874,0.084,0.277,0.67,0.683,0.691,0.707,0.813,0.805,0.807,0.805,0.657,0.657,0.654,0.658,0.705,0.702,0.703,0.708,0.533,0.53,0.54,0.546,0.618,0.597,0.606,0.612,0.507,0.502,0.498,0.506,0.499,0.482,0.498,0.498,0.366,0.373,0.431,0.498,0.416,0.402,0.41,0.409
25.57611111111111,0.085,0.563,0.862,0.873,0.873,0.871,0.084,0.293,0.667,0.679,0.687,0.702,0.813,0.805,0.808,0.804,0.654,0.653,0.651,0.657,0.705,0.702,0.703,0.708,0.533,0.531,0.54,0.546,0.616,0.597,0.607,0.613,0.508,0.502,0.497,0.505,0.499,0.483,0.497,0.498,0.368,0.375,0.433,0.495,0.417,0.402,0.411,0.411
25.67611111111111,0.085,0.59,0.857,0.871,0.873,0.871,0.084,0.305,0.666,0.678,0.686,0.701,0.815,0.804,0.809,0.805,0.652,0.652,0.649,0.657,0.706,0.703,0.704,0.709,0.533,0.531,0.541,0.547,0.616,0.598,0.608,0.614,0.508,0.502,0.497,0.505,0.5,0.485,0.499,0.499,0.37,0.378,0.436,0.493,0.418,0.403,0.412,0.411
25.77611111111111,0.084,0.6,0.859,0.873,0.875,0.872,0.084,0.323,0.665,0.678,0.686,0.702,0.816,0.806,0.81,0.806,0.652,0.653,0.649,0.657,0.706,0.703,0.704,0.709,0.533,0.532,0.541,0.547,0.617,0.599,0.609,0.616,0.507,0.502,0.496,0.505,0.502,0.486,0.5,0.501,0.372,0.38,0.439,0.492,0.419,0.404,0.413,0.413
25.87611111111111,0.084,0.61,0.858,0.872,0.873,0.87,0.084,0.337,0.664,0.677,0.686,0.702,0.816,0.807,0.811,0.807,0.651,0.651,0.648,0.656,0.706,0.703,0.705,0.709,0.534,0.532,0.542,0.548,0.618,0.599,0.61,0.617,0.508,0.501,0.496,0.504,0.503,0.487,0.501,0.501,0.375,0.382,0.441,0.489,0.42,0.405,0.414,0.414
25.97611111111111,0.085,0.645,0.866,0.878,0.879,0.877,0.084,0.362,0.666,0.679,0.69,0.705,0.817,0.808,0.812,0.809,0.653,0.653,0.651,0.658,0.708,0.704,0.704,0.709,0.534,0.531,0.542,0.55,0.621,0.602,0.612,0.619,0.507,0.501,0.495,0.504,0.505,0.49,0.503,0.503,0.377,0.384,0.444,0.488,0.421,0.406,0.415,0.414
26.07611111111111,0.085,0.671,0.865,0.877,0.879,0.875,0.084,0.376,0.665,0.677,0.688,0.705,0.818,0.809,0.812,0.81,0.651,0.652,0.65,0.657,0.708,0.705,0.705,0.71,0.534,0.532,0.542,0.548,0.621,0.602,0.612,0.619,0.507,0.501,0.495,0.505,0.505,0.491,0.503,0.503,0.378,0.386,0.446,0.486,0.422,0.407,0.417,0.415
26.17611111111111,0.085,0.689,0.865,0.878,0.881,0.878,0.084,0.395,0.665,0.677,0.689,0.705,0.819,0.814,0.813,0.81,0.651,0.651,0.65,0.658,0.709,0.705,0.705,0.71,0.535,0.532,0.543,0.549,0.622,0.604,0.614,0.621,0.507,0.501,0.495,0.503,0.506,0.494,0.504,0.505,0.381,0.389,0.449,0.485,0.423,0.407,0.418,0.417
26.27611111111111,0.085,0.702,0.87,0.883,0.884,0.88,0.084,0.409,0.665,0.679,0.692,0.708,0.82,0.816,0.814,0.811,0.652,0.652,0.651,0.659,0.709,0.705,0.706,0.71,0.535,0.532,0.543,0.553,0.625,0.606,0.615,0.623,0.506,0.5,0.495,0.503,0.508,0.496,0.506,0.505,0.383,0.391,0.452,0.484,0.424,0.408,0.419,0.418
26.37611111111111,0.085,0.72,0.869,0.882,0.885,0.881,0.084,0.425,0.665,0.678,0.692,0.708,0.821,0.817,0.815,0.812,0.651,0.651,0.651,0.659,0.709,0.706,0.706,0.711,0.536,0.533,0.543,0.55,0.625,0.607,0.617,0.624,0.507,0.5,0.495,0.503,0.509,0.497,0.506,0.506,0.386,0.394,0.454,0.483,0.426,0.41,0.42,0.419
26.47611111111111,0.085,0.735,0.869,0.882,0.885,0.882,0.084,0.442,0.665,0.677,0.692,0.708,0.822,0.818,0.816,0.813,0.65,0.65,0.651,0.659,0.71,0.706,0.707,0.711,0.536,0.534,0.544,0.55,0.626,0.608,0.617,0.625,0.506,0.499,0.494,0.502,0.51,0.5,0.508,0.507,0.388,0.395,0.457,0.483,0.427,0.41,0.422,0.42
26.57611111111111,0.085,0.75,0.867,0.881,0.883,0.881,0.084,0.46,0.662,0.676,0.69,0.706,0.823,0.817,0.817,0.814,0.649,0.65,0.649,0.659,0.71,0.706,0.707,0.712,0.536,0.534,0.544,0.551,0.626,0.609,0.619,0.626,0.506,0.499,0.493,0.502,0.51,0.5,0.508,0.508,0.39,0.398,0.459,0.481,0.428,0.412,0.422,0.421
26.67611111111111,0.085,0.766,0.872,0.884,0.886,0.883,0.084,0.479,0.664,0.678,0.693,0.709,0.825,0.819,0.818,0.814,0.649,0.651,0.65,0.66,0.711,0.707,0.708,0.712,0.537,0.534,0.545,0.552,0.629,0.611,0.621,0.627,0.506,0.498,0.493,0.502,0.512,0.502,0.51,0.509,0.392,0.401,0.462,0.481,0.429,0.413,0.424,0.423
26.77611111111111,0.085,0.778,0.87,0.883,0.887,0.879,0.084,0.501,0.663,0.676,0.691,0.709,0.824,0.82,0.819,0.816,0.649,0.649,0.649,0.66,0.711,0.707,0.708,0.713,0.537,0.534,0.547,0.552,0.628,0.612,0.622,0.628,0.505,0.498,0.493,0.501,0.511,0.501,0.509,0.509,0.394,0.403,0.464,0.481,0.431,0.414,0.425,0.424
26.87611111111111,0.084,0.791,0.867,0.88,0.882,0.879,0.084,0.529,0.66,0.675,0.689,0.708,0.825,0.815,0.82,0.816,0.646,0.649,0.646,0.657,0.711,0.707,0.708,0.712,0.537,0.535,0.546,0.552,0.629,0.61,0.622,0.628,0.504,0.498,0.493,0.501,0.513,0.502,0.51,0.51,0.396,0.405,0.466,0.479,0.432,0.415,0.426,0.425
26.97611111111111,0.085,0.804,0.881,0.892,0.891,0.887,0.084,0.551,0.664,0.679,0.696,0.714,0.827,0.822,0.821,0.817,0.65,0.651,0.651,0.661,0.712,0.707,0.709,0.713,0.538,0.535,0.546,0.554,0.635,0.614,0.625,0.631,0.505,0.498,0.492,0.502,0.515,0.506,0.513,0.512,0.399,0.408,0.468,0.479,0.433,0.416,0.427,0.426
27.07611111111111,0.085,0.8,0.873,0.884,0.888,0.885,0.084,0.571,0.661,0.676,0.692,0.71,0.827,0.821,0.821,0.817,0.646,0.648,0.648,0.659,0.712,0.708,0.71,0.713,0.538,0.535,0.546,0.555,0.633,0.615,0.625,0.632,0.504,0.497,0.492,0.501,0.515,0.504,0.512,0.512,0.401,0.41,0.471,0.479,0.434,0.417,0.428,0.427
27.17611111111111,0.085,0.8,0.872,0.885,0.888,0.881,0.084,0.589,0.662,0.676,0.691,0.71,0.828,0.822,0.822,0.819,0.646,0.648,0.648,0.659,0.713,0.709,0.709,0.714,0.539,0.536,0.547,0.555,0.633,0.616,0.626,0.633,0.504,0.497,0.492,0.5,0.516,0.504,0.512,0.512,0.403,0.412,0.473,0.479,0.435,0.418,0.429,0.428
27.27611111111111,0.085,0.796,0.873,0.885,0.888,0.885,0.084,0.608,0.66,0.675,0.692,0.711,0.829,0.823,0.824,0.82,0.644,0.647,0.647,0.659,0.713,0.709,0.71,0.715,0.54,0.537,0.548,0.556,0.634,0.616,0.628,0.633,0.504,0.497,0.492,0.501,0.517,0.507,0.515,0.514,0.406,0.414,0.476,0.478,0.437,0.42,0.431,0.43
27.37611111111111,0.085,0.792,0.877,0.89,0.893,0.89,0.084,0.631,0.661,0.676,0.696,0.712,0.831,0.827,0.824,0.821,0.645,0.648,0.649,0.661,0.714,0.71,0.711,0.715,0.54,0.537,0.548,0.556,0.636,0.62,0.63,0.636,0.503,0.497,0.491,0.5,0.519,0.51,0.517,0.517,0.407,0.417,0.477,0.487,0.438,0.421,0.432,0.431
27.47611111111111,0.085,0.792,0.874,0.887,0.89,0.887,0.084,0.645,0.659,0.675,0.693,0.711,0.83,0.826,0.825,0.822,0.643,0.647,0.646,0.659,0.714,0.71,0.712,0.715,0.54,0.537,0.548,0.557,0.636,0.618,0.63,0.636,0.503,0.496,0.491,0.5,0.519,0.509,0.516,0.516,0.41,0.42,0.48,0.477,0.439,0.421,0.433,0.433
27.57611111111111,0.085,0.789,0.873,0.886,0.886,0.882,0.084,0.662,0.658,0.675,0.692,0.711,0.831,0.823,0.825,0.821,0.642,0.646,0.645,0.658,0.714,0.71,0.711,0.716,0.541,0.538,0.549,0.557,0.638,0.618,0.63,0.636,0.502,0.496,0.491,0.499,0.519,0.508,0.516,0.517,0.412,0.422,0.482,0.477,0.44,0.424,0.435,0.433
27.67611111111111,0.085,0.785,0.878,0.892,0.896,0.892,0.084,0.681,0.661,0.676,0.696,0.713,0.834,0.83,0.827,0.824,0.644,0.647,0.648,0.662,0.716,0.711,0.712,0.716,0.541,0.539,0.55,0.558,0.639,0.623,0.634,0.641,0.503,0.495,0.49,0.499,0.521,0.512,0.52,0.519,0.415,0.425,0.484,0.477,0.442,0.424,0.436,0.434
27.77611111111111,0.085,0.783,0.877,0.891,0.892,0.888,0.084,0.701,0.658,0.675,0.694,0.714,0.834,0.828,0.827,0.824,0.642,0.646,0.646,0.66,0.716,0.711,0.713,0.717,0.542,0.539,0.55,0.559,0.639,0.622,0.634,0.64,0.502,0.495,0.49,0.499,0.522,0.511,0.519,0.519,0.417,0.427,0.487,0.476,0.443,0.425,0.437,0.436
27.87611111111111,0.085,0.779,0.884,0.897,0.898,0.895,0.084,0.717,0.66,0.676,0.699,0.717,0.835,0.831,0.829,0.825,0.644,0.647,0.648,0.662,0.716,0.712,0.713,0.717,0.542,0.539,0.551,0.56,0.641,0.625,0.636,0.642,0.502,0.494,0.49,0.499,0.523,0.514,0.521,0.521,0.419,0.429,0.489,0.476,0.445,0.427,0.439,0.437
27.97611111111111,0.084,0.774,0.876,0.89,0.889,0.884,0.084,0.732,0.657,0.675,0.694,0.715,0.835,0.827,0.829,0.825,0.641,0.645,0.645,0.659,0.717,0.712,0.713,0.718,0.543,0.54,0.551,0.56,0.642,0.622,0.635,0.641,0.501,0.494,0.489,0.498,0.523,0.512,0.521,0.521,0.422,0.432,0.491,0.477,0.446,0.428,0.44,0.438
28.07611111111111,0.085,0.773,0.879,0.893,0.894,0.89,0.084,0.749,0.657,0.674,0.695,0.715,0.835,0.83,0.831,0.826,0.64,0.645,0.645,0.661,0.718,0.712,0.714,0.719,0.543,0.541,0.552,0.561,0.643,0.625,0.637,0.643,0.501,0.494,0.489,0.499,0.525,0.514,0.523,0.522,0.423,0.433,0.492,0.476,0.447,0.429,0.441,0.439
28.17611111111111,0.085,0.774,0.883,0.896,0.899,0.895,0.084,0.763,0.66,0.675,0.699,0.717,0.837,0.833,0.831,0.828,0.641,0.645,0.647,0.662,0.719,0.713,0.715,0.719,0.543,0.541,0.552,0.561,0.644,0.628,0.64,0.646,0.501,0.493,0.488,0.498,0.525,0.516,0.523,0.523,0.426,0.437,0.488,0.476,0.448,0.43,0.442,0.441
28.27611111111111,0.085,0.773,0.881,0.894,0.894,0.89,0.084,0.787,0.657,0.674,0.696,0.716,0.84,0.831,0.831,0.828,0.639,0.645,0.644,0.66,0.718,0.713,0.714,0.719,0.544,0.542,0.553,0.561,0.644,0.626,0.639,0.646,0.5,0.493,0.488,0.497,0.526,0.516,0.524,0.524,0.428,0.438,0.486,0.475,0.45,0.432,0.444,0.442
28.37611111111111,0.085,0.774,0.889,0.902,0.906,0.9,0.084,0.795,0.661,0.675,0.706,0.722,0.847,0.839,0.834,0.83,0.644,0.645,0.651,0.666,0.719,0.714,0.716,0.72,0.545,0.545,0.553,0.563,0.645,0.635,0.644,0.65,0.5,0.493,0.488,0.498,0.528,0.518,0.526,0.525,0.43,0.441,0.485,0.477,0.452,0.433,0.445,0.444
28.47611111111111,0.085,0.772,0.885,0.898,0.9,0.897,0.084,0.799,0.658,0.675,0.7,0.718,0.84,0.835,0.834,0.83,0.64,0.644,0.646,0.663,0.72,0.715,0.715,0.72,0.545,0.543,0.557,0.563,0.646,0.63,0.642,0.648,0.5,0.492,0.487,0.497,0.529,0.518,0.526,0.526,0.433,0.444,0.482,0.476,0.453,0.435,0.447,0.445
28.57611111111111,0.085,0.774,0.884,0.898,0.9,0.896,0.084,0.803,0.657,0.675,0.699,0.718,0.845,0.836,0.834,0.83,0.638,0.644,0.645,0.662,0.72,0.715,0.716,0.72,0.546,0.544,0.554,0.564,0.647,0.632,0.644,0.65,0.5,0.492,0.487,0.497,0.53,0.518,0.526,0.526,0.435,0.446,0.481,0.475,0.454,0.435,0.448,0.446
28.67611111111111,0.084,0.763,0.884,0.897,0.897,0.893,0.084,0.8,0.655,0.674,0.699,0.719,0.844,0.835,0.834,0.831,0.638,0.643,0.644,0.661,0.721,0.715,0.717,0.721,0.546,0.544,0.555,0.564,0.647,0.631,0.644,0.65,0.499,0.492,0.487,0.497,0.531,0.519,0.527,0.527,0.437,0.448,0.478,0.476,0.455,0.437,0.449,0.448
28.77611111111111,0.085,0.763,0.886,0.899,0.901,0.897,0.084,0.8,0.656,0.674,0.699,0.719,0.845,0.837,0.836,0.832,0.637,0.643,0.645,0.663,0.721,0.716,0.717,0.721,0.548,0.545,0.556,0.565,0.648,0.633,0.644,0.65,0.498,0.492,0.487,0.497,0.532,0.521,0.529,0.529,0.441,0.451,0.478,0.476,0.457,0.438,0.451,0.449
28.87611111111111,0.085,0.762,0.886,0.898,0.906,0.896,0.084,0.794,0.661,0.674,0.703,0.72,0.852,0.844,0.838,0.834,0.64,0.643,0.646,0.667,0.723,0.716,0.718,0.723,0.55,0.548,0.557,0.567,0.649,0.639,0.647,0.652,0.498,0.491,0.487,0.497,0.533,0.521,0.529,0.53,0.442,0.453,0.476,0.477,0.457,0.44,0.452,0.45
28.97611111111111,0.085,0.759,0.889,0.902,0.903,0.899,0.084,0.791,0.656,0.675,0.702,0.721,0.848,0.84,0.838,0.834,0.637,0.643,0.645,0.663,0.722,0.717,0.718,0.723,0.548,0.547,0.557,0.567,0.648,0.636,0.646,0.652,0.498,0.491,0.487,0.496,0.534,0.523,0.531,0.531,0.444,0.456,0.474,0.478,0.46,0.441,0.454,0.452
29.07611111111111,0.085,0.76,0.905,0.916,0.911,0.905,0.084,0.786,0.66,0.677,0.712,0.73,0.853,0.844,0.838,0.835,0.642,0.643,0.652,0.667,0.723,0.718,0.719,0.723,0.549,0.549,0.558,0.567,0.65,0.642,0.648,0.655,0.497,0.491,0.487,0.496,0.535,0.524,0.532,0.532,0.447,0.458,0.473,0.477,0.462,0.442,0.455,0.453
29.17611111111111,0.085,0.755,0.889,0.902,0.901,0.897,0.084,0.785,0.655,0.675,0.702,0.722,0.849,0.839,0.839,0.835,0.636,0.642,0.644,0.663,0.723,0.718,0.719,0.723,0.55,0.548,0.559,0.568,0.649,0.638,0.646,0.652,0.497,0.49,0.487,0.496,0.536,0.524,0.532,0.532,0.449,0.46,0.472,0.476,0.462,0.444,0.456,0.454
29.27611111111111,0.085,0.756,0.891,0.904,0.903,0.9,0.084,0.783,0.655,0.674,0.703,0.723,0.851,0.841,0.84,0.837,0.636,0.642,0.644,0.664,0.724,0.718,0.719,0.724,0.55,0.549,0.559,0.569,0.649,0.638,0.647,0.653,0.497,0.49,0.487,0.495,0.537,0.525,0.533,0.534,0.451,0.463,0.472,0.477,0.463,0.445,0.458,0.456
29.37611111111111,0.084,0.753,0.89,0.903,0.9,0.895,0.084,0.78,0.653,0.674,0.702,0.723,0.849,0.839,0.841,0.837,0.635,0.642,0.643,0.662,0.724,0.718,0.72,0.724,0.552,0.549,0.563,0.569,0.65,0.639,0.645,0.652,0.497,0.489,0.486,0.495,0.538,0.525,0.534,0.535,0.454,0.465,0.47,0.477,0.465,0.446,0.459,0.457
29.47611111111111,0.085,0.752,0.895,0.907,0.909,0.905,0.084,0.779,0.656,0.676,0.707,0.726,0.854,0.845,0.841,0.838,0.635,0.642,0.646,0.666,0.725,0.72,0.721,0.725,0.551,0.551,0.561,0.57,0.65,0.643,0.648,0.655,0.496,0.49,0.487,0.497,0.539,0.527,0.535,0.536,0.456,0.467,0.47,0.478,0.467,0.448,0.46,0.458
29.57611111111111,0.085,0.751,0.894,0.907,0.907,0.902,0.084,0.773,0.654,0.675,0.706,0.725,0.855,0.845,0.842,0.839,0.634,0.641,0.644,0.665,0.726,0.72,0.721,0.726,0.552,0.551,0.562,0.572,0.65,0.643,0.649,0.655,0.496,0.49,0.487,0.497,0.54,0.528,0.536,0.536,0.459,0.469,0.469,0.478,0.468,0.449,0.461,0.459
29.67611111111111,0.085,0.75,0.896,0.908,0.911,0.906,0.084,0.77,0.654,0.675,0.708,0.726,0.856,0.847,0.844,0.841,0.634,0.64,0.645,0.667,0.728,0.72,0.722,0.726,0.552,0.552,0.562,0.573,0.651,0.644,0.649,0.655,0.495,0.489,0.486,0.498,0.541,0.53,0.537,0.537,0.461,0.472,0.469,0.477,0.469,0.45,0.463,0.461
29.77611111111111,0.085,0.748,0.895,0.907,0.904,0.899,0.084,0.767,0.652,0.675,0.706,0.726,0.854,0.844,0.844,0.841,0.633,0.641,0.643,0.664,0.728,0.72,0.722,0.726,0.553,0.552,0.566,0.573,0.651,0.643,0.648,0.654,0.495,0.489,0.486,0.496,0.542,0.53,0.538,0.539,0.463,0.474,0.467,0.478,0.471,0.451,0.464,0.462
29.87611111111111,0.084,0.746,0.896,0.907,0.907,0.903,0.084,0.766,0.653,0.675,0.707,0.727,0.856,0.845,0.845,0.841,0.633,0.641,0.644,0.665,0.728,0.721,0.723,0.727,0.553,0.552,0.564,0.574,0.651,0.644,0.648,0.655,0.495,0.488,0.486,0.496,0.543,0.531,0.539,0.54,0.465,0.477,0.467,0.477,0.472,0.453,0.465,0.463
29.97611111111111,0.085,0.745,0.897,0.909,0.907,0.903,0.084,0.761,0.652,0.675,0.708,0.728,0.857,0.847,0.845,0.842,0.633,0.64,0.644,0.666,0.728,0.722,0.723,0.727,0.554,0.553,0.564,0.575,0.651,0.644,0.648,0.655,0.495,0.488,0.486,0.496,0.544,0.532,0.54,0.54,0.467,0.478,0.466,0.478,0.474,0.455,0.467,0.465
30.07611111111111,0.085,0.745,0.899,0.91,0.913,0.908,0.084,0.759,0.653,0.675,0.71,0.729,0.859,0.85,0.847,0.843,0.632,0.64,0.644,0.667,0.73,0.723,0.724,0.728,0.555,0.554,0.565,0.575,0.651,0.646,0.65,0.656,0.495,0.488,0.487,0.497,0.545,0.532,0.541,0.541,0.469,0.481,0.466,0.478,0.475,0.455,0.469,0.466
30.17611111111111,0.085,0.753,0.898,0.909,0.906,0.898,0.084,0.757,0.653,0.674,0.711,0.729,0.858,0.849,0.846,0.844,0.632,0.64,0.643,0.666,0.73,0.723,0.724,0.729,0.558,0.554,0.566,0.577,0.651,0.645,0.649,0.654,0.495,0.488,0.486,0.494,0.546,0.533,0.541,0.542,0.472,0.483,0.465,0.478,0.476,0.457,0.47,0.467
30.27611111111111,0.085,0.743,0.899,0.911,0.908,0.903,0.084,0.754,0.651,0.676,0.709,0.729,0.859,0.848,0.847,0.845,0.631,0.64,0.644,0.666,0.73,0.722,0.725,0.729,0.556,0.555,0.567,0.577,0.651,0.645,0.649,0.655,0.495,0.488,0.486,0.494,0.548,0.535,0.543,0.544,0.474,0.485,0.464,0.477,0.478,0.459,0.471,0.469
30.37611111111111,0.085,0.744,0.903,0.914,0.916,0.911,0.084,0.761,0.653,0.676,0.713,0.731,0.863,0.853,0.849,0.846,0.631,0.64,0.644,0.669,0.733,0.723,0.726,0.73,0.556,0.557,0.567,0.578,0.652,0.648,0.651,0.658,0.495,0.489,0.487,0.496,0.548,0.536,0.544,0.544,0.476,0.487,0.464,0.478,0.48,0.46,0.472,0.471
30.47611111111111,0.085,0.744,0.905,0.915,0.92,0.914,0.084,0.76,0.655,0.676,0.718,0.733,0.866,0.858,0.85,0.847,0.631,0.64,0.647,0.672,0.734,0.727,0.726,0.73,0.557,0.558,0.569,0.579,0.652,0.652,0.653,0.66,0.494,0.49,0.489,0.498,0.549,0.538,0.545,0.546,0.478,0.488,0.464,0.478,0.48,0.461,0.474,0.472
30.57611111111111,0.085,0.743,0.905,0.916,0.921,0.916,0.084,0.76,0.655,0.677,0.719,0.733,0.866,0.857,0.852,0.848,0.631,0.639,0.646,0.672,0.735,0.725,0.727,0.73,0.558,0.559,0.569,0.58,0.653,0.651,0.653,0.659,0.494,0.49,0.489,0.496,0.55,0.538,0.546,0.546,0.48,0.488,0.463,0.477,0.483,0.463,0.475,0.473
30.67611111111111,0.085,0.744,0.907,0.917,0.924,0.917,0.084,0.76,0.656,0.676,0.724,0.738,0.869,0.86,0.858,0.849,0.632,0.639,0.651,0.674,0.736,0.728,0.728,0.732,0.558,0.561,0.57,0.58,0.653,0.655,0.654,0.661,0.494,0.491,0.49,0.498,0.552,0.539,0.546,0.547,0.482,0.485,0.463,0.477,0.484,0.465,0.477,0.474
30.77611111111111,0.084,0.741,0.904,0.915,0.908,0.902,0.084,0.759,0.648,0.676,0.713,0.733,0.86,0.849,0.852,0.848,0.629,0.638,0.643,0.666,0.732,0.725,0.727,0.731,0.559,0.558,0.57,0.581,0.653,0.647,0.649,0.655,0.494,0.486,0.484,0.492,0.552,0.539,0.548,0.548,0.484,0.484,0.463,0.477,0.486,0.466,0.478,0.475
30.87611111111111,0.085,0.742,0.906,0.918,0.917,0.911,0.084,0.756,0.65,0.676,0.715,0.733,0.866,0.856,0.853,0.85,0.629,0.638,0.644,0.67,0.735,0.726,0.728,0.732,0.562,0.561,0.572,0.582,0.654,0.648,0.651,0.658,0.494,0.488,0.486,0.492,0.554,0.541,0.549,0.548,0.485,0.481,0.462,0.476,0.486,0.467,0.479,0.477
30.97611111111111,0.085,0.741,0.907,0.918,0.915,0.91,0.084,0.754,0.65,0.676,0.715,0.734,0.865,0.855,0.853,0.851,0.628,0.638,0.644,0.669,0.735,0.726,0.728,0.732,0.56,0.561,0.573,0.584,0.653,0.647,0.65,0.658,0.494,0.487,0.484,0.492,0.555,0.542,0.55,0.551,0.484,0.479,0.462,0.476,0.488,0.468,0.481,0.478
31.07611111111111,0.085,0.742,0.907,0.919,0.915,0.909,0.084,0.753,0.649,0.676,0.716,0.735,0.866,0.856,0.854,0.851,0.628,0.638,0.643,0.669,0.735,0.728,0.729,0.733,0.561,0.561,0.573,0.584,0.653,0.647,0.651,0.658,0.493,0.487,0.484,0.492,0.556,0.543,0.551,0.551,0.483,0.477,0.462,0.475,0.49,0.47,0.482,0.479
31.17611111111111,0.085,0.74,0.908,0.919,0.916,0.909,0.084,0.751,0.649,0.676,0.717,0.735,0.867,0.857,0.855,0.853,0.628,0.637,0.643,0.669,0.737,0.729,0.73,0.733,0.562,0.562,0.574,0.585,0.655,0.648,0.651,0.658,0.493,0.487,0.483,0.491,0.557,0.544,0.552,0.553,0.481,0.475,0.461,0.476,0.491,0.471,0.484,0.481
31.27611111111111,0.085,0.742,0.91,0.921,0.919,0.914,0.084,0.748,0.65,0.676,0.718,0.736,0.869,0.86,0.857,0.853,0.627,0.637,0.644,0.671,0.737,0.73,0.73,0.734,0.563,0.563,0.575,0.586,0.654,0.647,0.653,0.659,0.493,0.486,0.483,0.491,0.558,0.544,0.552,0.554,0.479,0.474,0.46,0.475,0.492,0.473,0.485,0.483
31.37611111111111,0.085,0.742,0.912,0.922,0.918,0.912,0.084,0.749,0.649,0.677,0.719,0.737,0.87,0.86,0.857,0.854,0.627,0.637,0.644,0.671,0.738,0.73,0.73,0.734,0.563,0.564,0.576,0.587,0.655,0.648,0.652,0.659,0.493,0.486,0.482,0.491,0.558,0.546,0.554,0.555,0.477,0.473,0.46,0.474,0.494,0.474,0.486,0.484
31.47611111111111,0.085,0.742,0.913,0.923,0.923,0.917,0.084,0.747,0.649,0.677,0.72,0.738,0.872,0.862,0.863,0.855,0.626,0.637,0.644,0.672,0.739,0.731,0.731,0.735,0.564,0.566,0.576,0.588,0.655,0.648,0.653,0.66,0.492,0.486,0.482,0.491,0.56,0.547,0.555,0.555,0.475,0.471,0.46,0.474,0.495,0.475,0.487,0.485
31.57611111111111,0.085,0.742,0.912,0.923,0.917,0.912,0.084,0.745,0.647,0.677,0.72,0.738,0.87,0.861,0.857,0.856,0.626,0.637,0.644,0.671,0.739,0.731,0.731,0.736,0.564,0.565,0.577,0.589,0.656,0.648,0.652,0.658,0.492,0.484,0.481,0.49,0.561,0.548,0.556,0.556,0.474,0.471,0.46,0.473,0.497,0.476,0.489,0.487
31.67611111111111,0.085,0.742,0.915,0.925,0.931,0.925,0.084,0.75,0.653,0.677,0.728,0.741,0.875,0.868,0.865,0.858,0.627,0.637,0.646,0.677,0.741,0.733,0.733,0.736,0.565,0.568,0.578,0.59,0.656,0.65,0.656,0.662,0.492,0.488,0.482,0.49,0.562,0.549,0.557,0.557,0.472,0.469,0.46,0.473,0.498,0.478,0.491,0.488
31.77611111111111,0.085,0.742,0.915,0.925,0.924,0.918,0.084,0.744,0.648,0.677,0.723,0.74,0.873,0.865,0.865,0.857,0.625,0.636,0.644,0.674,0.741,0.733,0.733,0.736,0.566,0.568,0.579,0.591,0.656,0.648,0.654,0.661,0.491,0.484,0.481,0.49,0.564,0.55,0.558,0.559,0.47,0.468,0.459,0.472,0.499,0.479,0.492,0.489
31.87611111111111,0.085,0.74,0.915,0.925,0.919,0.913,0.084,0.744,0.647,0.677,0.722,0.74,0.873,0.863,0.864,0.858,0.625,0.636,0.643,0.671,0.741,0.733,0.732,0.737,0.566,0.567,0.58,0.592,0.656,0.649,0.653,0.66,0.491,0.482,0.48,0.49,0.564,0.55,0.559,0.559,0.47,0.468,0.46,0.472,0.501,0.481,0.493,0.49
31.97611111111111,0.085,0.74,0.916,0.926,0.918,0.911,0.084,0.742,0.646,0.678,0.722,0.74,0.872,0.861,0.861,0.858,0.625,0.636,0.643,0.671,0.74,0.732,0.733,0.737,0.567,0.567,0.581,0.593,0.656,0.648,0.652,0.658,0.491,0.482,0.481,0.489,0.565,0.552,0.56,0.56,0.469,0.467,0.459,0.471,0.503,0.482,0.494,0.492
32.07611111111111,0.085,0.744,0.916,0.927,0.922,0.914,0.084,0.741,0.647,0.678,0.724,0.742,0.874,0.865,0.862,0.86,0.624,0.636,0.644,0.672,0.742,0.734,0.734,0.738,0.568,0.569,0.582,0.594,0.657,0.648,0.653,0.66,0.492,0.482,0.481,0.489,0.567,0.553,0.561,0.561,0.468,0.466,0.459,0.47,0.503,0.483,0.495,0.493
32.17611111111111,0.085,0.739,0.916,0.926,0.919,0.913,0.084,0.741,0.646,0.678,0.724,0.742,0.874,0.863,0.865,0.86,0.624,0.636,0.643,0.672,0.741,0.734,0.734,0.739,0.569,0.569,0.582,0.594,0.657,0.649,0.653,0.659,0.491,0.482,0.48,0.489,0.567,0.553,0.561,0.563,0.467,0.465,0.459,0.47,0.506,0.484,0.497,0.494
32.27611111111111,0.085,0.743,0.919,0.929,0.927,0.921,0.084,0.741,0.647,0.678,0.727,0.743,0.878,0.87,0.869,0.861,0.624,0.636,0.644,0.675,0.744,0.736,0.735,0.739,0.569,0.572,0.584,0.596,0.658,0.649,0.655,0.662,0.493,0.482,0.48,0.489,0.569,0.555,0.563,0.564,0.467,0.465,0.458,0.47,0.508,0.486,0.498,0.496
32.37611111111111,0.085,0.747,0.92,0.93,0.93,0.925,0.084,0.739,0.648,0.679,0.728,0.744,0.879,0.872,0.871,0.863,0.624,0.635,0.644,0.677,0.745,0.736,0.736,0.74,0.57,0.574,0.585,0.597,0.658,0.65,0.656,0.663,0.493,0.482,0.48,0.489,0.57,0.556,0.564,0.565,0.466,0.463,0.458,0.469,0.509,0.488,0.5,0.497
32.47611111111111,0.085,0.744,0.919,0.929,0.923,0.915,0.084,0.74,0.645,0.679,0.727,0.744,0.877,0.867,0.869,0.863,0.623,0.635,0.644,0.674,0.744,0.735,0.736,0.74,0.571,0.572,0.585,0.598,0.658,0.65,0.653,0.66,0.49,0.481,0.48,0.489,0.571,0.557,0.565,0.566,0.465,0.463,0.458,0.469,0.51,0.489,0.501,0.499
32.57611111111111,0.085,0.744,0.92,0.93,0.924,0.916,0.084,0.741,0.645,0.679,0.728,0.744,0.877,0.868,0.87,0.864,0.622,0.635,0.643,0.674,0.745,0.736,0.737,0.741,0.572,0.573,0.586,0.599,0.657,0.649,0.654,0.66,0.49,0.481,0.479,0.489,0.572,0.558,0.566,0.566,0.464,0.462,0.458,0.469,0.511,0.491,0.503,0.499
32.67611111111111,0.085,0.748,0.922,0.931,0.928,0.922,0.084,0.739,0.646,0.679,0.731,0.745,0.882,0.872,0.867,0.864,0.623,0.635,0.644,0.677,0.747,0.738,0.738,0.741,0.573,0.575,0.587,0.6,0.659,0.65,0.657,0.662,0.491,0.48,0.48,0.489,0.573,0.559,0.567,0.567,0.463,0.462,0.458,0.468,0.512,0.491,0.504,0.502
32.77611111111111,0.085,0.744,0.923,0.932,0.93,0.924,0.084,0.739,0.646,0.68,0.731,0.746,0.883,0.874,0.874,0.865,0.622,0.635,0.644,0.678,0.748,0.739,0.738,0.742,0.574,0.576,0.588,0.601,0.659,0.651,0.657,0.663,0.491,0.48,0.48,0.489,0.574,0.56,0.568,0.569,0.463,0.461,0.458,0.467,0.514,0.493,0.506,0.503
32.87611111111111,0.085,0.746,0.922,0.932,0.933,0.921,0.084,0.738,0.651,0.68,0.734,0.747,0.889,0.879,0.875,0.867,0.622,0.634,0.646,0.681,0.75,0.742,0.742,0.743,0.574,0.577,0.589,0.603,0.659,0.651,0.659,0.663,0.495,0.48,0.479,0.489,0.575,0.561,0.569,0.57,0.462,0.461,0.458,0.467,0.514,0.495,0.506,0.504
32.97611111111111,0.085,0.746,0.926,0.934,0.936,0.929,0.084,0.738,0.647,0.68,0.734,0.748,0.886,0.877,0.877,0.868,0.621,0.634,0.645,0.68,0.749,0.741,0.739,0.744,0.575,0.58,0.59,0.605,0.661,0.651,0.659,0.665,0.49,0.48,0.479,0.488,0.576,0.561,0.57,0.571,0.462,0.461,0.458,0.468,0.515,0.496,0.507,0.506
33.07611111111111,0.085,0.747,0.926,0.935,0.931,0.923,0.084,0.738,0.645,0.68,0.732,0.747,0.885,0.876,0.878,0.868,0.621,0.634,0.644,0.679,0.75,0.741,0.742,0.744,0.576,0.579,0.592,0.607,0.661,0.652,0.657,0.663,0.488,0.479,0.48,0.489,0.578,0.563,0.57,0.572,0.462,0.461,0.458,0.467,0.517,0.498,0.508,0.507
33.17611111111111,0.085,0.749,0.926,0.936,0.932,0.926,0.084,0.738,0.645,0.681,0.734,0.748,0.886,0.877,0.877,0.869,0.621,0.635,0.644,0.679,0.75,0.741,0.743,0.745,0.577,0.58,0.592,0.608,0.661,0.651,0.658,0.664,0.488,0.48,0.479,0.488,0.579,0.564,0.572,0.573,0.46,0.459,0.458,0.466,0.518,0.499,0.509,0.509
33.27611111111111,0.085,0.75,0.927,0.936,0.929,0.921,0.084,0.738,0.643,0.681,0.734,0.748,0.885,0.875,0.877,0.87,0.62,0.634,0.644,0.677,0.749,0.741,0.742,0.745,0.577,0.579,0.593,0.609,0.661,0.651,0.656,0.663,0.488,0.479,0.479,0.488,0.579,0.565,0.573,0.574,0.461,0.459,0.458,0.466,0.519,0.5,0.51,0.51
33.37611111111111,0.085,0.748,0.926,0.936,0.927,0.918,0.084,0.738,0.643,0.681,0.734,0.749,0.881,0.871,0.874,0.87,0.62,0.633,0.645,0.676,0.748,0.74,0.741,0.745,0.578,0.578,0.594,0.609,0.66,0.652,0.655,0.661,0.488,0.479,0.478,0.488,0.581,0.566,0.574,0.575,0.46,0.458,0.458,0.465,0.52,0.501,0.512,0.511
33.47611111111111,0.085,0.756,0.928,0.938,0.93,0.922,0.084,0.739,0.643,0.682,0.735,0.749,0.885,0.875,0.877,0.87,0.619,0.633,0.644,0.678,0.749,0.741,0.743,0.746,0.579,0.58,0.595,0.609,0.66,0.651,0.656,0.663,0.487,0.479,0.478,0.488,0.582,0.567,0.575,0.575,0.46,0.458,0.458,0.465,0.521,0.503,0.513,0.513
33.57611111111111,0.085,0.75,0.929,0.938,0.932,0.925,0.084,0.738,0.643,0.682,0.737,0.751,0.887,0.877,0.879,0.871,0.62,0.634,0.645,0.679,0.751,0.743,0.743,0.746,0.58,0.581,0.596,0.609,0.661,0.652,0.657,0.664,0.487,0.479,0.478,0.487,0.583,0.568,0.576,0.577,0.459,0.458,0.458,0.464,0.521,0.504,0.513,0.514
33.67611111111111,0.085,0.753,0.929,0.939,0.929,0.921,0.084,0.738,0.642,0.682,0.737,0.751,0.884,0.874,0.876,0.871,0.619,0.633,0.644,0.677,0.75,0.741,0.743,0.746,0.581,0.58,0.597,0.609,0.661,0.652,0.656,0.662,0.487,0.479,0.478,0.488,0.584,0.569,0.577,0.578,0.459,0.458,0.459,0.464,0.522,0.506,0.514,0.516
33.77611111111111,0.085,0.756,0.931,0.94,0.932,0.923,0.084,0.74,0.642,0.682,0.738,0.752,0.887,0.876,0.879,0.873,0.619,0.633,0.644,0.678,0.751,0.742,0.744,0.747,0.581,0.582,0.599,0.609,0.662,0.652,0.656,0.662,0.487,0.479,0.478,0.487,0.585,0.57,0.578,0.578,0.458,0.458,0.458,0.464,0.524,0.508,0.516,0.517
33.87611111111111,0.085,0.756,0.931,0.94,0.931,0.923,0.084,0.739,0.642,0.682,0.739,0.752,0.887,0.876,0.878,0.873,0.619,0.633,0.644,0.679,0.751,0.743,0.744,0.748,0.582,0.582,0.601,0.609,0.662,0.653,0.656,0.663,0.487,0.478,0.478,0.488,0.586,0.571,0.579,0.58,0.457,0.457,0.459,0.463,0.525,0.509,0.516,0.518
33.97611111111111,0.085,0.759,0.933,0.942,0.939,0.933,0.084,0.74,0.645,0.683,0.741,0.754,0.893,0.884,0.883,0.875,0.618,0.633,0.645,0.684,0.755,0.746,0.747,0.75,0.583,0.588,0.603,0.609,0.663,0.653,0.66,0.665,0.486,0.478,0.478,0.487,0.587,0.572,0.58,0.581,0.458,0.457,0.459,0.462,0.527,0.51,0.517,0.52
34.07611111111111,0.085,0.761,0.934,0.942,0.937,0.93,0.084,0.74,0.644,0.683,0.741,0.754,0.892,0.882,0.883,0.875,0.618,0.632,0.645,0.682,0.755,0.746,0.746,0.748,0.584,0.586,0.603,0.609,0.663,0.653,0.658,0.665,0.486,0.477,0.477,0.487,0.588,0.573,0.581,0.582,0.457,0.457,0.459,0.462,0.527,0.512,0.518,0.521
34.17611111111111,0.085,0.766,0.935,0.942,0.943,0.937,0.084,0.741,0.645,0.684,0.745,0.755,0.895,0.886,0.886,0.879,0.617,0.633,0.646,0.686,0.756,0.748,0.748,0.751,0.584,0.59,0.605,0.611,0.663,0.654,0.66,0.666,0.486,0.478,0.477,0.487,0.589,0.574,0.582,0.584,0.456,0.456,0.458,0.461,0.528,0.513,0.519,0.522
34.27611111111111,0.085,0.764,0.934,0.943,0.932,0.925,0.084,0.742,0.641,0.684,0.742,0.755,0.89,0.879,0.882,0.877,0.617,0.632,0.645,0.68,0.754,0.745,0.746,0.75,0.586,0.585,0.605,0.608,0.664,0.654,0.657,0.663,0.485,0.478,0.476,0.487,0.59,0.575,0.583,0.585,0.456,0.456,0.459,0.461,0.529,0.514,0.52,0.523
34.37611111111111,0.085,0.763,0.935,0.944,0.934,0.927,0.084,0.743,0.641,0.684,0.743,0.756,0.891,0.881,0.884,0.877,0.617,0.632,0.645,0.681,0.755,0.746,0.747,0.75,0.586,0.587,0.605,0.608,0.664,0.654,0.657,0.664,0.486,0.478,0.477,0.487,0.591,0.576,0.584,0.585,0.456,0.456,0.459,0.461,0.53,0.515,0.52,0.523
34.47611111111111,0.085,0.764,0.937,0.946,0.935,0.926,0.084,0.744,0.641,0.685,0.743,0.756,0.892,0.881,0.885,0.878,0.617,0.632,0.645,0.681,0.755,0.747,0.748,0.75,0.588,0.588,0.606,0.608,0.665,0.654,0.656,0.663,0.485,0.477,0.478,0.487,0.592,0.578,0.585,0.586,0.456,0.455,0.459,0.46,0.531,0.516,0.522,0.525
34.57611111111111,0.085,0.77,0.938,0.946,0.938,0.932,0.084,0.745,0.641,0.685,0.745,0.757,0.896,0.886,0.887,0.879,0.616,0.632,0.645,0.683,0.758,0.749,0.75,0.752,0.588,0.589,0.606,0.608,0.666,0.655,0.658,0.664,0.485,0.478,0.477,0.487,0.594,0.578,0.586,0.587,0.455,0.455,0.459,0.46,0.532,0.518,0.523,0.527
34.67611111111111,0.085,0.769,0.939,0.946,0.951,0.935,0.084,0.746,0.648,0.686,0.75,0.758,0.903,0.893,0.89,0.883,0.617,0.632,0.647,0.69,0.761,0.752,0.752,0.754,0.589,0.591,0.607,0.61,0.665,0.655,0.664,0.665,0.484,0.476,0.477,0.487,0.595,0.579,0.588,0.589,0.456,0.456,0.459,0.46,0.534,0.519,0.524,0.527
34.77611111111111,0.085,0.766,0.939,0.947,0.937,0.928,0.084,0.746,0.64,0.685,0.746,0.758,0.893,0.882,0.885,0.879,0.616,0.631,0.646,0.682,0.756,0.748,0.749,0.752,0.59,0.59,0.606,0.607,0.665,0.655,0.658,0.664,0.484,0.477,0.477,0.487,0.595,0.581,0.588,0.589,0.455,0.455,0.46,0.459,0.534,0.52,0.524,0.528
34.87611111111111,0.085,0.769,0.94,0.949,0.949,0.942,0.084,0.748,0.644,0.686,0.75,0.76,0.902,0.893,0.892,0.886,0.616,0.632,0.646,0.689,0.762,0.752,0.753,0.755,0.591,0.596,0.606,0.608,0.666,0.655,0.663,0.666,0.485,0.477,0.476,0.487,0.596,0.581,0.589,0.591,0.455,0.455,0.459,0.459,0.535,0.521,0.526,0.529
34.97611111111111,0.085,0.771,0.941,0.949,0.938,0.93,0.084,0.749,0.64,0.686,0.748,0.76,0.896,0.885,0.889,0.882,0.615,0.631,0.646,0.683,0.758,0.75,0.751,0.753,0.592,0.594,0.606,0.607,0.667,0.656,0.658,0.664,0.484,0.476,0.477,0.487,0.597,0.583,0.59,0.591,0.454,0.454,0.459,0.459,0.536,0.522,0.527,0.53
35.07611111111111,0.085,0.772,0.941,0.95,0.939,0.93,0.084,0.749,0.64,0.687,0.748,0.76,0.896,0.884,0.888,0.883,0.615,0.631,0.646,0.684,0.758,0.749,0.751,0.754,0.593,0.596,0.606,0.606,0.665,0.655,0.658,0.665,0.484,0.476,0.477,0.487,0.597,0.583,0.591,0.592,0.454,0.453,0.46,0.458,0.537,0.523,0.528,0.531
35.17611111111111,0.085,0.773,0.942,0.95,0.942,0.934,0.084,0.751,0.64,0.687,0.75,0.762,0.899,0.889,0.891,0.886,0.615,0.631,0.646,0.685,0.761,0.751,0.752,0.755,0.595,0.598,0.606,0.607,0.666,0.656,0.659,0.665,0.483,0.476,0.477,0.487,0.599,0.585,0.592,0.593,0.454,0.454,0.459,0.458,0.538,0.524,0.529,0.532
35.27611111111111,0.085,0.774,0.943,0.951,0.942,0.934,0.084,0.751,0.64,0.688,0.751,0.763,0.899,0.889,0.891,0.884,0.614,0.631,0.646,0.685,0.761,0.752,0.753,0.756,0.598,0.599,0.605,0.606,0.666,0.656,0.659,0.665,0.483,0.476,0.476,0.486,0.599,0.585,0.593,0.595,0.454,0.454,0.459,0.458,0.539,0.525,0.53,0.534
35.37611111111111,0.085,0.775,0.944,0.952,0.942,0.932,0.084,0.753,0.64,0.688,0.751,0.763,0.898,0.888,0.892,0.885,0.614,0.631,0.646,0.685,0.761,0.751,0.753,0.756,0.6,0.599,0.605,0.606,0.667,0.657,0.658,0.665,0.484,0.476,0.476,0.487,0.599,0.586,0.594,0.596,0.454,0.453,0.459,0.457,0.541,0.526,0.531,0.534
35.47611111111111,0.085,0.778,0.946,0.953,0.952,0.943,0.084,0.755,0.642,0.688,0.753,0.764,0.908,0.899,0.897,0.887,0.614,0.631,0.647,0.691,0.766,0.756,0.757,0.757,0.602,0.602,0.606,0.609,0.668,0.656,0.662,0.666,0.483,0.477,0.476,0.487,0.6,0.587,0.595,0.596,0.454,0.454,0.46,0.459,0.542,0.527,0.532,0.535
35.57611111111111,0.085,0.778,0.945,0.951,0.942,0.933,0.084,0.754,0.639,0.689,0.752,0.764,0.898,0.885,0.891,0.885,0.613,0.63,0.646,0.686,0.76,0.751,0.753,0.756,0.604,0.6,0.606,0.606,0.668,0.657,0.66,0.666,0.484,0.475,0.476,0.487,0.6,0.588,0.596,0.597,0.453,0.454,0.459,0.457,0.542,0.529,0.532,0.536
35.67611111111111,0.085,0.782,0.948,0.953,0.944,0.934,0.084,0.758,0.643,0.689,0.755,0.765,0.909,0.897,0.896,0.89,0.613,0.631,0.647,0.689,0.766,0.757,0.758,0.759,0.605,0.6,0.607,0.608,0.667,0.657,0.66,0.666,0.483,0.475,0.476,0.486,0.601,0.59,0.597,0.598,0.453,0.455,0.46,0.459,0.543,0.529,0.534,0.537
35.77611111111111,0.085,0.78,0.949,0.956,0.947,0.936,0.084,0.758,0.639,0.689,0.754,0.766,0.905,0.894,0.897,0.891,0.613,0.63,0.646,0.688,0.765,0.756,0.757,0.76,0.605,0.6,0.607,0.608,0.669,0.658,0.659,0.666,0.483,0.476,0.476,0.487,0.601,0.591,0.598,0.599,0.453,0.454,0.459,0.458,0.544,0.53,0.535,0.538
35.87611111111111,0.085,0.782,0.949,0.956,0.951,0.942,0.084,0.759,0.641,0.69,0.757,0.767,0.908,0.897,0.898,0.892,0.613,0.63,0.647,0.691,0.766,0.757,0.757,0.76,0.605,0.601,0.606,0.607,0.669,0.658,0.659,0.667,0.482,0.475,0.476,0.486,0.601,0.591,0.599,0.599,0.453,0.454,0.459,0.458,0.546,0.531,0.535,0.539
35.97611111111111,0.085,0.783,0.949,0.956,0.943,0.934,0.084,0.76,0.639,0.69,0.755,0.766,0.904,0.891,0.894,0.888,0.612,0.629,0.646,0.688,0.764,0.755,0.756,0.759,0.605,0.599,0.606,0.607,0.667,0.659,0.66,0.667,0.482,0.475,0.476,0.487,0.601,0.592,0.6,0.6,0.453,0.454,0.459,0.457,0.546,0.532,0.536,0.54
36.07611111111111,0.085,0.784,0.951,0.957,0.948,0.938,0.084,0.761,0.638,0.691,0.757,0.768,0.905,0.894,0.897,0.889,0.612,0.63,0.647,0.69,0.766,0.756,0.758,0.759,0.605,0.6,0.605,0.607,0.67,0.658,0.66,0.668,0.482,0.475,0.476,0.486,0.601,0.594,0.6,0.601,0.452,0.453,0.459,0.456,0.548,0.533,0.537,0.541
36.17611111111111,0.085,0.784,0.953,0.957,0.946,0.936,0.084,0.763,0.638,0.691,0.757,0.768,0.902,0.891,0.897,0.891,0.611,0.63,0.647,0.688,0.764,0.755,0.756,0.76,0.605,0.599,0.605,0.606,0.67,0.658,0.66,0.667,0.482,0.475,0.476,0.487,0.601,0.594,0.6,0.6,0.452,0.453,0.458,0.455,0.549,0.534,0.538,0.542
36.27611111111111,0.085,0.788,0.954,0.958,0.95,0.941,0.084,0.763,0.639,0.692,0.758,0.77,0.909,0.898,0.9,0.895,0.611,0.63,0.647,0.691,0.768,0.758,0.76,0.762,0.605,0.599,0.606,0.607,0.671,0.659,0.661,0.668,0.482,0.475,0.476,0.486,0.601,0.596,0.601,0.601,0.452,0.453,0.458,0.455,0.549,0.535,0.539,0.543
36.37611111111111,0.085,0.787,0.954,0.958,0.946,0.937,0.084,0.764,0.638,0.692,0.758,0.77,0.902,0.89,0.896,0.891,0.611,0.629,0.647,0.689,0.764,0.754,0.757,0.759,0.606,0.599,0.604,0.604,0.67,0.659,0.66,0.668,0.482,0.474,0.475,0.487,0.601,0.596,0.601,0.601,0.453,0.452,0.458,0.454,0.551,0.536,0.541,0.543
36.47611111111111,0.085,0.79,0.955,0.961,0.951,0.941,0.084,0.766,0.638,0.692,0.759,0.77,0.909,0.898,0.901,0.896,0.611,0.629,0.647,0.691,0.769,0.759,0.761,0.763,0.607,0.598,0.605,0.606,0.671,0.659,0.661,0.668,0.482,0.475,0.475,0.487,0.602,0.598,0.601,0.602,0.452,0.453,0.458,0.454,0.552,0.537,0.542,0.545
36.57611111111111,0.085,0.792,0.956,0.961,0.951,0.943,0.084,0.768,0.638,0.693,0.76,0.772,0.911,0.9,0.902,0.897,0.611,0.629,0.647,0.692,0.77,0.76,0.76,0.763,0.605,0.598,0.605,0.606,0.671,0.659,0.661,0.669,0.482,0.474,0.475,0.487,0.602,0.598,0.602,0.602,0.452,0.454,0.458,0.454,0.552,0.538,0.543,0.546
36.67611111111111,0.084,0.792,0.956,0.962,0.948,0.94,0.084,0.769,0.638,0.693,0.76,0.772,0.904,0.891,0.898,0.893,0.61,0.629,0.647,0.691,0.766,0.757,0.759,0.762,0.603,0.597,0.603,0.604,0.67,0.659,0.661,0.669,0.481,0.474,0.475,0.487,0.602,0.6,0.603,0.603,0.452,0.452,0.457,0.453,0.553,0.539,0.544,0.547
36.77611111111111,0.085,0.791,0.957,0.964,0.95,0.941,0.084,0.77,0.638,0.695,0.761,0.773,0.91,0.898,0.903,0.898,0.61,0.629,0.647,0.692,0.77,0.76,0.762,0.764,0.603,0.597,0.604,0.605,0.671,0.66,0.662,0.669,0.481,0.474,0.475,0.487,0.602,0.6,0.602,0.602,0.452,0.453,0.457,0.452,0.554,0.54,0.545,0.548
36.87611111111111,0.084,0.796,0.958,0.964,0.951,0.943,0.084,0.771,0.637,0.694,0.762,0.773,0.91,0.897,0.902,0.898,0.61,0.629,0.647,0.692,0.77,0.76,0.761,0.764,0.603,0.597,0.604,0.605,0.672,0.66,0.662,0.669,0.481,0.474,0.475,0.486,0.602,0.601,0.602,0.603,0.452,0.453,0.456,0.453,0.556,0.541,0.546,0.549
36.97611111111111,0.085,0.798,0.958,0.964,0.949,0.94,0.084,0.774,0.638,0.695,0.762,0.774,0.907,0.894,0.899,0.894,0.609,0.628,0.648,0.692,0.768,0.759,0.761,0.764,0.603,0.596,0.603,0.604,0.67,0.66,0.662,0.67,0.48,0.473,0.474,0.486,0.602,0.601,0.603,0.603,0.452,0.453,0.456,0.452,0.557,0.542,0.547,0.549
37.07611111111111,0.085,0.798,0.961,0.966,0.957,0.947,0.084,0.774,0.639,0.695,0.764,0.775,0.914,0.903,0.905,0.9,0.609,0.629,0.648,0.695,0.773,0.762,0.763,0.766,0.603,0.596,0.604,0.606,0.675,0.661,0.662,0.669,0.481,0.474,0.475,0.486,0.602,0.603,0.603,0.602,0.451,0.452,0.456,0.452,0.558,0.543,0.547,0.551
37.17611111111111,0.085,0.799,0.96,0.965,0.953,0.945,0.084,0.776,0.637,0.696,0.764,0.776,0.915,0.903,0.907,0.901,0.609,0.628,0.648,0.694,0.774,0.763,0.764,0.766,0.602,0.596,0.604,0.606,0.673,0.661,0.663,0.671,0.481,0.473,0.474,0.487,0.602,0.602,0.603,0.603,0.452,0.454,0.456,0.452,0.559,0.544,0.549,0.552
37.27611111111111,0.085,0.8,0.961,0.967,0.954,0.944,0.084,0.777,0.638,0.696,0.765,0.776,0.915,0.903,0.906,0.901,0.609,0.628,0.648,0.695,0.774,0.764,0.764,0.767,0.602,0.595,0.603,0.605,0.674,0.662,0.663,0.67,0.481,0.473,0.475,0.486,0.602,0.604,0.603,0.603,0.451,0.453,0.455,0.451,0.56,0.545,0.55,0.553
37.37611111111111,0.084,0.801,0.961,0.966,0.952,0.943,0.084,0.776,0.637,0.697,0.766,0.777,0.906,0.895,0.9,0.896,0.608,0.628,0.648,0.694,0.768,0.759,0.761,0.765,0.601,0.595,0.601,0.603,0.673,0.662,0.663,0.671,0.48,0.473,0.474,0.486,0.602,0.604,0.603,0.603,0.452,0.452,0.455,0.451,0.562,0.546,0.551,0.554
37.47611111111111,0.085,0.803,0.964,0.968,0.957,0.948,0.084,0.779,0.637,0.697,0.767,0.778,0.916,0.905,0.907,0.903,0.608,0.628,0.648,0.696,0.775,0.764,0.765,0.768,0.602,0.595,0.603,0.605,0.674,0.661,0.664,0.671,0.481,0.473,0.475,0.486,0.602,0.604,0.603,0.603,0.452,0.453,0.455,0.45,0.563,0.547,0.551,0.555
37.57611111111111,0.085,0.805,0.964,0.969,0.955,0.946,0.084,0.781,0.637,0.698,0.768,0.778,0.915,0.903,0.907,0.902,0.608,0.628,0.648,0.696,0.774,0.764,0.765,0.768,0.602,0.594,0.602,0.604,0.674,0.662,0.664,0.671,0.48,0.473,0.474,0.486,0.603,0.605,0.603,0.603,0.452,0.453,0.455,0.45,0.563,0.548,0.552,0.555
37.67611111111111,0.085,0.804,0.964,0.969,0.954,0.946,0.084,0.782,0.637,0.699,0.768,0.779,0.915,0.903,0.908,0.902,0.608,0.627,0.648,0.696,0.774,0.764,0.766,0.768,0.601,0.594,0.602,0.603,0.673,0.662,0.664,0.672,0.48,0.472,0.474,0.486,0.603,0.604,0.603,0.603,0.452,0.453,0.454,0.45,0.565,0.549,0.553,0.556
37.77611111111111,0.085,0.806,0.966,0.97,0.956,0.948,0.084,0.784,0.637,0.699,0.769,0.779,0.915,0.903,0.908,0.902,0.607,0.628,0.648,0.697,0.775,0.764,0.765,0.769,0.601,0.593,0.601,0.603,0.674,0.662,0.664,0.672,0.48,0.473,0.474,0.487,0.602,0.604,0.603,0.603,0.451,0.452,0.453,0.45,0.565,0.55,0.554,0.557
37.87611111111111,0.085,0.808,0.967,0.972,0.959,0.949,0.084,0.785,0.637,0.7,0.77,0.78,0.918,0.907,0.91,0.905,0.607,0.628,0.649,0.698,0.776,0.767,0.768,0.77,0.6,0.593,0.602,0.604,0.677,0.663,0.664,0.672,0.48,0.473,0.474,0.486,0.603,0.605,0.604,0.604,0.451,0.453,0.453,0.449,0.567,0.551,0.555,0.559
37.97611111111111,0.085,0.811,0.967,0.972,0.957,0.948,0.084,0.786,0.637,0.7,0.77,0.781,0.915,0.903,0.909,0.904,0.607,0.628,0.649,0.697,0.774,0.764,0.766,0.769,0.6,0.593,0.601,0.603,0.675,0.663,0.664,0.672,0.48,0.472,0.474,0.486,0.604,0.605,0.604,0.603,0.451,0.452,0.453,0.449,0.568,0.552,0.556,0.559
38.07611111111111,0.085,0.812,0.968,0.971,0.955,0.948,0.084,0.788,0.636,0.701,0.771,0.781,0.912,0.9,0.906,0.901,0.607,0.628,0.649,0.698,0.773,0.763,0.765,0.768,0.599,0.592,0.6,0.602,0.674,0.663,0.664,0.672,0.48,0.472,0.474,0.487,0.604,0.605,0.604,0.604,0.451,0.452,0.452,0.449,0.569,0.554,0.557,0.56
38.17611111111111,0.085,0.814,0.968,0.973,0.959,0.949,0.084,0.789,0.637,0.701,0.772,0.782,0.917,0.906,0.91,0.906,0.606,0.627,0.649,0.699,0.777,0.766,0.768,0.77,0.599,0.592,0.6,0.603,0.675,0.663,0.665,0.673,0.479,0.472,0.474,0.487,0.603,0.606,0.603,0.603,0.452,0.453,0.452,0.448,0.57,0.554,0.558,0.562
38.27611111111111,0.085,0.816,0.97,0.975,0.967,0.956,0.084,0.79,0.639,0.702,0.775,0.783,0.926,0.916,0.916,0.909,0.606,0.628,0.65,0.704,0.783,0.772,0.773,0.773,0.6,0.591,0.602,0.605,0.676,0.664,0.666,0.674,0.48,0.472,0.474,0.487,0.604,0.606,0.604,0.604,0.452,0.456,0.452,0.448,0.571,0.555,0.559,0.563
38.37611111111111,0.085,0.817,0.971,0.976,0.959,0.95,0.084,0.792,0.636,0.702,0.774,0.783,0.917,0.904,0.912,0.906,0.606,0.627,0.649,0.699,0.777,0.766,0.77,0.772,0.599,0.59,0.6,0.602,0.676,0.665,0.665,0.673,0.48,0.472,0.474,0.487,0.604,0.606,0.605,0.604,0.452,0.452,0.452,0.447,0.572,0.556,0.56,0.564
38.47611111111111,0.085,0.82,0.972,0.978,0.966,0.955,0.084,0.793,0.638,0.703,0.776,0.785,0.927,0.915,0.916,0.911,0.606,0.627,0.65,0.703,0.783,0.772,0.772,0.774,0.599,0.59,0.602,0.605,0.677,0.666,0.667,0.674,0.479,0.472,0.474,0.487,0.604,0.605,0.604,0.604,0.451,0.454,0.451,0.447,0.572,0.558,0.561,0.565
38.57611111111111,0.084,0.82,0.972,0.976,0.96,0.95,0.084,0.794,0.637,0.703,0.775,0.785,0.918,0.904,0.912,0.908,0.605,0.627,0.649,0.7,0.778,0.767,0.769,0.772,0.598,0.59,0.599,0.602,0.676,0.665,0.666,0.674,0.479,0.472,0.474,0.487,0.603,0.606,0.604,0.603,0.451,0.453,0.451,0.447,0.575,0.558,0.562,0.565
38.67611111111111,0.085,0.82,0.975,0.978,0.973,0.959,0.084,0.797,0.639,0.704,0.777,0.785,0.928,0.918,0.918,0.912,0.605,0.627,0.65,0.705,0.784,0.773,0.774,0.775,0.599,0.59,0.601,0.605,0.677,0.665,0.667,0.675,0.48,0.471,0.474,0.487,0.604,0.605,0.605,0.604,0.452,0.456,0.45,0.447,0.575,0.559,0.563,0.567
38.77611111111111,0.085,0.823,0.975,0.979,0.967,0.955,0.084,0.797,0.637,0.705,0.777,0.787,0.927,0.916,0.919,0.912,0.605,0.628,0.65,0.704,0.784,0.772,0.774,0.775,0.598,0.589,0.6,0.604,0.678,0.666,0.667,0.675,0.48,0.472,0.474,0.487,0.604,0.606,0.604,0.604,0.452,0.455,0.45,0.446,0.575,0.561,0.564,0.567
38.87611111111111,0.085,0.824,0.976,0.981,0.961,0.952,0.084,0.799,0.636,0.705,0.778,0.787,0.915,0.904,0.91,0.907,0.605,0.626,0.65,0.702,0.777,0.766,0.769,0.772,0.595,0.589,0.597,0.6,0.677,0.666,0.667,0.675,0.479,0.471,0.474,0.487,0.604,0.606,0.604,0.605,0.452,0.452,0.45,0.446,0.576,0.561,0.565,0.569
38.97611111111111,0.085,0.826,0.976,0.98,0.974,0.96,0.084,0.8,0.639,0.706,0.78,0.788,0.931,0.922,0.921,0.914,0.605,0.627,0.65,0.709,0.786,0.775,0.775,0.777,0.597,0.589,0.601,0.605,0.678,0.666,0.668,0.676,0.479,0.472,0.474,0.487,0.604,0.606,0.605,0.604,0.451,0.456,0.449,0.446,0.577,0.562,0.566,0.569
39.07611111111111,0.085,0.825,0.978,0.981,0.967,0.955,0.084,0.801,0.637,0.706,0.78,0.789,0.927,0.916,0.92,0.914,0.605,0.626,0.65,0.704,0.784,0.773,0.775,0.776,0.597,0.588,0.6,0.604,0.68,0.667,0.668,0.676,0.479,0.471,0.474,0.487,0.604,0.606,0.605,0.604,0.451,0.455,0.448,0.445,0.577,0.563,0.567,0.57
39.17611111111111,0.085,0.826,0.979,0.983,0.967,0.955,0.084,0.803,0.637,0.707,0.78,0.79,0.929,0.918,0.921,0.914,0.604,0.626,0.65,0.705,0.785,0.774,0.776,0.777,0.597,0.588,0.6,0.604,0.68,0.667,0.668,0.676,0.48,0.471,0.474,0.488,0.604,0.606,0.605,0.604,0.452,0.455,0.448,0.445,0.577,0.564,0.568,0.571
39.27611111111111,0.085,0.826,0.979,0.982,0.964,0.953,0.084,0.805,0.636,0.708,0.781,0.789,0.918,0.907,0.913,0.91,0.604,0.626,0.65,0.704,0.779,0.768,0.771,0.775,0.593,0.587,0.596,0.599,0.678,0.667,0.668,0.676,0.479,0.471,0.474,0.487,0.605,0.606,0.605,0.604,0.452,0.452,0.448,0.445,0.578,0.566,0.569,0.572
39.37611111111111,0.084,0.827,0.98,0.983,0.965,0.954,0.084,0.806,0.636,0.708,0.782,0.79,0.922,0.91,0.918,0.912,0.603,0.626,0.651,0.704,0.781,0.771,0.773,0.776,0.594,0.587,0.597,0.601,0.679,0.667,0.668,0.676,0.478,0.471,0.474,0.488,0.604,0.607,0.605,0.604,0.452,0.453,0.447,0.444,0.578,0.566,0.57,0.574
39.47611111111111,0.085,0.828,0.98,0.985,0.972,0.96,0.084,0.808,0.641,0.709,0.783,0.791,0.936,0.925,0.924,0.917,0.603,0.626,0.651,0.71,0.79,0.778,0.779,0.779,0.596,0.586,0.6,0.604,0.678,0.667,0.669,0.677,0.479,0.471,0.474,0.488,0.605,0.606,0.606,0.605,0.452,0.457,0.446,0.444,0.578,0.567,0.57,0.574
39.57611111111111,0.085,0.828,0.981,0.985,0.967,0.956,0.084,0.808,0.636,0.71,0.783,0.791,0.925,0.914,0.921,0.915,0.603,0.626,0.651,0.705,0.784,0.773,0.775,0.778,0.594,0.586,0.598,0.601,0.68,0.668,0.668,0.677,0.479,0.471,0.474,0.488,0.604,0.607,0.605,0.605,0.452,0.454,0.446,0.444,0.579,0.569,0.572,0.575
39.67611111111111,0.085,0.83,0.982,0.985,0.965,0.956,0.084,0.809,0.637,0.71,0.784,0.792,0.926,0.913,0.918,0.913,0.602,0.626,0.651,0.706,0.784,0.773,0.777,0.778,0.593,0.585,0.596,0.599,0.678,0.667,0.669,0.677,0.479,0.471,0.474,0.488,0.605,0.606,0.605,0.605,0.452,0.454,0.446,0.444,0.578,0.569,0.572,0.576
39.77611111111111,0.085,0.831,0.984,0.987,0.972,0.959,0.084,0.811,0.639,0.711,0.786,0.794,0.94,0.929,0.927,0.92,0.603,0.626,0.652,0.709,0.793,0.782,0.78,0.781,0.595,0.586,0.601,0.605,0.68,0.668,0.67,0.678,0.479,0.471,0.474,0.488,0.605,0.607,0.606,0.605,0.452,0.458,0.445,0.443,0.579,0.57,0.574,0.577
39.87611111111111,0.085,0.831,0.984,0.987,0.968,0.957,0.084,0.812,0.636,0.711,0.785,0.793,0.928,0.916,0.924,0.918,0.603,0.626,0.651,0.707,0.786,0.775,0.778,0.779,0.593,0.585,0.597,0.601,0.68,0.669,0.67,0.677,0.479,0.471,0.474,0.488,0.605,0.606,0.605,0.606,0.452,0.454,0.446,0.443,0.579,0.571,0.575,0.578
39.97611111111111,0.084,0.83,0.985,0.987,0.968,0.958,0.084,0.813,0.636,0.712,0.786,0.794,0.923,0.911,0.918,0.914,0.602,0.626,0.652,0.707,0.782,0.772,0.775,0.778,0.591,0.584,0.595,0.598,0.68,0.668,0.67,0.678,0.479,0.47,0.474,0.488,0.605,0.607,0.606,0.605,0.452,0.452,0.445,0.442,0.579,0.572,0.575,0.578
40.07611111111111,0.085,0.833,0.987,0.989,0.969,0.958,0.084,0.813,0.636,0.712,0.787,0.796,0.927,0.915,0.924,0.918,0.602,0.626,0.652,0.707,0.786,0.775,0.777,0.78,0.591,0.584,0.596,0.6,0.681,0.67,0.67,0.678,0.479,0.471,0.474,0.488,0.606,0.606,0.605,0.605,0.453,0.453,0.445,0.443,0.579,0.574,0.577,0.579
40.17611111111111,0.085,0.833,0.987,0.99,0.971,0.959,0.084,0.815,0.636,0.713,0.788,0.796,0.933,0.919,0.926,0.921,0.602,0.625,0.652,0.709,0.788,0.778,0.78,0.781,0.592,0.584,0.597,0.602,0.682,0.67,0.671,0.679,0.479,0.47,0.474,0.488,0.606,0.607,0.606,0.605,0.452,0.454,0.444,0.442,0.579,0.574,0.576,0.58
40.27611111111111,0.085,0.835,0.988,0.989,0.969,0.959,0.084,0.815,0.636,0.713,0.788,0.796,0.925,0.913,0.92,0.917,0.601,0.625,0.652,0.708,0.784,0.774,0.776,0.78,0.589,0.583,0.594,0.598,0.68,0.67,0.67,0.679,0.478,0.47,0.474,0.489,0.606,0.607,0.606,0.605,0.453,0.452,0.443,0.441,0.579,0.575,0.576,0.58
40.37611111111111,0.088,0.834,0.988,0.991,0.98,0.965,0.084,0.816,0.64,0.715,0.791,0.798,0.942,0.931,0.93,0.921,0.602,0.625,0.653,0.716,0.795,0.783,0.783,0.783,0.592,0.583,0.598,0.604,0.681,0.669,0.671,0.679,0.478,0.471,0.474,0.489,0.606,0.607,0.606,0.606,0.452,0.456,0.445,0.441,0.578,0.576,0.577,0.581
40.47611111111111,0.085,0.834,0.989,0.992,0.973,0.961,0.084,0.816,0.636,0.715,0.791,0.797,0.932,0.92,0.928,0.922,0.601,0.625,0.652,0.71,0.789,0.779,0.781,0.782,0.591,0.582,0.595,0.601,0.683,0.671,0.672,0.679,0.479,0.47,0.474,0.489,0.606,0.608,0.606,0.606,0.452,0.453,0.443,0.441,0.578,0.577,0.577,0.581
40.57611111111111,0.085,0.842,0.99,0.992,0.972,0.962,0.084,0.817,0.635,0.715,0.79,0.798,0.931,0.919,0.928,0.922,0.601,0.625,0.652,0.71,0.789,0.778,0.781,0.782,0.59,0.582,0.595,0.599,0.682,0.671,0.671,0.68,0.478,0.47,0.474,0.489,0.605,0.607,0.606,0.606,0.453,0.452,0.443,0.441,0.579,0.577,0.577,0.58
40.67611111111111,0.085,0.84,0.991,0.993,0.972,0.961,0.084,0.817,0.637,0.715,0.791,0.799,0.935,0.922,0.928,0.92,0.601,0.625,0.652,0.711,0.792,0.78,0.783,0.784,0.59,0.582,0.595,0.599,0.681,0.67,0.672,0.68,0.479,0.47,0.474,0.489,0.606,0.607,0.606,0.606,0.452,0.454,0.443,0.44,0.578,0.578,0.577,0.581
40.77611111111111,0.085,0.836,0.993,0.994,0.975,0.963,0.084,0.817,0.636,0.717,0.792,0.8,0.932,0.92,0.929,0.922,0.601,0.624,0.653,0.712,0.79,0.779,0.781,0.783,0.589,0.582,0.595,0.599,0.682,0.671,0.672,0.681,0.479,0.47,0.474,0.489,0.607,0.607,0.606,0.606,0.452,0.452,0.442,0.441,0.579,0.579,0.577,0.581
40.87611111111111,0.085,0.837,0.993,0.994,0.976,0.963,0.084,0.818,0.636,0.717,0.793,0.8,0.936,0.923,0.93,0.924,0.6,0.625,0.653,0.713,0.791,0.78,0.783,0.785,0.589,0.581,0.596,0.6,0.683,0.672,0.672,0.681,0.478,0.47,0.474,0.489,0.607,0.607,0.606,0.607,0.452,0.453,0.442,0.44,0.579,0.579,0.578,0.581
40.97611111111111,0.085,0.838,0.994,0.996,0.976,0.964,0.084,0.819,0.636,0.718,0.794,0.801,0.937,0.924,0.932,0.926,0.601,0.625,0.653,0.713,0.793,0.781,0.784,0.785,0.589,0.58,0.595,0.601,0.684,0.673,0.673,0.681,0.479,0.471,0.474,0.49,0.606,0.608,0.607,0.606,0.452,0.452,0.443,0.44,0.578,0.58,0.578,0.581
41.07611111111111,0.084,0.844,0.994,0.996,0.975,0.964,0.084,0.819,0.635,0.719,0.795,0.801,0.928,0.917,0.924,0.92,0.6,0.624,0.653,0.713,0.787,0.776,0.78,0.783,0.586,0.58,0.591,0.596,0.683,0.672,0.672,0.681,0.478,0.469,0.474,0.489,0.607,0.607,0.607,0.606,0.452,0.45,0.441,0.44,0.579,0.58,0.577,0.581
41.17611111111111,0.085,0.848,0.994,0.996,0.976,0.965,0.084,0.821,0.635,0.72,0.795,0.802,0.934,0.921,0.931,0.926,0.6,0.625,0.654,0.714,0.791,0.781,0.783,0.785,0.588,0.58,0.593,0.599,0.683,0.672,0.673,0.681,0.478,0.47,0.475,0.49,0.607,0.608,0.607,0.606,0.452,0.451,0.441,0.439,0.578,0.58,0.577,0.581
41.27611111111111,0.085,0.849,0.997,0.999,0.979,0.965,0.084,0.82,0.636,0.72,0.796,0.803,0.937,0.922,0.934,0.927,0.6,0.624,0.653,0.715,0.793,0.782,0.785,0.787,0.588,0.58,0.594,0.6,0.685,0.674,0.673,0.681,0.478,0.47,0.474,0.49,0.607,0.608,0.607,0.606,0.452,0.451,0.442,0.44,0.578,0.58,0.577,0.581
41.37611111111111,0.085,0.848,0.997,0.998,0.977,0.966,0.084,0.821,0.635,0.72,0.797,0.804,0.933,0.92,0.93,0.925,0.599,0.624,0.653,0.715,0.791,0.78,0.783,0.786,0.586,0.579,0.592,0.598,0.684,0.672,0.673,0.682,0.478,0.469,0.474,0.49,0.607,0.607,0.606,0.606,0.451,0.45,0.441,0.439,0.579,0.58,0.577,0.581
41.47611111111111,0.085,0.847,0.997,1.0,0.976,0.965,0.084,0.822,0.636,0.721,0.797,0.804,0.938,0.922,0.931,0.925,0.599,0.624,0.654,0.715,0.793,0.782,0.786,0.787,0.587,0.579,0.591,0.597,0.683,0.672,0.674,0.682,0.478,0.47,0.475,0.491,0.607,0.608,0.607,0.607,0.452,0.45,0.442,0.439,0.579,0.58,0.578,0.581
41.57611111111111,0.085,0.851,0.999,1.0,0.978,0.967,0.084,0.823,0.635,0.722,0.798,0.805,0.933,0.921,0.931,0.926,0.599,0.624,0.654,0.716,0.792,0.78,0.783,0.786,0.585,0.579,0.591,0.597,0.684,0.673,0.674,0.682,0.478,0.47,0.475,0.491,0.607,0.608,0.606,0.607,0.452,0.449,0.44,0.438,0.579,0.581,0.577,0.581
41.67611111111111,0.085,0.845,0.999,1.001,0.977,0.966,0.084,0.822,0.636,0.722,0.799,0.805,0.932,0.92,0.928,0.923,0.599,0.624,0.654,0.716,0.792,0.78,0.784,0.787,0.585,0.578,0.59,0.595,0.684,0.672,0.675,0.683,0.478,0.469,0.475,0.491,0.607,0.608,0.607,0.607,0.451,0.448,0.44,0.438,0.579,0.581,0.577,0.581
41.77611111111111,0.085,0.854,1.002,1.002,0.98,0.968,0.084,0.823,0.635,0.723,0.8,0.806,0.936,0.922,0.933,0.929,0.598,0.624,0.654,0.717,0.793,0.782,0.785,0.788,0.584,0.578,0.591,0.597,0.686,0.675,0.675,0.683,0.478,0.47,0.475,0.491,0.607,0.608,0.607,0.607,0.452,0.448,0.44,0.438,0.579,0.581,0.577,0.581
41.87611111111111,0.085,0.854,1.002,1.002,0.981,0.969,0.084,0.825,0.635,0.724,0.801,0.806,0.938,0.925,0.936,0.93,0.599,0.624,0.654,0.718,0.795,0.783,0.787,0.789,0.585,0.577,0.591,0.598,0.685,0.673,0.675,0.683,0.478,0.47,0.475,0.491,0.608,0.608,0.607,0.607,0.451,0.448,0.44,0.438,0.58,0.581,0.578,0.581
41.97611111111111,0.085,0.855,1.001,1.003,0.98,0.969,0.084,0.826,0.635,0.725,0.801,0.807,0.936,0.924,0.935,0.93,0.599,0.624,0.654,0.718,0.793,0.782,0.786,0.788,0.583,0.577,0.59,0.596,0.686,0.674,0.675,0.683,0.478,0.469,0.475,0.492,0.607,0.609,0.607,0.607,0.451,0.448,0.439,0.437,0.578,0.581,0.577,0.58
42.07611111111111,0.085,0.854,1.002,1.004,0.983,0.97,0.084,0.824,0.638,0.725,0.802,0.808,0.946,0.935,0.938,0.93,0.598,0.623,0.655,0.72,0.802,0.788,0.791,0.79,0.586,0.577,0.592,0.597,0.685,0.673,0.675,0.684,0.478,0.469,0.475,0.492,0.608,0.609,0.608,0.607,0.451,0.449,0.441,0.437,0.578,0.58,0.577,0.581
42.17611111111111,0.085,0.856,1.004,1.003,0.982,0.97,0.084,0.826,0.635,0.726,0.803,0.809,0.936,0.925,0.935,0.93,0.598,0.624,0.654,0.72,0.794,0.782,0.786,0.789,0.583,0.577,0.589,0.596,0.686,0.674,0.675,0.684,0.478,0.47,0.475,0.492,0.608,0.608,0.607,0.608,0.449,0.447,0.437,0.437,0.579,0.581,0.577,0.58
42.27611111111111,0.085,0.857,1.005,1.005,0.982,0.971,0.084,0.827,0.635,0.726,0.804,0.809,0.937,0.924,0.935,0.93,0.598,0.623,0.655,0.72,0.795,0.783,0.786,0.789,0.581,0.576,0.589,0.596,0.687,0.675,0.676,0.684,0.478,0.47,0.475,0.492,0.608,0.608,0.608,0.607,0.451,0.447,0.436,0.437,0.578,0.581,0.577,0.58
42.37611111111111,0.084,0.859,1.006,1.006,0.984,0.972,0.084,0.828,0.635,0.727,0.804,0.809,0.94,0.926,0.938,0.932,0.598,0.624,0.655,0.721,0.796,0.785,0.789,0.791,0.582,0.576,0.59,0.596,0.687,0.675,0.676,0.685,0.478,0.47,0.476,0.492,0.608,0.609,0.607,0.607,0.451,0.446,0.437,0.436,0.579,0.58,0.577,0.581
42.47611111111111,0.085,0.86,1.007,1.006,0.983,0.972,0.084,0.829,0.635,0.728,0.804,0.811,0.94,0.928,0.939,0.933,0.597,0.623,0.655,0.721,0.796,0.784,0.789,0.791,0.581,0.575,0.589,0.596,0.687,0.676,0.676,0.685,0.478,0.47,0.475,0.493,0.608,0.609,0.608,0.607,0.451,0.445,0.437,0.436,0.58,0.581,0.577,0.581
42.57611111111111,0.084,0.859,1.007,1.007,0.983,0.972,0.084,0.828,0.635,0.729,0.806,0.811,0.939,0.928,0.936,0.93,0.596,0.623,0.656,0.722,0.795,0.784,0.788,0.791,0.58,0.575,0.589,0.595,0.687,0.675,0.676,0.685,0.478,0.47,0.475,0.492,0.608,0.609,0.608,0.607,0.449,0.445,0.436,0.436,0.579,0.581,0.577,0.58
42.67611111111111,0.085,0.863,1.008,1.008,0.986,0.974,0.084,0.831,0.635,0.729,0.806,0.812,0.943,0.931,0.942,0.935,0.597,0.623,0.656,0.722,0.799,0.788,0.79,0.793,0.582,0.575,0.59,0.597,0.688,0.677,0.677,0.685,0.478,0.469,0.476,0.493,0.609,0.609,0.608,0.607,0.45,0.444,0.435,0.435,0.579,0.581,0.577,0.581
42.77611111111111,0.085,0.864,1.009,1.009,0.99,0.975,0.084,0.831,0.639,0.73,0.808,0.813,0.955,0.944,0.945,0.938,0.597,0.623,0.656,0.724,0.808,0.794,0.795,0.795,0.585,0.575,0.593,0.6,0.688,0.675,0.677,0.686,0.478,0.47,0.476,0.493,0.609,0.61,0.608,0.608,0.449,0.445,0.438,0.435,0.579,0.581,0.577,0.581
42.87611111111111,0.085,0.863,1.01,1.01,0.986,0.974,0.084,0.831,0.637,0.731,0.807,0.813,0.95,0.939,0.942,0.935,0.596,0.624,0.656,0.724,0.805,0.791,0.794,0.795,0.584,0.574,0.589,0.596,0.688,0.675,0.678,0.686,0.478,0.47,0.476,0.493,0.609,0.609,0.608,0.608,0.449,0.443,0.436,0.435,0.579,0.581,0.577,0.581
42.97611111111111,0.085,0.865,1.011,1.01,0.988,0.975,0.084,0.833,0.635,0.732,0.808,0.814,0.945,0.932,0.943,0.937,0.596,0.623,0.656,0.725,0.8,0.788,0.791,0.794,0.58,0.574,0.589,0.597,0.689,0.676,0.677,0.686,0.478,0.47,0.477,0.494,0.609,0.61,0.608,0.608,0.449,0.443,0.435,0.435,0.579,0.581,0.577,0.58
43.07611111111111,0.085,0.866,1.012,1.011,0.987,0.976,0.084,0.833,0.637,0.732,0.809,0.815,0.951,0.939,0.945,0.937,0.596,0.623,0.656,0.725,0.804,0.792,0.796,0.796,0.583,0.574,0.588,0.595,0.688,0.676,0.678,0.687,0.478,0.47,0.476,0.494,0.609,0.609,0.609,0.609,0.448,0.442,0.434,0.434,0.579,0.581,0.577,0.581
43.17611111111111,0.085,0.868,1.012,1.011,0.988,0.976,0.084,0.834,0.635,0.733,0.81,0.816,0.946,0.934,0.945,0.939,0.596,0.623,0.656,0.726,0.801,0.79,0.794,0.795,0.579,0.574,0.588,0.596,0.689,0.677,0.678,0.686,0.478,0.47,0.477,0.494,0.609,0.609,0.608,0.608,0.448,0.442,0.434,0.434,0.579,0.581,0.578,0.58
43.27611111111111,0.085,0.868,1.012,1.014,0.989,0.977,0.084,0.834,0.635,0.733,0.811,0.816,0.946,0.933,0.944,0.938,0.596,0.622,0.656,0.726,0.801,0.789,0.793,0.794,0.578,0.573,0.588,0.595,0.689,0.677,0.678,0.687,0.478,0.47,0.476,0.494,0.609,0.609,0.608,0.608,0.448,0.441,0.433,0.434,0.579,0.58,0.577,0.58
43.37611111111111,0.085,0.869,1.013,1.013,0.99,0.978,0.084,0.836,0.635,0.734,0.811,0.817,0.947,0.935,0.945,0.939,0.595,0.623,0.657,0.726,0.802,0.79,0.794,0.796,0.578,0.572,0.588,0.596,0.69,0.678,0.679,0.687,0.478,0.47,0.476,0.495,0.609,0.609,0.608,0.609,0.447,0.441,0.433,0.433,0.58,0.58,0.578,0.58
43.47611111111111,0.085,0.87,1.014,1.014,0.99,0.977,0.084,0.835,0.635,0.735,0.812,0.818,0.946,0.933,0.944,0.938,0.595,0.623,0.657,0.727,0.801,0.789,0.793,0.795,0.577,0.572,0.587,0.595,0.69,0.679,0.679,0.688,0.478,0.47,0.477,0.495,0.609,0.61,0.609,0.609,0.447,0.441,0.433,0.432,0.579,0.581,0.578,0.581
43.57611111111111,0.085,0.872,1.014,1.014,0.991,0.978,0.084,0.837,0.635,0.735,0.813,0.818,0.949,0.937,0.947,0.942,0.595,0.623,0.657,0.727,0.803,0.791,0.795,0.797,0.577,0.572,0.587,0.595,0.69,0.678,0.679,0.688,0.478,0.47,0.477,0.495,0.609,0.61,0.608,0.609,0.446,0.44,0.433,0.433,0.58,0.581,0.577,0.581
43.67611111111111,0.085,0.873,1.017,1.017,0.992,0.979,0.084,0.837,0.635,0.736,0.813,0.819,0.948,0.936,0.947,0.94,0.595,0.622,0.657,0.728,0.803,0.791,0.794,0.797,0.576,0.572,0.587,0.595,0.691,0.679,0.68,0.688,0.478,0.47,0.477,0.495,0.61,0.609,0.609,0.609,0.447,0.44,0.432,0.432,0.579,0.582,0.577,0.582
43.77611111111111,0.085,0.868,1.016,1.015,0.991,0.978,0.084,0.836,0.635,0.736,0.814,0.819,0.943,0.932,0.94,0.937,0.595,0.622,0.657,0.729,0.8,0.788,0.791,0.795,0.575,0.571,0.585,0.593,0.691,0.677,0.68,0.688,0.479,0.47,0.477,0.495,0.61,0.61,0.609,0.609,0.446,0.439,0.433,0.432,0.579,0.581,0.578,0.581
43.87611111111111,0.085,0.877,1.018,1.018,0.994,0.981,0.084,0.84,0.638,0.738,0.815,0.82,0.962,0.95,0.952,0.945,0.595,0.622,0.658,0.73,0.811,0.799,0.801,0.801,0.582,0.571,0.589,0.598,0.691,0.679,0.68,0.689,0.479,0.471,0.477,0.496,0.611,0.61,0.609,0.609,0.446,0.44,0.432,0.432,0.579,0.581,0.577,0.581
43.97611111111111,0.084,0.873,1.018,1.017,0.993,0.981,0.084,0.838,0.634,0.738,0.816,0.82,0.946,0.934,0.946,0.94,0.594,0.622,0.657,0.73,0.802,0.789,0.794,0.797,0.574,0.57,0.585,0.594,0.692,0.678,0.68,0.689,0.479,0.47,0.477,0.496,0.61,0.61,0.609,0.609,0.445,0.439,0.431,0.431,0.579,0.581,0.577,0.581
44.07611111111111,0.085,0.876,1.019,1.02,0.994,0.981,0.084,0.84,0.635,0.739,0.816,0.821,0.952,0.939,0.949,0.944,0.594,0.623,0.658,0.731,0.805,0.793,0.798,0.799,0.575,0.571,0.586,0.596,0.692,0.679,0.681,0.689,0.479,0.47,0.478,0.496,0.61,0.61,0.608,0.61,0.445,0.439,0.432,0.431,0.579,0.581,0.577,0.581
44.17611111111111,0.085,0.877,1.022,1.021,0.995,0.982,0.084,0.841,0.635,0.74,0.817,0.822,0.95,0.938,0.95,0.944,0.594,0.622,0.658,0.731,0.804,0.793,0.797,0.799,0.574,0.57,0.586,0.595,0.692,0.679,0.681,0.689,0.479,0.47,0.478,0.496,0.611,0.611,0.61,0.609,0.444,0.438,0.431,0.431,0.58,0.581,0.577,0.581
44.27611111111111,0.085,0.875,1.022,1.022,0.994,0.982,0.084,0.84,0.635,0.74,0.818,0.822,0.947,0.935,0.946,0.942,0.593,0.621,0.658,0.732,0.803,0.791,0.795,0.798,0.573,0.57,0.584,0.594,0.692,0.68,0.681,0.689,0.479,0.47,0.478,0.496,0.611,0.611,0.61,0.61,0.444,0.437,0.43,0.43,0.58,0.581,0.577,0.581
44.37611111111111,0.085,0.877,1.022,1.022,0.995,0.983,0.084,0.841,0.634,0.741,0.818,0.822,0.949,0.936,0.947,0.942,0.594,0.622,0.658,0.732,0.803,0.792,0.795,0.799,0.573,0.569,0.584,0.594,0.693,0.68,0.681,0.69,0.479,0.47,0.478,0.497,0.611,0.611,0.61,0.609,0.444,0.437,0.43,0.43,0.58,0.581,0.577,0.581
44.47611111111111,0.084,0.879,1.023,1.022,0.997,0.983,0.084,0.842,0.635,0.742,0.819,0.824,0.95,0.938,0.949,0.944,0.593,0.622,0.658,0.733,0.804,0.792,0.796,0.799,0.572,0.569,0.584,0.594,0.693,0.681,0.681,0.69,0.479,0.471,0.479,0.497,0.611,0.611,0.61,0.61,0.443,0.436,0.431,0.43,0.58,0.581,0.578,0.581
44.57611111111111,0.085,0.876,1.023,1.021,0.996,0.983,0.084,0.841,0.634,0.742,0.82,0.823,0.948,0.936,0.946,0.942,0.593,0.622,0.658,0.733,0.804,0.791,0.795,0.798,0.572,0.568,0.583,0.594,0.693,0.679,0.681,0.69,0.479,0.47,0.479,0.498,0.611,0.611,0.61,0.61,0.443,0.436,0.43,0.43,0.58,0.581,0.577,0.581
44.67611111111111,0.085,0.884,1.026,1.024,0.999,0.985,0.084,0.844,0.636,0.743,0.821,0.825,0.958,0.944,0.955,0.95,0.593,0.622,0.659,0.734,0.809,0.798,0.802,0.803,0.572,0.569,0.585,0.595,0.694,0.682,0.682,0.692,0.479,0.471,0.479,0.498,0.612,0.612,0.611,0.61,0.443,0.435,0.43,0.43,0.58,0.58,0.578,0.581
44.77611111111111,0.084,0.883,1.026,1.026,0.999,0.986,0.084,0.845,0.635,0.744,0.821,0.825,0.953,0.941,0.953,0.947,0.593,0.622,0.659,0.735,0.807,0.795,0.799,0.801,0.572,0.568,0.584,0.594,0.694,0.681,0.683,0.691,0.479,0.471,0.479,0.498,0.611,0.611,0.61,0.61,0.444,0.435,0.429,0.429,0.58,0.581,0.578,0.581
44.87611111111111,0.085,0.88,1.027,1.025,0.998,0.986,0.084,0.843,0.635,0.745,0.821,0.826,0.95,0.938,0.948,0.944,0.593,0.621,0.659,0.735,0.805,0.793,0.797,0.801,0.571,0.568,0.583,0.593,0.693,0.681,0.682,0.691,0.479,0.471,0.479,0.498,0.612,0.612,0.611,0.611,0.442,0.434,0.429,0.429,0.58,0.581,0.578,0.582
44.97611111111111,0.085,0.885,1.027,1.027,0.999,0.986,0.084,0.847,0.635,0.745,0.822,0.827,0.957,0.945,0.956,0.95,0.592,0.621,0.659,0.736,0.809,0.797,0.802,0.804,0.571,0.568,0.584,0.594,0.694,0.682,0.683,0.691,0.479,0.471,0.479,0.499,0.612,0.611,0.61,0.61,0.442,0.434,0.429,0.428,0.58,0.581,0.578,0.582
45.07611111111111,0.084,0.882,1.029,1.027,0.999,0.987,0.084,0.846,0.634,0.746,0.823,0.827,0.951,0.94,0.95,0.946,0.592,0.621,0.659,0.736,0.806,0.794,0.798,0.802,0.571,0.567,0.582,0.593,0.695,0.682,0.683,0.691,0.479,0.471,0.479,0.499,0.612,0.612,0.611,0.61,0.441,0.434,0.429,0.429,0.58,0.582,0.578,0.582
45.17611111111111,0.085,0.883,1.028,1.027,1.0,0.987,0.084,0.845,0.634,0.746,0.824,0.828,0.951,0.941,0.949,0.945,0.592,0.621,0.658,0.737,0.806,0.793,0.798,0.802,0.57,0.567,0.582,0.593,0.695,0.681,0.683,0.692,0.48,0.471,0.479,0.499,0.612,0.611,0.611,0.61,0.441,0.433,0.427,0.428,0.581,0.581,0.577,0.581
45.27611111111111,0.085,0.888,1.03,1.029,1.002,0.989,0.084,0.849,0.635,0.747,0.825,0.829,0.957,0.944,0.957,0.952,0.592,0.621,0.66,0.738,0.808,0.797,0.802,0.804,0.57,0.567,0.583,0.593,0.695,0.683,0.684,0.694,0.48,0.471,0.48,0.499,0.612,0.612,0.611,0.611,0.441,0.432,0.428,0.428,0.581,0.581,0.578,0.581
45.37611111111111,0.085,0.885,1.032,1.03,1.002,0.99,0.084,0.848,0.634,0.747,0.825,0.829,0.955,0.943,0.953,0.949,0.592,0.621,0.66,0.738,0.808,0.795,0.8,0.803,0.57,0.567,0.582,0.593,0.696,0.683,0.684,0.693,0.48,0.471,0.48,0.5,0.612,0.612,0.611,0.611,0.44,0.433,0.428,0.427,0.581,0.582,0.578,0.582
45.47611111111111,0.085,0.886,1.031,1.029,1.002,0.988,0.084,0.849,0.635,0.748,0.826,0.83,0.956,0.943,0.956,0.952,0.592,0.622,0.66,0.738,0.808,0.796,0.801,0.804,0.569,0.566,0.581,0.593,0.696,0.683,0.684,0.693,0.48,0.471,0.48,0.5,0.612,0.612,0.611,0.611,0.44,0.432,0.427,0.427,0.581,0.581,0.578,0.581
45.57611111111111,0.085,0.887,1.032,1.029,1.003,0.99,0.084,0.849,0.635,0.748,0.826,0.83,0.953,0.943,0.953,0.949,0.592,0.621,0.66,0.739,0.808,0.796,0.801,0.804,0.569,0.566,0.581,0.593,0.696,0.682,0.685,0.693,0.48,0.471,0.48,0.5,0.612,0.612,0.611,0.611,0.44,0.431,0.427,0.427,0.58,0.581,0.578,0.582
45.67611111111111,0.085,0.89,1.032,1.03,1.004,0.991,0.084,0.85,0.634,0.749,0.828,0.831,0.957,0.945,0.958,0.952,0.591,0.621,0.66,0.74,0.81,0.797,0.802,0.805,0.568,0.565,0.581,0.593,0.696,0.683,0.684,0.693,0.48,0.472,0.481,0.501,0.612,0.612,0.611,0.611,0.439,0.432,0.427,0.427,0.581,0.581,0.578,0.581
45.77611111111111,0.085,0.892,1.033,1.032,1.005,0.992,0.084,0.852,0.634,0.75,0.828,0.832,0.959,0.946,0.959,0.954,0.591,0.621,0.66,0.74,0.811,0.799,0.804,0.806,0.568,0.566,0.581,0.593,0.696,0.684,0.685,0.693,0.481,0.472,0.481,0.501,0.613,0.612,0.612,0.612,0.439,0.431,0.427,0.426,0.581,0.582,0.578,0.582
45.87611111111111,0.084,0.894,1.036,1.035,1.006,0.992,0.084,0.854,0.634,0.751,0.829,0.833,0.965,0.951,0.961,0.955,0.591,0.621,0.661,0.741,0.814,0.802,0.805,0.808,0.568,0.565,0.582,0.594,0.697,0.686,0.687,0.694,0.481,0.472,0.481,0.501,0.613,0.613,0.611,0.611,0.439,0.431,0.427,0.426,0.582,0.582,0.579,0.582
45.97611111111111,0.084,0.893,1.036,1.034,1.005,0.991,0.084,0.854,0.635,0.751,0.829,0.833,0.959,0.946,0.961,0.956,0.591,0.621,0.661,0.742,0.811,0.799,0.804,0.807,0.568,0.565,0.581,0.593,0.698,0.685,0.685,0.694,0.481,0.472,0.481,0.501,0.613,0.613,0.611,0.612,0.438,0.43,0.426,0.425,0.58,0.582,0.578,0.581
46.07611111111111,0.084,0.891,1.036,1.034,1.006,0.992,0.084,0.853,0.634,0.752,0.83,0.833,0.959,0.946,0.958,0.953,0.591,0.621,0.661,0.742,0.811,0.798,0.802,0.807,0.567,0.565,0.58,0.593,0.697,0.684,0.686,0.694,0.481,0.472,0.481,0.502,0.613,0.613,0.612,0.612,0.438,0.429,0.426,0.425,0.581,0.582,0.579,0.582
46.17611111111111,0.085,0.898,1.036,1.034,1.007,0.993,0.084,0.856,0.634,0.753,0.832,0.835,0.967,0.954,0.965,0.959,0.591,0.621,0.661,0.743,0.815,0.804,0.808,0.81,0.567,0.564,0.581,0.593,0.697,0.685,0.686,0.695,0.481,0.472,0.482,0.502,0.613,0.613,0.612,0.613,0.438,0.43,0.425,0.425,0.581,0.582,0.579,0.581
46.27611111111111,0.085,0.895,1.036,1.033,1.007,0.993,0.084,0.855,0.635,0.754,0.832,0.835,0.959,0.947,0.958,0.955,0.591,0.621,0.661,0.743,0.812,0.799,0.804,0.808,0.566,0.564,0.58,0.593,0.698,0.684,0.686,0.695,0.481,0.473,0.482,0.502,0.613,0.613,0.612,0.612,0.437,0.429,0.425,0.424,0.581,0.581,0.579,0.582
46.37611111111111,0.085,0.896,1.038,1.035,1.007,0.995,0.084,0.855,0.634,0.754,0.833,0.836,0.961,0.949,0.959,0.955,0.59,0.621,0.661,0.744,0.812,0.8,0.806,0.809,0.567,0.564,0.579,0.592,0.697,0.683,0.686,0.695,0.482,0.472,0.483,0.502,0.614,0.613,0.612,0.613,0.437,0.429,0.425,0.424,0.582,0.582,0.579,0.582
46.47611111111111,0.085,0.898,1.039,1.037,1.009,0.995,0.084,0.857,0.634,0.755,0.833,0.836,0.962,0.949,0.963,0.957,0.59,0.621,0.662,0.745,0.814,0.801,0.807,0.809,0.566,0.564,0.58,0.593,0.699,0.686,0.687,0.695,0.481,0.472,0.483,0.502,0.614,0.613,0.612,0.612,0.437,0.428,0.425,0.424,0.581,0.581,0.579,0.582
46.57611111111111,0.085,0.895,1.04,1.037,1.009,0.996,0.084,0.857,0.634,0.755,0.834,0.837,0.961,0.949,0.96,0.957,0.59,0.621,0.662,0.745,0.813,0.8,0.805,0.809,0.566,0.563,0.579,0.593,0.698,0.685,0.687,0.695,0.482,0.473,0.482,0.503,0.614,0.613,0.612,0.612,0.436,0.428,0.425,0.423,0.581,0.582,0.579,0.582
46.67611111111111,0.085,0.902,1.04,1.037,1.01,0.997,0.084,0.86,0.635,0.756,0.834,0.838,0.969,0.955,0.968,0.961,0.59,0.621,0.662,0.746,0.818,0.805,0.81,0.812,0.566,0.563,0.58,0.593,0.699,0.685,0.688,0.696,0.481,0.473,0.483,0.504,0.614,0.614,0.612,0.612,0.436,0.428,0.424,0.423,0.581,0.581,0.579,0.582
46.77611111111111,0.084,0.904,1.042,1.039,1.011,0.998,0.084,0.861,0.634,0.757,0.836,0.839,0.97,0.957,0.969,0.962,0.59,0.621,0.663,0.746,0.819,0.806,0.811,0.813,0.565,0.563,0.579,0.593,0.699,0.687,0.688,0.696,0.482,0.473,0.484,0.504,0.614,0.613,0.613,0.613,0.436,0.427,0.424,0.423,0.581,0.582,0.58,0.582
46.87611111111111,0.085,0.902,1.042,1.039,1.012,0.997,0.084,0.86,0.634,0.758,0.837,0.839,0.962,0.952,0.965,0.96,0.589,0.621,0.663,0.747,0.815,0.802,0.808,0.811,0.565,0.563,0.579,0.593,0.699,0.686,0.687,0.697,0.482,0.473,0.484,0.504,0.614,0.614,0.612,0.613,0.435,0.427,0.424,0.423,0.582,0.582,0.578,0.582
46.97611111111111,0.085,0.906,1.043,1.04,1.013,0.999,0.084,0.863,0.634,0.759,0.837,0.84,0.97,0.959,0.971,0.963,0.589,0.62,0.663,0.747,0.819,0.807,0.812,0.814,0.564,0.562,0.579,0.593,0.699,0.686,0.688,0.697,0.482,0.473,0.484,0.505,0.615,0.614,0.613,0.613,0.435,0.427,0.424,0.422,0.582,0.582,0.579,0.581
47.07611111111111,0.085,0.909,1.043,1.04,1.015,1.0,0.084,0.864,0.635,0.759,0.838,0.841,0.978,0.966,0.972,0.966,0.589,0.621,0.664,0.748,0.825,0.811,0.816,0.815,0.564,0.562,0.58,0.594,0.7,0.686,0.689,0.697,0.483,0.474,0.484,0.506,0.615,0.614,0.613,0.613,0.435,0.427,0.423,0.423,0.582,0.582,0.578,0.582
47.17611111111111,0.085,0.898,1.044,1.041,1.011,0.999,0.084,0.86,0.635,0.759,0.838,0.841,0.961,0.951,0.96,0.957,0.589,0.62,0.663,0.749,0.815,0.802,0.807,0.811,0.564,0.562,0.578,0.593,0.7,0.685,0.689,0.697,0.483,0.473,0.484,0.505,0.614,0.614,0.613,0.613,0.434,0.427,0.423,0.422,0.581,0.582,0.579,0.582
47.27611111111111,0.085,0.901,1.044,1.041,1.014,0.999,0.084,0.861,0.635,0.76,0.838,0.842,0.963,0.952,0.963,0.959,0.588,0.62,0.663,0.749,0.816,0.803,0.807,0.811,0.563,0.561,0.578,0.592,0.7,0.687,0.689,0.698,0.483,0.473,0.485,0.505,0.615,0.614,0.613,0.613,0.433,0.426,0.423,0.421,0.582,0.582,0.579,0.582
47.37611111111111,0.084,0.911,1.045,1.042,1.015,1.001,0.084,0.866,0.635,0.762,0.841,0.843,0.98,0.967,0.974,0.967,0.588,0.621,0.664,0.75,0.826,0.812,0.816,0.816,0.564,0.561,0.579,0.593,0.701,0.687,0.689,0.698,0.483,0.475,0.485,0.506,0.615,0.614,0.613,0.614,0.433,0.426,0.423,0.421,0.582,0.583,0.579,0.582
47.47611111111111,0.085,0.901,1.047,1.042,1.014,1.001,0.084,0.863,0.634,0.762,0.84,0.842,0.964,0.953,0.964,0.961,0.588,0.62,0.663,0.75,0.817,0.804,0.808,0.811,0.563,0.561,0.577,0.593,0.701,0.687,0.69,0.698,0.483,0.474,0.485,0.506,0.615,0.614,0.613,0.614,0.431,0.425,0.422,0.421,0.582,0.582,0.58,0.582
47.57611111111111,0.085,0.916,1.046,1.044,1.016,1.002,0.084,0.868,0.635,0.763,0.841,0.844,0.984,0.973,0.975,0.968,0.588,0.621,0.664,0.75,0.827,0.814,0.819,0.818,0.563,0.56,0.578,0.593,0.701,0.687,0.69,0.698,0.484,0.475,0.486,0.508,0.615,0.615,0.613,0.613,0.434,0.425,0.422,0.421,0.582,0.583,0.579,0.582
47.67611111111111,0.085,0.913,1.048,1.044,1.015,1.002,0.084,0.868,0.635,0.764,0.841,0.844,0.971,0.959,0.972,0.966,0.588,0.621,0.664,0.751,0.819,0.804,0.815,0.817,0.563,0.56,0.577,0.593,0.701,0.687,0.69,0.699,0.484,0.475,0.485,0.507,0.615,0.615,0.613,0.614,0.434,0.425,0.422,0.419,0.582,0.583,0.579,0.583
47.77611111111111,0.085,0.911,1.048,1.045,1.017,1.004,0.084,0.867,0.635,0.764,0.843,0.845,0.969,0.957,0.971,0.966,0.588,0.62,0.664,0.752,0.819,0.804,0.812,0.816,0.562,0.56,0.577,0.593,0.702,0.688,0.69,0.698,0.484,0.475,0.486,0.507,0.615,0.615,0.614,0.614,0.43,0.424,0.422,0.42,0.582,0.581,0.579,0.582
47.87611111111111,0.085,0.907,1.051,1.047,1.017,1.004,0.084,0.866,0.635,0.765,0.843,0.845,0.967,0.955,0.968,0.964,0.588,0.62,0.664,0.752,0.818,0.805,0.81,0.814,0.562,0.559,0.577,0.592,0.701,0.689,0.691,0.699,0.484,0.475,0.486,0.508,0.615,0.615,0.614,0.614,0.43,0.424,0.422,0.42,0.582,0.582,0.58,0.582
47.97611111111111,0.085,0.909,1.049,1.046,1.018,1.004,0.084,0.868,0.635,0.766,0.844,0.845,0.967,0.956,0.969,0.965,0.588,0.62,0.664,0.753,0.818,0.804,0.812,0.815,0.562,0.559,0.577,0.593,0.701,0.688,0.69,0.699,0.484,0.475,0.486,0.508,0.616,0.615,0.613,0.614,0.429,0.423,0.421,0.419,0.582,0.582,0.58,0.583
48.07611111111111,0.085,0.905,1.051,1.046,1.018,1.002,0.084,0.867,0.635,0.766,0.844,0.846,0.967,0.955,0.966,0.963,0.587,0.62,0.663,0.753,0.819,0.805,0.809,0.815,0.561,0.559,0.576,0.593,0.702,0.688,0.691,0.7,0.485,0.475,0.486,0.508,0.616,0.615,0.614,0.614,0.429,0.423,0.421,0.419,0.583,0.583,0.579,0.583
48.17611111111111,0.085,0.914,1.054,1.05,1.019,1.006,0.084,0.871,0.635,0.767,0.845,0.846,0.974,0.96,0.975,0.97,0.587,0.62,0.664,0.754,0.821,0.807,0.815,0.817,0.56,0.559,0.576,0.593,0.704,0.691,0.692,0.701,0.485,0.476,0.487,0.508,0.616,0.615,0.614,0.614,0.429,0.423,0.421,0.419,0.582,0.583,0.58,0.582
48.27611111111111,0.085,0.912,1.052,1.048,1.02,1.005,0.084,0.87,0.635,0.767,0.846,0.847,0.975,0.961,0.974,0.968,0.588,0.62,0.665,0.755,0.822,0.808,0.814,0.817,0.56,0.559,0.576,0.593,0.703,0.689,0.692,0.7,0.485,0.476,0.487,0.509,0.616,0.615,0.615,0.614,0.428,0.423,0.421,0.418,0.583,0.583,0.58,0.583
48.37611111111111,0.085,0.913,1.051,1.048,1.02,1.006,0.084,0.87,0.635,0.769,0.847,0.848,0.969,0.958,0.971,0.968,0.587,0.62,0.664,0.755,0.821,0.806,0.813,0.818,0.56,0.558,0.576,0.593,0.703,0.689,0.692,0.7,0.485,0.476,0.487,0.509,0.616,0.616,0.614,0.614,0.428,0.422,0.42,0.418,0.583,0.583,0.58,0.583
48.47611111111111,0.085,0.923,1.054,1.05,1.02,1.008,0.084,0.873,0.636,0.769,0.847,0.849,0.98,0.969,0.977,0.972,0.587,0.621,0.665,0.756,0.823,0.809,0.821,0.821,0.56,0.558,0.576,0.593,0.703,0.689,0.692,0.701,0.485,0.477,0.488,0.51,0.617,0.617,0.615,0.615,0.428,0.423,0.42,0.418,0.583,0.582,0.58,0.583
48.57611111111111,0.085,0.909,1.054,1.049,1.02,1.005,0.084,0.869,0.635,0.769,0.847,0.85,0.971,0.959,0.966,0.965,0.587,0.619,0.665,0.756,0.821,0.807,0.812,0.816,0.559,0.558,0.576,0.593,0.704,0.689,0.692,0.701,0.486,0.476,0.488,0.51,0.617,0.616,0.615,0.615,0.427,0.421,0.42,0.417,0.583,0.583,0.58,0.583
48.67611111111111,0.085,0.924,1.056,1.052,1.024,1.008,0.084,0.875,0.636,0.771,0.849,0.85,0.986,0.972,0.981,0.974,0.587,0.62,0.665,0.757,0.827,0.814,0.821,0.821,0.559,0.557,0.575,0.593,0.704,0.691,0.692,0.701,0.486,0.477,0.488,0.51,0.618,0.616,0.615,0.615,0.428,0.422,0.419,0.417,0.583,0.583,0.58,0.582
48.77611111111111,0.085,0.914,1.056,1.051,1.022,1.008,0.084,0.873,0.635,0.771,0.849,0.85,0.973,0.96,0.972,0.969,0.586,0.62,0.666,0.758,0.822,0.808,0.813,0.818,0.559,0.557,0.576,0.593,0.704,0.69,0.693,0.701,0.486,0.477,0.489,0.51,0.618,0.616,0.614,0.615,0.427,0.421,0.419,0.417,0.583,0.583,0.579,0.583
48.87611111111111,0.085,0.913,1.056,1.051,1.022,1.008,0.084,0.872,0.635,0.772,0.85,0.851,0.971,0.96,0.971,0.968,0.586,0.62,0.666,0.758,0.823,0.809,0.813,0.817,0.559,0.557,0.575,0.593,0.704,0.69,0.693,0.701,0.487,0.477,0.489,0.511,0.618,0.616,0.615,0.616,0.427,0.421,0.419,0.416,0.584,0.583,0.58,0.583
48.97611111111111,0.085,0.921,1.057,1.053,1.024,1.01,0.084,0.875,0.636,0.773,0.851,0.852,0.976,0.963,0.978,0.973,0.586,0.62,0.666,0.759,0.824,0.809,0.818,0.821,0.559,0.556,0.575,0.593,0.704,0.691,0.693,0.702,0.487,0.477,0.489,0.511,0.618,0.616,0.615,0.615,0.426,0.421,0.419,0.415,0.584,0.583,0.58,0.583
49.07611111111111,0.085,0.924,1.058,1.053,1.026,1.011,0.084,0.879,0.636,0.773,0.852,0.853,0.98,0.967,0.982,0.976,0.586,0.62,0.666,0.759,0.825,0.811,0.82,0.823,0.558,0.557,0.575,0.592,0.705,0.691,0.694,0.703,0.487,0.477,0.49,0.512,0.618,0.616,0.615,0.615,0.426,0.421,0.418,0.415,0.583,0.583,0.58,0.583
49.17611111111111,0.085,0.918,1.058,1.054,1.024,1.01,0.084,0.876,0.635,0.774,0.851,0.854,0.973,0.961,0.975,0.971,0.586,0.62,0.666,0.759,0.823,0.809,0.815,0.82,0.559,0.556,0.574,0.592,0.705,0.691,0.693,0.702,0.487,0.478,0.489,0.511,0.617,0.616,0.615,0.615,0.425,0.42,0.418,0.415,0.584,0.582,0.58,0.582
49.27611111111111,0.085,0.922,1.06,1.055,1.025,1.011,0.084,0.877,0.635,0.774,0.853,0.854,0.975,0.963,0.977,0.973,0.586,0.62,0.667,0.76,0.824,0.81,0.817,0.821,0.558,0.556,0.574,0.593,0.705,0.691,0.694,0.702,0.487,0.478,0.49,0.512,0.618,0.616,0.615,0.615,0.425,0.42,0.417,0.415,0.584,0.583,0.58,0.583
