Software Version;3.12.08;;;;;;;;;;;;;;;;;;;;;;;;;;;;;;;;;;;;;;;;;;;;;;;;;
;;;;;;;;;;;;;;;;;;;;;;;;;;;;;;;;;;;;;;;;;;;;;;;;;;
Experiment File Path:;C:\Users\Public\COMMON\Users\Public\Documents\Experiments\BW25113_Nmax_M9Glu_chl_rif_1.xpt;;;;;;;;;;;;;;;;;;;;;;;;;;;;;;;;;;;;;;;;;;;;;;;;;
Protocol File Path:;C:\Users\Public\COMMON\Users\Human Technopole\Desktop\Protocols\Kinetics2.prt;;;;;;;;;;;;;;;;;;;;;;;;;;;;;;;;;;;;;;;;;;;;;;;;;
Plate Number;Plate 1;;;;;;;;;;;;;;;;;;;;;;;;;;;;;;;;;;;;;;;;;;;;;;;;;
Date;05/06/24;;;;;;;;;;;;;;;;;;;;;;;;;;;;;;;;;;;;;;;;;;;;;;;;;
Time;12:04:07 PM;;;;;;;;;;;;;;;;;;;;;;;;;;;;;;;;;;;;;;;;;;;;;;;;;
Reader Type:;Synergy H1;;;;;;;;;;;;;;;;;;;;;;;;;;;;;;;;;;;;;;;;;;;;;;;;;
Reader Serial Number:;22111903;;;;;;;;;;;;;;;;;;;;;;;;;;;;;;;;;;;;;;;;;;;;;;;;;
Reading Type;Reader;;;;;;;;;;;;;;;;;;;;;;;;;;;;;;;;;;;;;;;;;;;;;;;;;
;;;;;;;;;;;;;;;;;;;;;;;;;;;;;;;;;;;;;;;;;;;;;;;;;;
Procedure Details;;;;;;;;;;;;;;;;;;;;;;;;;;;;;;;;;;;;;;;;;;;;;;;;;;
Plate Type;Greiner 48 well plate (Use plate lid);;;;;;;;;;;;;;;;;;;;;;;;;;;;;;;;;;;;;;;;;;;;;;;;;
Eject plate on completion;;;;;;;;;;;;;;;;;;;;;;;;;;;;;;;;;;;;;;;;;;;;;;;;;;
Set Temperature;Setpoint 37°C;;;;;;;;;;;;;;;;;;;;;;;;;;;;;;;;;;;;;;;;;;;;;;;;;
;Preheat before moving to next step;;;;;;;;;;;;;;;;;;;;;;;;;;;;;;;;;;;;;;;;;;;;;;;;;
Start Kinetic;Runtime 66:00:00 (HH:MM:SS), Interval 0:06:00, 661 Reads;;;;;;;;;;;;;;;;;;;;;;;;;;;;;;;;;;;;;;;;;;;;;;;;;
    Shake;Orbital: Continuous;;;;;;;;;;;;;;;;;;;;;;;;;;;;;;;;;;;;;;;;;;;;;;;;;
;Frequency: 807 cpm (1 mm);;;;;;;;;;;;;;;;;;;;;;;;;;;;;;;;;;;;;;;;;;;;;;;;;
    Read;OD;;;;;;;;;;;;;;;;;;;;;;;;;;;;;;;;;;;;;;;;;;;;;;;;;
;Absorbance Endpoint;;;;;;;;;;;;;;;;;;;;;;;;;;;;;;;;;;;;;;;;;;;;;;;;;
;Full Plate;;;;;;;;;;;;;;;;;;;;;;;;;;;;;;;;;;;;;;;;;;;;;;;;;
;Wavelengths:  600;;;;;;;;;;;;;;;;;;;;;;;;;;;;;;;;;;;;;;;;;;;;;;;;;
;Read Speed: Normal,  Delay: 100 msec,  Measurements/Data Point: 8;;;;;;;;;;;;;;;;;;;;;;;;;;;;;;;;;;;;;;;;;;;;;;;;;
    Read;Fluorescence Endpoint;;;;;;;;;;;;;;;;;;;;;;;;;;;;;;;;;;;;;;;;;;;;;;;;;
;Full Plate;;;;;;;;;;;;;;;;;;;;;;;;;;;;;;;;;;;;;;;;;;;;;;;;;
;Filter Set 1;;;;;;;;;;;;;;;;;;;;;;;;;;;;;;;;;;;;;;;;;;;;;;;;;
;    Excitation: 485,  Emission: 510;;;;;;;;;;;;;;;;;;;;;;;;;;;;;;;;;;;;;;;;;;;;;;;;;
;    Optics: Top,  Gain: 100;;;;;;;;;;;;;;;;;;;;;;;;;;;;;;;;;;;;;;;;;;;;;;;;;
;Light Source: Xenon Flash,  Lamp Energy: High;;;;;;;;;;;;;;;;;;;;;;;;;;;;;;;;;;;;;;;;;;;;;;;;;
;Read Speed: Normal,  Delay: 100 msec,  Measurements/Data Point: 10;;;;;;;;;;;;;;;;;;;;;;;;;;;;;;;;;;;;;;;;;;;;;;;;;
;Read Height: 4.5 mm;;;;;;;;;;;;;;;;;;;;;;;;;;;;;;;;;;;;;;;;;;;;;;;;;
    Read;Fluorescence Endpoint;;;;;;;;;;;;;;;;;;;;;;;;;;;;;;;;;;;;;;;;;;;;;;;;;
;Full Plate;;;;;;;;;;;;;;;;;;;;;;;;;;;;;;;;;;;;;;;;;;;;;;;;;
;Filter Set 1;;;;;;;;;;;;;;;;;;;;;;;;;;;;;;;;;;;;;;;;;;;;;;;;;
;    Excitation: 587,  Emission: 610;;;;;;;;;;;;;;;;;;;;;;;;;;;;;;;;;;;;;;;;;;;;;;;;;
;    Optics: Top,  Gain: 150;;;;;;;;;;;;;;;;;;;;;;;;;;;;;;;;;;;;;;;;;;;;;;;;;
;Light Source: Xenon Flash,  Lamp Energy: High;;;;;;;;;;;;;;;;;;;;;;;;;;;;;;;;;;;;;;;;;;;;;;;;;
;Read Speed: Normal,  Delay: 100 msec,  Measurements/Data Point: 10;;;;;;;;;;;;;;;;;;;;;;;;;;;;;;;;;;;;;;;;;;;;;;;;;
;Read Height: 4.5 mm;;;;;;;;;;;;;;;;;;;;;;;;;;;;;;;;;;;;;;;;;;;;;;;;;
End Kinetic;;;;;;;;;;;;;;;;;;;;;;;;;;;;;;;;;;;;;;;;;;;;;;;;;;
;;;;;;;;;;;;;;;;;;;;;;;;;;;;;;;;;;;;;;;;;;;;;;;;;;
OD:600;;;;;;;;;;;;;;;;;;;;;;;;;;;;;;;;;;;;;;;;;;;;;;;;;;
;;;;;;;;;;;;;;;;;;;;;;;;;;;;;;;;;;;;;;;;;;;;;;;;;;
;Time;T° OD:600;A1;A2;A3;A4;A5;A6;A7;A8;B1;B2;B3;B4;B5;B6;B7;B8;C1;C2;C3;C4;C5;C6;C7;C8;D1;D2;D3;D4;D5;D6;D7;D8;E1;E2;E3;E4;E5;E6;E7;E8;F1;F2;F3;F4;F5;F6;F7;F8
;00:04:34;37;0,089;0,087;0,094;0,093;0,093;0,092;0,086;0,084;0,092;0,093;0,094;0,093;0,095;0,095;0,093;0,093;0,094;0,093;0,102;0,093;0,094;0,094;0,093;0,094;0,094;0,093;0,094;0,093;0,094;0,094;0,095;0,095;0,094;0,092;0,092;0,093;0,095;0,094;0,094;0,097;0,095;0,095;0,094;0,096;0,095;0,093;0,093;0,093
;00:10:34;36,9;0,089;0,087;0,094;0,093;0,093;0,092;0,086;0,084;0,092;0,093;0,094;0,093;0,094;0,094;0,093;0,093;0,094;0,093;0,101;0,093;0,094;0,093;0,093;0,094;0,094;0,093;0,094;0,093;0,094;0,094;0,094;0,095;0,094;0,092;0,092;0,093;0,095;0,094;0,094;0,098;0,095;0,095;0,094;0,096;0,095;0,093;0,093;0,093
;00:16:34;37;0,089;0,087;0,094;0,094;0,093;0,092;0,086;0,084;0,092;0,093;0,094;0,093;0,095;0,095;0,093;0,093;0,094;0,093;0,102;0,094;0,094;0,094;0,093;0,094;0,094;0,093;0,094;0,093;0,094;0,094;0,095;0,095;0,094;0,092;0,092;0,093;0,095;0,094;0,094;0,098;0,095;0,095;0,094;0,096;0,095;0,094;0,093;0,093
;00:22:34;37;0,089;0,087;0,094;0,094;0,093;0,092;0,086;0,084;0,092;0,093;0,094;0,093;0,095;0,095;0,093;0,093;0,094;0,093;0,102;0,094;0,094;0,094;0,093;0,094;0,094;0,093;0,094;0,093;0,094;0,095;0,095;0,095;0,094;0,092;0,092;0,094;0,095;0,094;0,094;0,098;0,095;0,095;0,094;0,096;0,095;0,094;0,094;0,093
;00:28:34;37;0,089;0,087;0,094;0,094;0,093;0,093;0,086;0,084;0,092;0,093;0,094;0,094;0,095;0,095;0,093;0,093;0,094;0,093;0,102;0,094;0,095;0,094;0,093;0,094;0,094;0,093;0,094;0,093;0,095;0,095;0,095;0,095;0,095;0,092;0,092;0,094;0,095;0,095;0,094;0,098;0,095;0,095;0,094;0,096;0,095;0,094;0,094;0,094
;00:34:34;37;0,089;0,087;0,094;0,094;0,094;0,093;0,086;0,084;0,092;0,094;0,094;0,094;0,095;0,095;0,094;0,093;0,095;0,093;0,102;0,094;0,095;0,094;0,094;0,095;0,097;0,093;0,094;0,093;0,095;0,095;0,095;0,095;0,095;0,092;0,092;0,094;0,095;0,095;0,094;0,099;0,095;0,096;0,095;0,096;0,096;0,094;0,094;0,094
;00:40:34;37;0,089;0,087;0,094;0,094;0,094;0,093;0,086;0,084;0,093;0,094;0,095;0,094;0,095;0,095;0,094;0,094;0,095;0,094;0,102;0,094;0,095;0,095;0,094;0,095;0,095;0,093;0,095;0,093;0,095;0,095;0,096;0,096;0,095;0,092;0,092;0,094;0,096;0,095;0,095;0,099;0,096;0,096;0,095;0,097;0,096;0,094;0,095;0,095
;00:46:34;37;0,089;0,087;0,095;0,095;0,095;0,094;0,086;0,084;0,093;0,094;0,095;0,095;0,096;0,096;0,095;0,094;0,095;0,094;0,103;0,095;0,096;0,095;0,095;0,096;0,095;0,093;0,095;0,094;0,096;0,096;0,096;0,096;0,095;0,092;0,092;0,094;0,096;0,096;0,095;0,099;0,096;0,097;0,096;0,097;0,096;0,095;0,095;0,095
;00:52:34;37;0,089;0,087;0,095;0,095;0,095;0,094;0,086;0,084;0,093;0,095;0,095;0,095;0,096;0,097;0,095;0,095;0,096;0,095;0,103;0,095;0,096;0,096;0,095;0,096;0,095;0,094;0,095;0,094;0,096;0,096;0,097;0,097;0,095;0,092;0,092;0,095;0,097;0,096;0,096;0,1;0,097;0,097;0,096;0,098;0,097;0,095;0,096;0,095
;00:58:34;37;0,089;0,087;0,096;0,096;0,096;0,095;0,086;0,084;0,094;0,095;0,096;0,096;0,097;0,097;0,096;0,095;0,096;0,095;0,103;0,096;0,097;0,096;0,096;0,1;0,095;0,094;0,095;0,094;0,097;0,097;0,097;0,097;0,096;0,093;0,092;0,095;0,097;0,096;0,096;0,1;0,097;0,097;0,097;0,098;0,097;0,096;0,096;0,096
;01:04:34;37;0,089;0,087;0,096;0,096;0,096;0,095;0,086;0,083;0,094;0,096;0,096;0,096;0,097;0,098;0,096;0,096;0,096;0,095;0,104;0,096;0,097;0,096;0,096;0,097;0,096;0,094;0,096;0,094;0,097;0,097;0,098;0,098;0,095;0,093;0,092;0,095;0,097;0,097;0,097;0,101;0,097;0,098;0,097;0,098;0,098;0,096;0,097;0,096
;01:10:34;37,1;0,089;0,087;0,097;0,097;0,097;0,096;0,086;0,084;0,095;0,096;0,097;0,1;0,098;0,1;0,098;0,097;0,097;0,096;0,104;0,097;0,1;0,098;0,097;0,098;0,096;0,095;0,096;0,095;0,098;0,099;0,098;0,099;0,096;0,093;0,093;0,095;0,098;0,097;0,097;0,101;0,098;0,099;0,097;0,099;0,098;0,097;0,097;0,097
;01:16:34;37,1;0,089;0,087;0,098;0,098;0,098;0,097;0,086;0,084;0,096;0,097;0,098;0,097;0,099;0,099;0,098;0,098;0,098;0,096;0,105;0,097;0,099;0,098;0,098;0,099;0,097;0,095;0,097;0,096;0,098;0,099;0,099;0,099;0,096;0,093;0,093;0,095;0,098;0,098;0,098;0,102;0,099;0,099;0,098;0,1;0,099;0,097;0,098;0,098
;01:22:34;37;0,089;0,087;0,099;0,098;0,098;0,098;0,086;0,083;0,097;0,098;0,098;0,098;0,1;0,1;0,098;0,098;0,098;0,097;0,105;0,098;0,099;0,099;0,098;0,099;0,097;0,096;0,097;0,096;0,099;0,099;0,1;0,1;0,096;0,094;0,093;0,095;0,099;0,098;0,098;0,102;0,099;0,1;0,098;0,101;0,099;0,098;0,098;0,098
;01:28:34;37;0,089;0,087;0,099;0,099;0,099;0,098;0,086;0,083;0,097;0,099;0,099;0,099;0,101;0,102;0,099;0,099;0,099;0,097;0,106;0,098;0,102;0,1;0,099;0,1;0,098;0,096;0,098;0,097;0,1;0,1;0,1;0,101;0,097;0,094;0,094;0,096;0,099;0,099;0,099;0,103;0,1;0,1;0,099;0,102;0,1;0,099;0,099;0,099
;01:34:34;37;0,089;0,087;0,1;0,1;0,1;0,099;0,086;0,084;0,098;0,099;0,1;0,1;0,102;0,102;0,1;0,1;0,1;0,098;0,107;0,099;0,101;0,101;0,1;0,104;0,098;0,097;0,098;0,097;0,101;0,101;0,101;0,102;0,097;0,094;0,094;0,096;0,1;0,1;0,1;0,104;0,101;0,101;0,1;0,102;0,101;0,099;0,1;0,1
;01:40:34;37;0,089;0,087;0,101;0,101;0,101;0,101;0,086;0,084;0,099;0,1;0,101;0,101;0,102;0,104;0,101;0,101;0,101;0,099;0,108;0,1;0,103;0,101;0,101;0,102;0,099;0,097;0,099;0,098;0,101;0,102;0,102;0,102;0,097;0,095;0,094;0,097;0,101;0,1;0,1;0,104;0,101;0,102;0,1;0,103;0,102;0,1;0,1;0,1
;01:46:34;37;0,089;0,087;0,103;0,102;0,102;0,101;0,086;0,083;0,1;0,101;0,102;0,101;0,104;0,103;0,102;0,102;0,101;0,1;0,109;0,101;0,103;0,102;0,102;0,103;0,1;0,098;0,1;0,098;0,102;0,102;0,103;0,103;0,098;0,095;0,095;0,097;0,101;0,101;0,101;0,105;0,102;0,102;0,101;0,104;0,102;0,101;0,101;0,101
;01:52:34;37,1;0,089;0,087;0,103;0,103;0,103;0,102;0,086;0,083;0,101;0,102;0,103;0,103;0,104;0,106;0,103;0,103;0,102;0,101;0,109;0,101;0,104;0,103;0,103;0,104;0,1;0,099;0,1;0,099;0,103;0,103;0,104;0,104;0,098;0,095;0,095;0,097;0,102;0,102;0,102;0,106;0,102;0,103;0,102;0,104;0,103;0,101;0,101;0,102
;01:58:34;37;0,089;0,087;0,105;0,104;0,104;0,105;0,086;0,083;0,102;0,103;0,104;0,103;0,106;0,107;0,105;0,104;0,103;0,101;0,11;0,102;0,106;0,104;0,104;0,105;0,101;0,099;0,101;0,1;0,104;0,104;0,105;0,105;0,098;0,096;0,095;0,098;0,103;0,102;0,102;0,106;0,103;0,103;0,102;0,105;0,104;0,102;0,102;0,102
;02:04:34;37;0,089;0,087;0,106;0,106;0,106;0,105;0,086;0,083;0,103;0,106;0,105;0,107;0,109;0,11;0,107;0,106;0,104;0,102;0,111;0,103;0,108;0,106;0,105;0,106;0,102;0,1;0,101;0,1;0,105;0,105;0,105;0,106;0,099;0,096;0,096;0,098;0,103;0,102;0,103;0,107;0,104;0,104;0,103;0,106;0,104;0,103;0,103;0,103
;02:10:34;37;0,089;0,087;0,108;0,107;0,107;0,106;0,086;0,084;0,104;0,105;0,106;0,105;0,112;0,11;0,107;0,108;0,104;0,103;0,112;0,104;0,108;0,107;0,106;0,107;0,102;0,101;0,102;0,101;0,106;0,106;0,107;0,107;0,099;0,096;0,096;0,099;0,104;0,103;0,104;0,108;0,105;0,105;0,104;0,107;0,105;0,104;0,104;0,104
;02:16:34;37;0,089;0,087;0,116;0,113;0,113;0,11;0,086;0,083;0,108;0,11;0,109;0,111;0,114;0,113;0,111;0,11;0,108;0,106;0,116;0,105;0,111;0,109;0,108;0,111;0,103;0,103;0,103;0,103;0,107;0,107;0,108;0,109;0,1;0,097;0,097;0,099;0,105;0,104;0,104;0,109;0,105;0,106;0,104;0,107;0,106;0,104;0,104;0,104
;02:22:34;37;0,089;0,087;0,121;0,116;0,114;0,112;0,086;0,084;0,109;0,111;0,111;0,112;0,116;0,115;0,112;0,112;0,108;0,107;0,116;0,106;0,113;0,11;0,11;0,118;0,103;0,102;0,103;0,102;0,108;0,108;0,109;0,11;0,1;0,098;0,097;0,099;0,106;0,108;0,106;0,11;0,106;0,107;0,106;0,108;0,107;0,105;0,105;0,106
;02:28:34;37;0,089;0,087;0,128;0,112;0,112;0,112;0,086;0,084;0,109;0,111;0,111;0,111;0,116;0,116;0,113;0,112;0,107;0,106;0,115;0,107;0,113;0,112;0,11;0,115;0,104;0,102;0,104;0,103;0,11;0,11;0,11;0,11;0,101;0,098;0,098;0,1;0,107;0,106;0,106;0,111;0,107;0,108;0,106;0,109;0,108;0,106;0,106;0,107
;02:34:34;37;0,089;0,087;0,129;0,117;0,116;0,114;0,086;0,083;0,11;0,112;0,112;0,114;0,119;0,118;0,115;0,113;0,108;0,107;0,115;0,108;0,115;0,113;0,112;0,114;0,105;0,103;0,105;0,103;0,11;0,11;0,111;0,111;0,101;0,098;0,099;0,1;0,107;0,107;0,107;0,111;0,108;0,108;0,107;0,11;0,109;0,107;0,107;0,107
;02:40:34;37;0,089;0,087;0,128;0,122;0,12;0,115;0,086;0,084;0,112;0,118;0,113;0,123;0,12;0,119;0,116;0,115;0,11;0,108;0,117;0,109;0,116;0,114;0,113;0,115;0,105;0,104;0,106;0,104;0,111;0,112;0,112;0,113;0,102;0,099;0,099;0,101;0,108;0,107;0,108;0,112;0,109;0,109;0,108;0,111;0,11;0,108;0,115;0,108
;02:46:34;37;0,089;0,087;0,125;0,123;0,119;0,118;0,086;0,084;0,115;0,12;0,116;0,123;0,121;0,121;0,118;0,117;0,11;0,109;0,118;0,11;0,117;0,115;0,115;0,116;0,106;0,105;0,106;0,105;0,113;0,113;0,113;0,114;0,102;0,099;0,099;0,102;0,109;0,108;0,109;0,113;0,11;0,11;0,109;0,112;0,11;0,109;0,109;0,109
;02:52:34;37;0,089;0,088;0,125;0,124;0,125;0,121;0,086;0,084;0,119;0,125;0,117;0,127;0,125;0,124;0,121;0,12;0,113;0,111;0,122;0,111;0,119;0,117;0,117;0,119;0,107;0,105;0,107;0,106;0,114;0,114;0,115;0,115;0,102;0,1;0,099;0,102;0,11;0,109;0,11;0,115;0,111;0,111;0,11;0,113;0,111;0,11;0,11;0,111
;02:58:34;37;0,089;0,087;0,126;0,125;0,125;0,124;0,086;0,083;0,118;0,121;0,118;0,125;0,126;0,125;0,122;0,121;0,114;0,113;0,121;0,112;0,12;0,119;0,118;0,12;0,107;0,106;0,108;0,107;0,115;0,115;0,116;0,116;0,103;0,1;0,1;0,102;0,111;0,11;0,111;0,115;0,112;0,112;0,111;0,114;0,112;0,111;0,111;0,111
;03:04:34;37;0,089;0,087;0,128;0,127;0,126;0,126;0,086;0,084;0,121;0,123;0,131;0,124;0,126;0,126;0,124;0,124;0,116;0,114;0,121;0,113;0,121;0,119;0,119;0,123;0,108;0,107;0,108;0,109;0,117;0,116;0,117;0,118;0,103;0,101;0,101;0,103;0,112;0,111;0,112;0,116;0,112;0,113;0,111;0,114;0,113;0,112;0,112;0,112
;03:10:34;37;0,089;0,087;0,132;0,132;0,131;0,13;0,086;0,083;0,121;0,123;0,126;0,122;0,132;0,131;0,128;0,127;0,117;0,115;0,129;0,116;0,125;0,122;0,122;0,126;0,109;0,109;0,109;0,109;0,119;0,118;0,119;0,119;0,104;0,101;0,101;0,103;0,113;0,112;0,113;0,117;0,114;0,114;0,113;0,116;0,114;0,113;0,113;0,113
;03:16:34;37,1;0,089;0,087;0,134;0,134;0,133;0,132;0,086;0,083;0,122;0,123;0,126;0,123;0,133;0,131;0,129;0,129;0,12;0,117;0,128;0,121;0,125;0,123;0,123;0,124;0,11;0,108;0,11;0,109;0,119;0,119;0,12;0,121;0,105;0,102;0,101;0,104;0,114;0,113;0,114;0,118;0,115;0,115;0,113;0,116;0,115;0,114;0,114;0,114
;03:22:34;37,1;0,089;0,087;0,138;0,137;0,137;0,135;0,086;0,083;0,123;0,124;0,127;0,124;0,137;0,135;0,132;0,131;0,119;0,116;0,128;0,118;0,127;0,138;0,125;0,126;0,111;0,111;0,111;0,113;0,121;0,12;0,121;0,122;0,105;0,102;0,102;0,105;0,115;0,114;0,115;0,119;0,116;0,116;0,115;0,118;0,116;0,115;0,115;0,115
;03:28:34;37,1;0,089;0,088;0,141;0,141;0,14;0,139;0,086;0,084;0,128;0,126;0,127;0,126;0,14;0,138;0,135;0,135;0,123;0,121;0,129;0,119;0,129;0,127;0,128;0,129;0,111;0,112;0,113;0,112;0,122;0,122;0,123;0,123;0,105;0,103;0,102;0,105;0,116;0,115;0,116;0,12;0,117;0,117;0,115;0,119;0,117;0,116;0,116;0,116
;03:34:34;37,1;0,089;0,087;0,145;0,144;0,144;0,142;0,086;0,083;0,127;0,128;0,129;0,128;0,143;0,14;0,137;0,136;0,122;0,121;0,129;0,12;0,131;0,129;0,129;0,131;0,112;0,111;0,112;0,112;0,124;0,123;0,125;0,125;0,106;0,103;0,103;0,106;0,117;0,116;0,117;0,121;0,118;0,118;0,117;0,12;0,118;0,117;0,117;0,117
;03:40:34;37,1;0,089;0,087;0,149;0,149;0,148;0,146;0,086;0,084;0,129;0,13;0,132;0,131;0,145;0,143;0,14;0,139;0,122;0,121;0,13;0,121;0,133;0,131;0,131;0,133;0,113;0,112;0,113;0,112;0,126;0,125;0,126;0,127;0,106;0,103;0,104;0,106;0,118;0,117;0,118;0,122;0,119;0,119;0,118;0,121;0,119;0,118;0,118;0,119
;03:46:34;37,1;0,089;0,086;0,154;0,153;0,152;0,15;0,086;0,084;0,132;0,133;0,133;0,133;0,148;0,147;0,144;0,143;0,123;0,122;0,131;0,123;0,136;0,133;0,133;0,135;0,114;0,113;0,114;0,114;0,127;0,127;0,128;0,128;0,107;0,104;0,104;0,107;0,119;0,118;0,119;0,123;0,12;0,121;0,119;0,122;0,12;0,119;0,119;0,12
;03:52:34;37,1;0,089;0,087;0,159;0,158;0,157;0,156;0,086;0,084;0,135;0,135;0,138;0,135;0,151;0,151;0,147;0,146;0,125;0,123;0,134;0,125;0,138;0,136;0,136;0,137;0,115;0,114;0,115;0,115;0,129;0,129;0,13;0,131;0,107;0,105;0,105;0,107;0,121;0,119;0,12;0,125;0,121;0,122;0,12;0,123;0,122;0,121;0,12;0,121
;03:58:34;37;0,089;0,087;0,164;0,164;0,163;0,161;0,086;0,084;0,137;0,138;0,139;0,138;0,156;0,155;0,152;0,152;0,127;0,125;0,135;0,127;0,141;0,139;0,139;0,141;0,115;0,116;0,117;0,116;0,132;0,131;0,132;0,133;0,108;0,105;0,105;0,108;0,122;0,121;0,122;0,126;0,123;0,123;0,122;0,125;0,123;0,122;0,122;0,122
;04:04:34;37;0,089;0,086;0,17;0,169;0,168;0,167;0,086;0,083;0,14;0,14;0,141;0,14;0,164;0,162;0,155;0,154;0,128;0,126;0,135;0,128;0,142;0,14;0,14;0,141;0,116;0,116;0,117;0,117;0,133;0,132;0,133;0,134;0,109;0,106;0,106;0,108;0,123;0,121;0,123;0,127;0,124;0,124;0,122;0,126;0,124;0,123;0,123;0,124
;04:10:34;37;0,089;0,087;0,181;0,18;0,175;0,175;0,086;0,083;0,142;0,144;0,144;0,143;0,169;0,166;0,16;0,16;0,13;0,128;0,137;0,13;0,147;0,144;0,144;0,147;0,117;0,117;0,119;0,118;0,135;0,136;0,136;0,136;0,109;0,106;0,106;0,109;0,125;0,123;0,124;0,129;0,126;0,126;0,128;0,127;0,125;0,125;0,124;0,125
;04:16:34;37,1;0,089;0,087;0,185;0,185;0,184;0,186;0,086;0,083;0,145;0,146;0,147;0,146;0,173;0,172;0,165;0,166;0,131;0,129;0,139;0,131;0,149;0,147;0,146;0,148;0,118;0,118;0,12;0,119;0,137;0,137;0,138;0,138;0,11;0,107;0,107;0,11;0,126;0,124;0,126;0,13;0,127;0,128;0,125;0,129;0,127;0,127;0,125;0,127
;04:22:34;37,1;0,09;0,088;0,197;0,196;0,197;0,194;0,087;0,083;0,148;0,149;0,15;0,15;0,176;0,18;0,171;0,172;0,133;0,131;0,141;0,133;0,152;0,15;0,151;0,152;0,119;0,119;0,121;0,12;0,141;0,139;0,141;0,141;0,11;0,107;0,107;0,111;0,128;0,126;0,128;0,132;0,128;0,129;0,127;0,13;0,128;0,128;0,127;0,128
;04:28:34;37;0,089;0,087;0,195;0,195;0,197;0,192;0,086;0,084;0,152;0,152;0,154;0,153;0,181;0,183;0,176;0,175;0,135;0,133;0,142;0,135;0,155;0,152;0,153;0,154;0,12;0,12;0,121;0,121;0,142;0,141;0,142;0,143;0,111;0,108;0,108;0,111;0,129;0,127;0,129;0,133;0,13;0,13;0,129;0,132;0,13;0,129;0,129;0,129
;04:34:34;37,1;0,089;0,087;0,204;0,204;0,202;0,2;0,086;0,083;0,155;0,156;0,157;0,156;0,187;0,189;0,181;0,181;0,137;0,135;0,144;0,137;0,158;0,156;0,156;0,158;0,121;0,12;0,122;0,122;0,145;0,143;0,145;0,146;0,111;0,109;0,109;0,111;0,131;0,129;0,13;0,135;0,132;0,132;0,13;0,133;0,132;0,131;0,13;0,132
;04:40:34;37,1;0,09;0,087;0,213;0,212;0,21;0,208;0,086;0,084;0,159;0,16;0,161;0,16;0,192;0,19;0,188;0,187;0,139;0,137;0,146;0,139;0,162;0,16;0,161;0,162;0,122;0,121;0,124;0,123;0,149;0,147;0,148;0,159;0,112;0,109;0,11;0,113;0,132;0,131;0,132;0,137;0,133;0,134;0,132;0,135;0,133;0,133;0,132;0,133
;04:46:34;37,1;0,089;0,088;0,223;0,222;0,22;0,217;0,087;0,083;0,163;0,163;0,164;0,167;0,198;0,197;0,195;0,192;0,14;0,138;0,148;0,141;0,167;0,166;0,165;0,166;0,122;0,122;0,124;0,123;0,151;0,149;0,151;0,152;0,113;0,11;0,11;0,113;0,134;0,132;0,134;0,138;0,135;0,135;0,133;0,137;0,135;0,135;0,134;0,135
;04:52:34;37,1;0,089;0,086;0,236;0,234;0,23;0,228;0,086;0,084;0,167;0,166;0,168;0,169;0,206;0,205;0,203;0,199;0,142;0,14;0,15;0,142;0,18;0,167;0,167;0,169;0,124;0,122;0,125;0,124;0,153;0,151;0,153;0,155;0,113;0,111;0,11;0,114;0,136;0,134;0,135;0,14;0,137;0,138;0,135;0,139;0,137;0,136;0,135;0,136
;04:58:34;37,1;0,089;0,087;0,244;0,246;0,243;0,24;0,086;0,083;0,171;0,17;0,173;0,174;0,214;0,212;0,208;0,206;0,144;0,142;0,152;0,144;0,174;0,171;0,171;0,172;0,125;0,123;0,126;0,125;0,157;0,154;0,156;0,157;0,114;0,111;0,111;0,114;0,137;0,136;0,137;0,142;0,139;0,139;0,137;0,14;0,139;0,139;0,137;0,138
;05:04:34;37,1;0,089;0,088;0,259;0,255;0,253;0,249;0,086;0,084;0,175;0,177;0,177;0,18;0,222;0,221;0,218;0,215;0,146;0,144;0,154;0,147;0,179;0,176;0,176;0,177;0,126;0,125;0,128;0,126;0,16;0,158;0,16;0,16;0,114;0,112;0,112;0,115;0,139;0,138;0,14;0,144;0,141;0,141;0,139;0,142;0,14;0,14;0,139;0,14
;05:10:34;37;0,089;0,087;0,27;0,268;0,265;0,264;0,086;0,083;0,18;0,182;0,181;0,183;0,231;0,23;0,226;0,223;0,148;0,146;0,156;0,149;0,184;0,181;0,181;0,182;0,127;0,125;0,128;0,127;0,163;0,161;0,163;0,164;0,115;0,112;0,112;0,116;0,142;0,14;0,141;0,146;0,143;0,144;0,141;0,144;0,142;0,142;0,141;0,142
;05:16:34;37;0,089;0,087;0,284;0,281;0,277;0,281;0,086;0,083;0,189;0,187;0,187;0,186;0,241;0,24;0,235;0,232;0,151;0,148;0,158;0,151;0,189;0,186;0,186;0,186;0,128;0,126;0,129;0,129;0,167;0,164;0,166;0,168;0,116;0,113;0,113;0,116;0,144;0,142;0,144;0,149;0,145;0,146;0,143;0,146;0,144;0,145;0,143;0,144
;05:22:34;37;0,089;0,087;0,304;0,295;0,293;0,298;0,086;0,084;0,193;0,19;0,194;0,189;0,252;0,25;0,245;0,241;0,153;0,151;0,161;0,154;0,195;0,191;0,191;0,191;0,129;0,127;0,13;0,13;0,17;0,168;0,17;0,171;0,116;0,113;0,113;0,117;0,146;0,144;0,145;0,15;0,148;0,148;0,145;0,149;0,147;0,146;0,145;0,146
;05:28:34;37,1;0,089;0,087;0,32;0,31;0,308;0,313;0,086;0,083;0,199;0,194;0,201;0,195;0,264;0,261;0,255;0,252;0,155;0,153;0,163;0,157;0,201;0,196;0,197;0,197;0,13;0,129;0,131;0,132;0,175;0,171;0,174;0,175;0,117;0,114;0,114;0,117;0,148;0,146;0,148;0,152;0,15;0,15;0,148;0,151;0,149;0,149;0,147;0,149
;05:34:34;37;0,089;0,087;0,338;0,324;0,32;0,328;0,086;0,083;0,207;0,198;0,21;0,203;0,277;0,273;0,267;0,263;0,158;0,156;0,166;0,16;0,207;0,203;0,203;0,204;0,131;0,13;0,133;0,133;0,179;0,176;0,178;0,179;0,118;0,115;0,115;0,118;0,151;0,148;0,151;0,155;0,153;0,153;0,15;0,154;0,151;0,152;0,15;0,151
;05:40:34;37,1;0,089;0,087;0,348;0,341;0,339;0,342;0,086;0,083;0,21;0,204;0,213;0,214;0,297;0,286;0,279;0,275;0,161;0,158;0,169;0,163;0,213;0,209;0,209;0,209;0,133;0,131;0,134;0,134;0,183;0,195;0,182;0,183;0,118;0,115;0,115;0,119;0,153;0,15;0,153;0,157;0,155;0,155;0,153;0,156;0,153;0,154;0,152;0,153
;05:46:34;37,1;0,089;0,087;0,366;0,356;0,355;0,358;0,086;0,084;0,216;0,209;0,218;0,222;0,315;0,301;0,293;0,288;0,163;0,161;0,172;0,166;0,221;0,215;0,216;0,216;0,134;0,132;0,135;0,135;0,187;0,183;0,187;0,187;0,119;0,116;0,116;0,119;0,156;0,153;0,155;0,16;0,158;0,158;0,155;0,159;0,156;0,157;0,154;0,156
;05:52:34;37,1;0,089;0,088;0,376;0,371;0,371;0,368;0,086;0,084;0,225;0,216;0,229;0,22;0,338;0,316;0,307;0,302;0,166;0,165;0,175;0,173;0,229;0,224;0,223;0,224;0,135;0,133;0,137;0,141;0,193;0,188;0,191;0,192;0,119;0,117;0,117;0,12;0,159;0,155;0,158;0,162;0,161;0,161;0,158;0,161;0,159;0,16;0,157;0,159
;05:58:34;37,1;0,089;0,087;0,39;0,388;0,39;0,385;0,086;0,083;0,223;0,223;0,226;0,227;0,336;0,337;0,322;0,316;0,169;0,168;0,178;0,174;0,235;0,229;0,23;0,229;0,136;0,134;0,137;0,137;0,197;0,192;0,195;0,197;0,12;0,118;0,117;0,121;0,161;0,161;0,161;0,165;0,163;0,163;0,161;0,164;0,162;0,163;0,16;0,162
;06:04:34;37,1;0,089;0,087;0,41;0,406;0,412;0,404;0,086;0,084;0,229;0,23;0,233;0,235;0,349;0,361;0,338;0,332;0,172;0,171;0,186;0,181;0,244;0,238;0,238;0,237;0,137;0,136;0,138;0,139;0,203;0,197;0,201;0,202;0,121;0,118;0,118;0,121;0,164;0,161;0,164;0,168;0,166;0,167;0,163;0,167;0,164;0,166;0,163;0,165
;06:10:34;37,1;0,089;0,087;0,425;0,423;0,423;0,42;0,086;0,083;0,236;0,236;0,24;0,243;0,365;0,372;0,355;0,348;0,175;0,173;0,187;0,18;0,251;0,245;0,246;0,245;0,139;0,136;0,14;0,14;0,208;0,202;0,205;0,207;0,121;0,118;0,119;0,122;0,167;0,163;0,167;0,171;0,17;0,17;0,167;0,17;0,167;0,168;0,165;0,168
;06:16:34;37,1;0,089;0,088;0,445;0,442;0,445;0,439;0,086;0,083;0,244;0,246;0,249;0,253;0,383;0,39;0,372;0,366;0,178;0,178;0,194;0,19;0,261;0,255;0,255;0,254;0,14;0,138;0,141;0,142;0,213;0,208;0,211;0,212;0,122;0,119;0,119;0,123;0,171;0,166;0,17;0,174;0,173;0,173;0,17;0,173;0,171;0,172;0,168;0,171
;06:22:34;37;0,089;0,087;0,463;0,46;0,461;0,458;0,086;0,083;0,251;0,252;0,259;0,258;0,4;0,395;0,398;0,383;0,182;0,18;0,196;0,184;0,27;0,263;0,263;0,263;0,141;0,139;0,142;0,142;0,219;0,212;0,216;0,218;0,123;0,12;0,12;0,124;0,173;0,169;0,172;0,177;0,176;0,176;0,173;0,176;0,174;0,175;0,172;0,174
;06:28:34;37,1;0,089;0,088;0,483;0,48;0,481;0,478;0,086;0,083;0,26;0,263;0,269;0,272;0,417;0,413;0,42;0,416;0,185;0,182;0,197;0,186;0,281;0,273;0,274;0,272;0,143;0,141;0,144;0,144;0,225;0,218;0,222;0,224;0,124;0,12;0,121;0,124;0,177;0,173;0,176;0,18;0,179;0,179;0,176;0,179;0,177;0,178;0,174;0,177
;06:34:34;37,1;0,089;0,087;0,504;0,502;0,5;0,498;0,087;0,083;0,269;0,276;0,274;0,277;0,439;0,431;0,442;0,441;0,194;0,192;0,198;0,19;0,292;0,284;0,284;0,282;0,144;0,142;0,145;0,146;0,233;0,225;0,229;0,23;0,124;0,121;0,122;0,125;0,18;0,175;0,179;0,184;0,183;0,183;0,179;0,183;0,18;0,182;0,177;0,181
;06:40:34;37,1;0,089;0,087;0,523;0,52;0,521;0,517;0,086;0,083;0,277;0,28;0,286;0,287;0,452;0,447;0,457;0,44;0,198;0,196;0,2;0,194;0,301;0,293;0,294;0,293;0,145;0,143;0,147;0,147;0,238;0,23;0,234;0,236;0,125;0,123;0,122;0,127;0,183;0,179;0,182;0,187;0,187;0,187;0,183;0,186;0,184;0,185;0,181;0,185
;06:46:34;37,1;0,089;0,087;0,542;0,539;0,54;0,537;0,086;0,083;0,286;0,286;0,294;0,292;0,465;0,462;0,455;0,447;0,2;0,198;0,203;0,198;0,312;0,303;0,305;0,303;0,147;0,144;0,148;0,148;0,245;0,236;0,24;0,242;0,126;0,123;0,123;0,127;0,187;0,182;0,186;0,191;0,19;0,19;0,187;0,189;0,187;0,188;0,184;0,189
;06:52:34;37,1;0,089;0,087;0,561;0,558;0,56;0,556;0,086;0,083;0,295;0,295;0,304;0,302;0,481;0,478;0,468;0,463;0,205;0,202;0,208;0,202;0,325;0,315;0,316;0,314;0,148;0,146;0,149;0,15;0,251;0,242;0,247;0,248;0,127;0,123;0,124;0,127;0,191;0,185;0,189;0,194;0,194;0,194;0,19;0,193;0,191;0,192;0,188;0,193
;06:58:34;37,1;0,089;0,087;0,58;0,577;0,58;0,576;0,086;0,084;0,307;0,304;0,311;0,311;0,495;0,493;0,485;0,479;0,208;0,204;0,213;0,206;0,336;0,327;0,327;0,326;0,15;0,147;0,151;0,152;0,26;0,25;0,258;0,257;0,127;0,124;0,125;0,129;0,194;0,189;0,193;0,198;0,199;0,198;0,194;0,197;0,194;0,197;0,192;0,196
;07:04:34;37,1;0,089;0,086;0,601;0,6;0,599;0,595;0,086;0,083;0,316;0,316;0,325;0,323;0,511;0,509;0,5;0,494;0,211;0,207;0,216;0,212;0,348;0,338;0,339;0,337;0,151;0,149;0,153;0,153;0,267;0,256;0,26;0,263;0,128;0,125;0,126;0,129;0,198;0,192;0,197;0,201;0,202;0,201;0,198;0,201;0,198;0,2;0,196;0,199
;07:10:34;37,1;0,089;0,087;0,618;0,624;0,616;0,614;0,086;0,084;0,326;0,326;0,342;0,34;0,527;0,524;0,514;0,51;0,214;0,21;0,22;0,217;0,361;0,35;0,352;0,349;0,153;0,15;0,154;0,155;0,275;0,262;0,268;0,27;0,128;0,126;0,127;0,13;0,202;0,196;0,202;0,205;0,206;0,206;0,201;0,204;0,202;0,204;0,199;0,204
;07:16:34;37,1;0,089;0,087;0,636;0,646;0,635;0,632;0,086;0,083;0,338;0,338;0,354;0,348;0,55;0,54;0,53;0,525;0,217;0,212;0,225;0,222;0,374;0,362;0,365;0,362;0,154;0,152;0,156;0,157;0,283;0,27;0,275;0,278;0,129;0,127;0,127;0,131;0,205;0,199;0,204;0,21;0,21;0,21;0,205;0,208;0,205;0,208;0,203;0,207
;07:22:34;37,1;0,089;0,087;0,654;0,656;0,69;0,682;0,086;0,084;0,349;0,349;0,364;0,364;0,57;0,555;0,562;0,539;0,222;0,216;0,23;0,227;0,386;0,375;0,377;0,375;0,156;0,153;0,158;0,159;0,291;0,278;0,282;0,286;0,13;0,128;0,128;0,131;0,209;0,203;0,209;0,213;0,214;0,214;0,209;0,213;0,21;0,212;0,206;0,212
;07:28:34;37;0,089;0,087;0,672;0,688;0,672;0,672;0,086;0,083;0,36;0,359;0,375;0,373;0,58;0,568;0,562;0,58;0,223;0,22;0,235;0,232;0,4;0,387;0,39;0,387;0,157;0,155;0,159;0,161;0,3;0,285;0,29;0,293;0,131;0,128;0,129;0,132;0,213;0,206;0,212;0,217;0,218;0,219;0,213;0,216;0,214;0,216;0,211;0,215
;07:34:34;37;0,089;0,087;0,7;0,69;0,698;0,692;0,086;0,083;0,373;0,371;0,386;0,384;0,587;0,591;0,576;0,573;0,228;0,225;0,239;0,238;0,412;0,399;0,403;0,4;0,159;0,156;0,161;0,162;0,309;0,294;0,298;0,302;0,132;0,129;0,13;0,133;0,217;0,21;0,216;0,221;0,223;0,223;0,218;0,221;0,218;0,221;0,214;0,22
;07:40:34;37;0,089;0,087;0,717;0,707;0,714;0,708;0,086;0,083;0,386;0,383;0,398;0,397;0,598;0,61;0,591;0,587;0,233;0,23;0,247;0,246;0,426;0,412;0,416;0,413;0,161;0,158;0,163;0,164;0,318;0,302;0,307;0,31;0,132;0,13;0,13;0,134;0,222;0,214;0,22;0,225;0,228;0,227;0,222;0,225;0,222;0,225;0,218;0,225
;07:46:34;37,1;0,089;0,086;0,733;0,726;0,732;0,725;0,086;0,083;0,398;0,396;0,409;0,408;0,632;0,612;0,604;0,6;0,238;0,235;0,254;0,253;0,448;0,424;0,428;0,425;0,163;0,16;0,165;0,166;0,328;0,311;0,315;0,319;0,133;0,13;0,131;0,135;0,226;0,218;0,224;0,23;0,232;0,232;0,226;0,229;0,226;0,23;0,223;0,229
;07:52:34;37;0,089;0,087;0,744;0,742;0,748;0,742;0,086;0,084;0,41;0,408;0,419;0,418;0,633;0,625;0,619;0,615;0,242;0,24;0,256;0,253;0,453;0,437;0,439;0,437;0,164;0,162;0,166;0,168;0,337;0,319;0,323;0,328;0,134;0,131;0,132;0,136;0,231;0,222;0,228;0,234;0,237;0,236;0,231;0,233;0,231;0,233;0,227;0,233
;07:58:34;37,1;0,089;0,087;0,745;0,744;0,754;0,754;0,086;0,083;0,422;0,419;0,43;0,43;0,641;0,638;0,632;0,628;0,249;0,246;0,263;0,261;0,471;0,448;0,451;0,449;0,166;0,163;0,168;0,17;0,346;0,328;0,332;0,336;0,135;0,132;0,132;0,137;0,235;0,226;0,232;0,239;0,242;0,241;0,236;0,237;0,234;0,238;0,231;0,239
;08:04:34;37,1;0,089;0,087;0,748;0,746;0,755;0,753;0,086;0,083;0,435;0,432;0,442;0,443;0,655;0,652;0,645;0,642;0,256;0,253;0,275;0,271;0,489;0,467;0,471;0,461;0,168;0,165;0,17;0,172;0,356;0,338;0,341;0,346;0,135;0,133;0,133;0,138;0,239;0,23;0,236;0,244;0,246;0,245;0,239;0,243;0,239;0,242;0,235;0,242
;08:10:34;37,1;0,089;0,088;0,749;0,746;0,756;0,755;0,087;0,084;0,447;0,445;0,452;0,454;0,668;0,665;0,66;0,657;0,261;0,258;0,277;0,271;0,505;0,48;0,484;0,474;0,17;0,167;0,173;0,174;0,367;0,347;0,351;0,357;0,136;0,135;0,134;0,14;0,244;0,234;0,24;0,247;0,252;0,25;0,244;0,247;0,243;0,247;0,239;0,247
;08:16:34;37;0,089;0,087;0,747;0,746;0,756;0,754;0,086;0,084;0,457;0,454;0,463;0,464;0,68;0,676;0,671;0,668;0,267;0,264;0,282;0,28;0,502;0,491;0,494;0,483;0,172;0,168;0,174;0,176;0,375;0,355;0,358;0,364;0,137;0,134;0,135;0,14;0,248;0,238;0,244;0,251;0,256;0,255;0,249;0,252;0,248;0,252;0,244;0,252
;08:22:34;37,1;0,089;0,087;0,746;0,746;0,754;0,754;0,086;0,083;0,467;0,463;0,472;0,472;0,692;0,689;0,683;0,681;0,274;0,272;0,288;0,286;0,5;0,503;0,506;0,503;0,174;0,171;0,176;0,179;0,386;0,364;0,368;0,373;0,138;0,135;0,136;0,14;0,252;0,242;0,25;0,255;0,262;0,26;0,253;0,256;0,253;0,256;0,248;0,257
;08:28:34;37,1;0,089;0,087;0,744;0,744;0,753;0,753;0,086;0,084;0,477;0,472;0,481;0,482;0,691;0,691;0,693;0,691;0,288;0,289;0,309;0,299;0,51;0,517;0,522;0,52;0,176;0,173;0,179;0,181;0,396;0,375;0,378;0,384;0,139;0,139;0,137;0,143;0,258;0,246;0,254;0,26;0,267;0,266;0,258;0,261;0,257;0,261;0,253;0,262
;08:34:34;37,1;0,089;0,086;0,742;0,741;0,751;0,751;0,086;0,083;0,485;0,481;0,49;0,491;0,689;0,689;0,689;0,687;0,288;0,285;0,301;0,3;0,519;0,524;0,528;0,527;0,178;0,175;0,18;0,183;0,405;0,383;0,386;0,392;0,139;0,137;0,138;0,141;0,261;0,251;0,257;0,264;0,271;0,27;0,263;0,265;0,261;0,266;0,258;0,266
;08:40:34;37,1;0,089;0,087;0,74;0,739;0,748;0,747;0,086;0,083;0,494;0,491;0,498;0,5;0,688;0,686;0,686;0,684;0,293;0,289;0,307;0,306;0,528;0,532;0,536;0,537;0,18;0,176;0,183;0,185;0,413;0,39;0,393;0,401;0,14;0,137;0,138;0,142;0,266;0,254;0,262;0,268;0,276;0,275;0,268;0,27;0,266;0,271;0,261;0,271
;08:46:34;37,1;0,089;0,087;0,736;0,737;0,746;0,747;0,086;0,084;0,506;0,508;0,509;0,513;0,688;0,687;0,686;0,685;0,305;0,305;0,319;0,316;0,539;0,546;0,552;0,55;0,182;0,179;0,185;0,188;0,423;0,402;0,404;0,411;0,141;0,138;0,14;0,144;0,271;0,259;0,266;0,274;0,282;0,28;0,273;0,275;0,27;0,276;0,266;0,276
;08:52:34;37;0,089;0,087;0,734;0,735;0,744;0,742;0,086;0,084;0,511;0,508;0,517;0,518;0,686;0,685;0,685;0,683;0,307;0,304;0,322;0,322;0,547;0,551;0,556;0,556;0,184;0,181;0,187;0,19;0,431;0,409;0,412;0,419;0,141;0,139;0,141;0,145;0,275;0,262;0,271;0,277;0,286;0,285;0,278;0,279;0,275;0,281;0,271;0,281
;08:58:34;37;0,089;0,087;0,731;0,733;0,742;0,742;0,086;0,084;0,523;0,517;0,527;0,532;0,685;0,683;0,684;0,682;0,318;0,317;0,332;0,33;0,556;0,562;0,567;0,567;0,187;0,183;0,19;0,193;0,44;0,418;0,42;0,427;0,142;0,14;0,141;0,145;0,28;0,268;0,275;0,281;0,293;0,29;0,283;0,284;0,279;0,285;0,275;0,286
;09:04:34;37,1;0,089;0,087;0,732;0,73;0,739;0,739;0,086;0,083;0,532;0,528;0,535;0,538;0,684;0,682;0,682;0,68;0,324;0,321;0,338;0,338;0,565;0,571;0,574;0,575;0,189;0,186;0,192;0,195;0,448;0,427;0,429;0,435;0,143;0,141;0,142;0,146;0,286;0,272;0,28;0,287;0,298;0,296;0,287;0,289;0,285;0,289;0,28;0,291
;09:10:34;37;0,089;0,087;0,729;0,729;0,737;0,736;0,086;0,083;0,541;0,535;0,544;0,549;0,682;0,681;0,68;0,68;0,333;0,331;0,346;0,346;0,573;0,58;0,583;0,584;0,192;0,188;0,195;0,198;0,455;0,435;0,436;0,443;0,144;0,144;0,143;0,148;0,29;0,275;0,283;0,291;0,304;0,301;0,293;0,294;0,289;0,295;0,284;0,295
;09:16:34;37;0,089;0,086;0,727;0,727;0,734;0,734;0,086;0,084;0,553;0,548;0,551;0,556;0,681;0,68;0,679;0,678;0,338;0,336;0,353;0,354;0,584;0,586;0,589;0,588;0,194;0,19;0,197;0,201;0,462;0,442;0,444;0,451;0,145;0,142;0,144;0,148;0,295;0,281;0,288;0,295;0,31;0,306;0,298;0,299;0,293;0,3;0,289;0,302
;09:22:34;37,1;0,089;0,086;0,724;0,724;0,731;0,731;0,086;0,083;0,554;0,553;0,558;0,56;0,679;0,677;0,677;0,675;0,345;0,341;0,361;0,362;0,611;0,592;0,594;0,592;0,196;0,193;0,199;0,203;0,469;0,449;0,45;0,457;0,146;0,143;0,145;0,149;0,299;0,285;0,293;0,3;0,315;0,312;0,302;0,304;0,298;0,305;0,293;0,305
;09:28:34;37;0,089;0,087;0,729;0,724;0,731;0,73;0,086;0,084;0,577;0,573;0,571;0,578;0,68;0,678;0,678;0,676;0,354;0,349;0,371;0,371;0,617;0,603;0,607;0,606;0,199;0,196;0,203;0,207;0,477;0,457;0,459;0,466;0,147;0,144;0,146;0,152;0,305;0,289;0,297;0,305;0,32;0,317;0,309;0,309;0,304;0,311;0,299;0,311
;09:34:34;37;0,089;0,087;0,722;0,718;0,726;0,726;0,086;0,083;0,577;0,565;0,58;0,579;0,676;0,675;0,674;0,673;0,362;0,357;0,378;0,379;0,619;0,607;0,61;0,601;0,201;0,198;0,205;0,209;0,482;0,462;0,464;0,471;0,148;0,145;0,147;0,151;0,31;0,293;0,302;0,309;0,326;0,323;0,314;0,314;0,308;0,316;0,303;0,317
;09:40:34;37,1;0,089;0,087;0,715;0,71;0,73;0,724;0,086;0,083;0,58;0,57;0,585;0,588;0,674;0,673;0,673;0,671;0,37;0,365;0,386;0,388;0,622;0,614;0,615;0,609;0,203;0,2;0,207;0,212;0,488;0,469;0,469;0,477;0,149;0,146;0,147;0,152;0,315;0,297;0,306;0,316;0,333;0,329;0,319;0,319;0,313;0,321;0,308;0,323
;09:46:34;37,1;0,089;0,087;0,712;0,728;0,722;0,736;0,086;0,083;0,586;0,577;0,589;0,591;0,674;0,672;0,672;0,671;0,378;0,373;0,394;0,397;0,615;0,616;0,616;0,609;0,207;0,203;0,211;0,215;0,495;0,475;0,476;0,483;0,149;0,148;0,148;0,154;0,32;0,303;0,311;0,32;0,339;0,334;0,324;0,325;0,318;0,326;0,313;0,327
;09:52:34;37;0,089;0,087;0,713;0,715;0,721;0,721;0,086;0,083;0,598;0,584;0,597;0,597;0,673;0,671;0,671;0,669;0,387;0,382;0,404;0,407;0,62;0,615;0,615;0,614;0,209;0,206;0,213;0,218;0,501;0,481;0,482;0,489;0,15;0,148;0,15;0,154;0,327;0,308;0,315;0,325;0,344;0,34;0,33;0,331;0,323;0,331;0,318;0,333
;09:58:34;37,2;0,089;0,087;0,716;0,709;0,723;0,72;0,086;0,083;0,605;0,594;0,602;0,605;0,674;0,672;0,671;0,67;0,393;0,388;0,412;0,415;0,612;0,606;0,607;0,607;0,212;0,208;0,217;0,222;0,507;0,487;0,487;0,495;0,151;0,15;0,15;0,156;0,331;0,312;0,321;0,329;0,35;0,345;0,335;0,335;0,328;0,336;0,322;0,338
;10:04:34;37,1;0,089;0,087;0,716;0,713;0,717;0,719;0,086;0,083;0,601;0,595;0,604;0,604;0,678;0,67;0,669;0,669;0,402;0,398;0,42;0,423;0,612;0,609;0,608;0,614;0,216;0,21;0,219;0,225;0,512;0,492;0,493;0,5;0,152;0,151;0,151;0,157;0,336;0,318;0,326;0,334;0,355;0,351;0,34;0,341;0,332;0,342;0,327;0,344
;10:10:34;37;0,089;0,086;0,708;0,708;0,723;0,718;0,086;0,083;0,605;0,604;0,61;0,608;0,669;0,669;0,667;0,669;0,412;0,407;0,43;0,434;0,62;0,613;0,613;0,619;0,217;0,213;0,222;0,228;0,519;0,498;0,498;0,505;0,153;0,15;0,153;0,157;0,341;0,321;0,33;0,339;0,361;0,357;0,346;0,347;0,338;0,346;0,332;0,349
;10:16:34;37;0,089;0,087;0,71;0,712;0,731;0,721;0,086;0,084;0,609;0,6;0,607;0,604;0,669;0,672;0,686;0,665;0,42;0,416;0,44;0,443;0,606;0,613;0,613;0,615;0,222;0,217;0,226;0,231;0,524;0,504;0,504;0,511;0,154;0,153;0,153;0,159;0,347;0,326;0,335;0,344;0,368;0,363;0,352;0,351;0,343;0,353;0,337;0,355
;10:22:34;37;0,089;0,088;0,71;0,713;0,734;0,73;0,086;0,083;0,615;0,608;0,61;0,606;0,668;0,667;0,666;0,664;0,431;0,425;0,45;0,453;0,6;0,616;0,601;0,62;0,224;0,22;0,23;0,235;0,53;0,51;0,51;0,517;0,155;0,152;0,155;0,16;0,352;0,331;0,342;0,349;0,374;0,368;0,357;0,356;0,348;0,358;0,342;0,36
;10:28:34;37;0,089;0,087;0,705;0,707;0,715;0,714;0,086;0,083;0,6;0,598;0,603;0,598;0,665;0,665;0,664;0,664;0,439;0,433;0,457;0,46;0,599;0,598;0,594;0,595;0,228;0,222;0,232;0,238;0,531;0,514;0,514;0,522;0,156;0,154;0,155;0,161;0,357;0,335;0,344;0,353;0,379;0,373;0,362;0,362;0,353;0,363;0,347;0,365
;10:34:34;37;0,089;0,087;0,704;0,706;0,715;0,729;0,086;0,084;0,601;0,6;0,602;0,598;0,665;0,665;0,665;0,663;0,447;0,442;0,464;0,468;0,599;0,592;0,592;0,594;0,231;0,225;0,235;0,241;0,528;0,518;0,517;0,522;0,157;0,156;0,156;0,162;0,363;0,34;0,349;0,359;0,384;0,38;0,368;0,367;0,358;0,368;0,353;0,371
;10:40:34;37,1;0,089;0,087;0,722;0,718;0,721;0,73;0,086;0,083;0,613;0,616;0,609;0,601;0,667;0,664;0,664;0,663;0,458;0,452;0,475;0,482;0,598;0,592;0,591;0,593;0,234;0,229;0,239;0,245;0,526;0,515;0,514;0,52;0,158;0,155;0,157;0,163;0,369;0,345;0,354;0,363;0,39;0,385;0,374;0,372;0,362;0,374;0,357;0,376
;10:46:34;37,1;0,089;0,087;0,706;0,71;0,716;0,714;0,086;0,083;0,605;0,599;0,604;0,598;0,665;0,664;0,663;0,662;0,464;0,459;0,481;0,484;0,596;0,591;0,591;0,592;0,238;0,232;0,243;0,249;0,524;0,514;0,511;0,518;0,159;0,156;0,158;0,164;0,373;0,351;0,359;0,368;0,395;0,39;0,378;0,378;0,368;0,379;0,362;0,381
;10:52:34;37;0,089;0,086;0,709;0,713;0,717;0,713;0,086;0,083;0,606;0,607;0,607;0,599;0,665;0,663;0,662;0,661;0,472;0,467;0,488;0,492;0,596;0,591;0,59;0,591;0,242;0,234;0,246;0,252;0,522;0,511;0,51;0,515;0,159;0,157;0,16;0,165;0,379;0,357;0,365;0,374;0,401;0,396;0,384;0,383;0,373;0,384;0,366;0,386
;10:58:34;37,1;0,089;0,087;0,717;0,716;0,725;0,72;0,087;0,083;0,609;0,605;0,61;0,599;0,665;0,664;0,663;0,662;0,481;0,476;0,496;0,498;0,596;0,59;0,59;0,591;0,253;0,246;0,25;0,258;0,521;0,51;0,508;0,514;0,16;0,159;0,16;0,166;0,385;0,361;0,369;0,379;0,406;0,4;0,389;0,388;0,379;0,39;0,372;0,392
;11:04:34;37;0,089;0,087;0,707;0,704;0,712;0,713;0,086;0,083;0,608;0,593;0,604;0,595;0,663;0,663;0,662;0,661;0,485;0,481;0,501;0,506;0,595;0,59;0,589;0,59;0,256;0,246;0,254;0,261;0,519;0,508;0,506;0,512;0,161;0,161;0,161;0,167;0,389;0,365;0,374;0,383;0,411;0,406;0,394;0,394;0,384;0,393;0,378;0,397
;11:10:34;37;0,089;0,087;0,706;0,716;0,711;0,715;0,086;0,083;0,598;0,594;0,602;0,6;0,665;0,664;0,662;0,661;0,495;0,489;0,509;0,516;0,595;0,588;0,589;0,59;0,261;0,249;0,257;0,264;0,518;0,506;0,504;0,51;0,162;0,159;0,162;0,167;0,394;0,371;0,379;0,389;0,415;0,41;0,399;0,398;0,388;0,399;0,381;0,402
;11:16:34;37,1;0,089;0,087;0,717;0,712;0,712;0,717;0,086;0,083;0,595;0,594;0,598;0,604;0,669;0,665;0,662;0,662;0,502;0,497;0,519;0,523;0,595;0,589;0,589;0,591;0,268;0,256;0,261;0,269;0,517;0,505;0,503;0,508;0,163;0,161;0,163;0,17;0,4;0,377;0,385;0,393;0,421;0,415;0,404;0,403;0,393;0,403;0,387;0,406
;11:22:34;37,1;0,09;0,087;0,705;0,713;0,715;0,715;0,086;0,083;0,593;0,592;0,598;0,602;0,665;0,663;0,661;0,659;0,505;0,503;0,523;0,525;0,594;0,588;0,588;0,59;0,269;0,258;0,263;0,273;0,516;0,504;0,501;0,507;0,164;0,161;0,165;0,169;0,404;0,38;0,39;0,397;0,425;0,419;0,409;0,406;0,398;0,408;0,391;0,412
;11:28:34;37,1;0,089;0,087;0,695;0,703;0,707;0,711;0,086;0,084;0,601;0,595;0,598;0,597;0,668;0,665;0,662;0,66;0,512;0,509;0,53;0,534;0,595;0,588;0,589;0,593;0,268;0,266;0,269;0,278;0,515;0,503;0,5;0,506;0,165;0,164;0,165;0,172;0,408;0,386;0,394;0,402;0,429;0,424;0,414;0,412;0,403;0,413;0,396;0,415
;11:34:34;37,1;0,09;0,087;0,701;0,701;0,717;0,713;0,086;0,084;0,605;0,606;0,6;0,604;0,668;0,667;0,662;0,661;0,519;0,517;0,541;0,543;0,595;0,589;0,589;0,593;0,263;0,271;0,273;0,283;0,514;0,502;0,499;0,504;0,166;0,166;0,166;0,173;0,414;0,391;0,398;0,407;0,434;0,429;0,418;0,416;0,408;0,417;0,4;0,42
;11:40:34;37,1;0,089;0,087;0,699;0,698;0,705;0,707;0,086;0,083;0,593;0,589;0,598;0,595;0,663;0,66;0,66;0,658;0,522;0,517;0,537;0,54;0,595;0,588;0,589;0,591;0,266;0,266;0,277;0,288;0,512;0,5;0,497;0,503;0,167;0,166;0,167;0,173;0,417;0,395;0,403;0,411;0,438;0,432;0,422;0,42;0,411;0,42;0,405;0,423
;11:46:34;37,1;0,089;0,087;0,722;0,702;0,711;0,709;0,086;0,083;0,592;0,592;0,597;0,592;0,666;0,664;0,66;0,66;0,529;0,526;0,545;0,55;0,596;0,588;0,589;0,592;0,269;0,277;0,285;0,297;0,512;0,499;0,496;0,502;0,168;0,166;0,168;0,175;0,421;0,399;0,408;0,416;0,442;0,437;0,426;0,425;0,415;0,425;0,409;0,428
;11:52:34;37,1;0,089;0,086;0,698;0,703;0,708;0,708;0,086;0,083;0,602;0,593;0,602;0,592;0,668;0,666;0,66;0,659;0,535;0,534;0,55;0,551;0,596;0,589;0,589;0,591;0,274;0,28;0,289;0,301;0,511;0,498;0,495;0,5;0,17;0,166;0,17;0,174;0,425;0,403;0,412;0,419;0,445;0,44;0,43;0,427;0,42;0,428;0,413;0,433
;11:58:34;37,2;0,089;0,087;0,696;0,699;0,705;0,705;0,086;0,083;0,595;0,587;0,594;0,591;0,664;0,663;0,66;0,659;0,54;0,536;0,556;0,557;0,596;0,589;0,589;0,591;0,278;0,276;0,29;0,302;0,51;0,497;0,494;0,499;0,17;0,167;0,171;0,175;0,43;0,408;0,416;0,424;0,448;0,444;0,434;0,432;0,424;0,433;0,417;0,436
;12:04:34;37,1;0,089;0,087;0,701;0,705;0,711;0,708;0,086;0,083;0,595;0,59;0,597;0,592;0,67;0,667;0,66;0,659;0,548;0,543;0,563;0,568;0,597;0,59;0,59;0,593;0,282;0,284;0,3;0,312;0,51;0,497;0,493;0,499;0,171;0,168;0,171;0,176;0,434;0,412;0,42;0,427;0,453;0,447;0,438;0,435;0,427;0,436;0,421;0,439
;12:10:34;37;0,089;0,087;0,706;0,699;0,708;0,707;0,086;0,084;0,601;0,595;0,609;0,591;0,672;0,669;0,662;0,662;0,552;0,556;0,578;0,574;0,603;0,598;0,592;0,595;0,285;0,281;0,31;0,32;0,509;0,496;0,493;0,499;0,172;0,171;0,173;0,179;0,438;0,418;0,424;0,432;0,456;0,45;0,443;0,439;0,431;0,439;0,425;0,443
;12:16:34;37;0,089;0,087;0,701;0,701;0,703;0,706;0,086;0,083;0,596;0,588;0,593;0,593;0,667;0,665;0,66;0,66;0,555;0,555;0,579;0,578;0,599;0,594;0,592;0,595;0,29;0,283;0,311;0,325;0,509;0,496;0,492;0,498;0,173;0,171;0,174;0,18;0,441;0,421;0,428;0,435;0,46;0,454;0,446;0,443;0,435;0,443;0,428;0,446
;12:22:34;37;0,089;0,087;0,703;0,698;0,705;0,703;0,086;0,083;0,598;0,589;0,601;0,597;0,668;0,667;0,66;0,66;0,56;0,563;0,577;0,571;0,6;0,594;0,593;0,595;0,295;0,287;0,313;0,33;0,508;0,495;0,491;0,498;0,174;0,173;0,175;0,181;0,444;0,425;0,432;0,438;0,462;0,457;0,449;0,446;0,439;0,446;0,432;0,45
;12:28:34;37;0,089;0,087;0,7;0,7;0,704;0,702;0,086;0,083;0,593;0,587;0,604;0,593;0,668;0,668;0,661;0,661;0,564;0,563;0,583;0,576;0,601;0,596;0,594;0,596;0,299;0,291;0,312;0,338;0,509;0,495;0,492;0,497;0,175;0,173;0,176;0,182;0,447;0,428;0,435;0,442;0,466;0,46;0,452;0,449;0,442;0,449;0,435;0,453
;12:34:34;37;0,089;0,087;0,695;0,7;0,71;0,701;0,086;0,084;0,591;0,588;0,595;0,597;0,673;0,67;0,663;0,663;0,564;0,564;0,586;0,577;0,602;0,597;0,594;0,597;0,304;0,295;0,315;0,345;0,509;0,495;0,491;0,497;0,176;0,174;0,177;0,184;0,452;0,433;0,439;0,445;0,469;0,464;0,456;0,453;0,446;0,452;0,439;0,457
;12:40:34;37,1;0,09;0,088;0,713;0,702;0,715;0,72;0,086;0,085;0,605;0,598;0,607;0,604;0,679;0,67;0,665;0,664;0,577;0,571;0,584;0,572;0,604;0,599;0,595;0,598;0,309;0,301;0,318;0,356;0,509;0,495;0,491;0,497;0,177;0,176;0,178;0,185;0,455;0,436;0,443;0,449;0,466;0,462;0,458;0,456;0,449;0,455;0,443;0,459
;12:46:34;37;0,089;0,087;0,697;0,706;0,706;0,704;0,086;0,083;0,59;0,587;0,595;0,597;0,672;0,67;0,665;0,664;0,56;0,559;0,582;0,573;0,606;0,6;0,595;0,598;0,313;0,305;0,322;0,359;0,509;0,495;0,491;0,497;0,178;0,177;0,178;0,187;0,457;0,439;0,445;0,451;0,464;0,459;0,462;0,458;0,452;0,458;0,445;0,462
;12:52:34;37;0,089;0,086;0,698;0,696;0,702;0,703;0,087;0,083;0,594;0,585;0,6;0,595;0,673;0,673;0,665;0,664;0,56;0,567;0,579;0,571;0,603;0,596;0,596;0,597;0,318;0,309;0,327;0,362;0,509;0,495;0,491;0,497;0,179;0,177;0,18;0,187;0,454;0,443;0,448;0,454;0,461;0,455;0,459;0,459;0,455;0,454;0,448;0,464
;12:58:34;37;0,089;0,087;0,696;0,698;0,7;0,702;0,086;0,083;0,591;0,588;0,592;0,592;0,669;0,669;0,663;0,662;0,56;0,56;0,576;0,568;0,602;0,596;0,596;0,598;0,324;0,315;0,332;0,365;0,509;0,495;0,491;0,497;0,181;0,178;0,181;0,188;0,451;0,445;0,452;0,457;0,458;0,453;0,456;0,457;0,458;0,452;0,451;0,463
;13:04:34;37,1;0,089;0,087;0,699;0,698;0,703;0,703;0,086;0,084;0,589;0,584;0,593;0,594;0,669;0,669;0,665;0,664;0,557;0,556;0,574;0,568;0,606;0,599;0,597;0,6;0,329;0,321;0,338;0,369;0,51;0,495;0,492;0,497;0,181;0,18;0,182;0,19;0,449;0,448;0,452;0,459;0,456;0,451;0,454;0,453;0,456;0,45;0,454;0,461
;13:10:34;37;0,089;0,087;0,697;0,696;0,713;0,702;0,086;0,084;0,588;0,586;0,594;0,594;0,668;0,665;0,664;0,664;0,562;0,559;0,571;0,565;0,604;0,596;0,597;0,598;0,333;0,324;0,343;0,363;0,51;0,495;0,491;0,497;0,183;0,179;0,184;0,19;0,445;0,446;0,448;0,454;0,453;0,448;0,45;0,451;0,451;0,446;0,45;0,457
;13:16:34;37;0,089;0,087;0,701;0,699;0,709;0,709;0,086;0,085;0,587;0,593;0,593;0,595;0,675;0,666;0,672;0,665;0,571;0,568;0,577;0,569;0,606;0,599;0,599;0,6;0,343;0,329;0,348;0,373;0,511;0,495;0,492;0,498;0,183;0,182;0,185;0,192;0,444;0,445;0,445;0,452;0,45;0,446;0,448;0,449;0,449;0,444;0,447;0,455
;13:22:34;37,1;0,089;0,088;0,697;0,699;0,712;0,714;0,086;0,085;0,597;0,586;0,597;0,599;0,673;0,667;0,669;0,666;0,571;0,573;0,579;0,567;0,603;0,597;0,598;0,6;0,342;0,334;0,353;0,37;0,512;0,496;0,492;0,498;0,184;0,183;0,186;0,194;0,442;0,442;0,442;0,448;0,449;0,445;0,445;0,446;0,446;0,442;0,443;0,451
;13:28:34;37,1;0,089;0,086;0,704;0,7;0,706;0,704;0,086;0,084;0,589;0,586;0,602;0,596;0,676;0,67;0,675;0,67;0,57;0,562;0,579;0,569;0,607;0,601;0,6;0,6;0,354;0,339;0,359;0,376;0,512;0,497;0,492;0,499;0,186;0,183;0,188;0,193;0,44;0,439;0,44;0,446;0,447;0,442;0,444;0,444;0,444;0,439;0,441;0,448
;13:34:34;37,1;0,089;0,086;0,693;0,697;0,703;0,702;0,086;0,084;0,585;0,584;0,589;0,59;0,672;0,668;0,666;0,668;0,557;0,557;0,569;0,564;0,606;0,6;0,601;0,601;0,355;0,344;0,363;0,381;0,513;0,497;0,493;0,499;0,187;0,183;0,188;0,194;0,437;0,437;0,437;0,443;0,445;0,44;0,441;0,441;0,441;0,437;0,438;0,446
;13:40:34;37,1;0,089;0,087;0,692;0,695;0,703;0,702;0,086;0,084;0,582;0,588;0,592;0,588;0,672;0,67;0,667;0,667;0,556;0,554;0,569;0,563;0,606;0,6;0,601;0,602;0,362;0,35;0,371;0,387;0,513;0,498;0,493;0,5;0,188;0,186;0,189;0,197;0,436;0,434;0,435;0,441;0,443;0,439;0,44;0,44;0,44;0,435;0,435;0,443
;13:46:34;37,1;0,089;0,087;0,694;0,692;0,699;0,701;0,086;0,084;0,583;0,587;0,59;0,585;0,669;0,669;0,669;0,666;0,554;0,553;0,566;0,559;0,606;0,6;0,602;0,602;0,369;0,356;0,377;0,392;0,514;0,498;0,494;0,5;0,189;0,187;0,191;0,198;0,434;0,432;0,433;0,439;0,441;0,437;0,438;0,437;0,437;0,433;0,433;0,441
;13:52:34;37,1;0,09;0,088;0,7;0,703;0,709;0,706;0,086;0,085;0,584;0,582;0,596;0,595;0,681;0,681;0,676;0,673;0,561;0,556;0,575;0,565;0,61;0,605;0,604;0,603;0,378;0,36;0,387;0,398;0,515;0,499;0,495;0,501;0,19;0,189;0,192;0,2;0,433;0,43;0,431;0,437;0,441;0,436;0,436;0,435;0,434;0,433;0,431;0,439
;13:58:34;37;0,089;0,088;0,698;0,695;0,701;0,702;0,086;0,084;0,584;0,581;0,586;0,585;0,671;0,671;0,669;0,669;0,56;0,553;0,562;0,555;0,607;0,601;0,602;0,603;0,373;0,365;0,386;0,404;0,515;0,5;0,496;0,502;0,191;0,19;0,193;0,2;0,431;0,429;0,429;0,435;0,44;0,435;0,435;0,434;0,432;0,43;0,429;0,437
;14:04:34;37;0,09;0,088;0,698;0,698;0,716;0,725;0,088;0,085;0,582;0,579;0,594;0,592;0,68;0,681;0,679;0,673;0,556;0,562;0,576;0,564;0,611;0,604;0,604;0,605;0,386;0,371;0,403;0,411;0,517;0,501;0,497;0,503;0,192;0,191;0,196;0,203;0,431;0,428;0,428;0,434;0,44;0,435;0,434;0,434;0,432;0,43;0,428;0,436
;14:10:34;37,1;0,089;0,087;0,697;0,697;0,705;0,701;0,086;0,084;0,581;0,58;0,586;0,585;0,675;0,675;0,673;0,673;0,551;0,552;0,567;0,56;0,61;0,604;0,605;0,605;0,39;0,375;0,4;0,415;0,517;0,501;0,497;0,503;0,194;0,191;0,196;0,203;0,429;0,425;0,426;0,431;0,438;0,433;0,432;0,432;0,43;0,429;0,426;0,434
;14:16:34;37,1;0,089;0,087;0,699;0,697;0,705;0,702;0,086;0,084;0,58;0,579;0,6;0,583;0,676;0,675;0,673;0,673;0,552;0,552;0,568;0,563;0,61;0,604;0,605;0,606;0,396;0,381;0,405;0,421;0,518;0,502;0,497;0,504;0,195;0,192;0,196;0,205;0,428;0,423;0,425;0,43;0,437;0,432;0,431;0,43;0,429;0,428;0,424;0,433
;14:22:34;37,1;0,089;0,087;0,699;0,698;0,706;0,708;0,086;0,083;0,582;0,579;0,592;0,586;0,679;0,674;0,68;0,673;0,557;0,554;0,569;0,564;0,612;0,605;0,606;0,606;0,4;0,386;0,41;0,427;0,518;0,502;0,498;0,504;0,195;0,193;0,198;0,205;0,427;0,422;0,423;0,429;0,436;0,431;0,43;0,429;0,427;0,426;0,423;0,432
;14:28:34;37,1;0,089;0,087;0,702;0,704;0,708;0,707;0,086;0,084;0,58;0,578;0,594;0,582;0,679;0,675;0,679;0,674;0,559;0,551;0,568;0,564;0,614;0,608;0,608;0,607;0,41;0,391;0,421;0,433;0,52;0,504;0,499;0,505;0,197;0,195;0,199;0,208;0,428;0,422;0,423;0,428;0,437;0,432;0,43;0,429;0,427;0,426;0,422;0,431
;14:34:34;37,1;0,089;0,087;0,701;0,7;0,705;0,707;0,086;0,085;0,58;0,577;0,586;0,588;0,682;0,676;0,681;0,679;0,556;0,55;0,567;0,564;0,614;0,608;0,61;0,608;0,417;0,409;0,431;0,44;0,521;0,505;0,5;0,506;0,198;0,197;0,2;0,209;0,426;0,421;0,422;0,427;0,436;0,431;0,429;0,428;0,425;0,424;0,421;0,43
;14:40:34;37;0,089;0,087;0,699;0,698;0,705;0,703;0,086;0,083;0,582;0,578;0,583;0,582;0,679;0,677;0,679;0,679;0,552;0,55;0,566;0,56;0,614;0,608;0,609;0,608;0,417;0,405;0,428;0,445;0,522;0,505;0,501;0,506;0,199;0,198;0,202;0,21;0,425;0,42;0,421;0,425;0,435;0,431;0,428;0,427;0,424;0,424;0,42;0,429
;14:46:34;37,1;0,089;0,086;0,698;0,705;0,717;0,707;0,086;0,083;0,586;0,577;0,582;0,583;0,682;0,678;0,679;0,682;0,553;0,551;0,565;0,56;0,615;0,608;0,609;0,609;0,421;0,41;0,433;0,452;0,523;0,507;0,501;0,507;0,2;0,198;0,203;0,211;0,425;0,42;0,42;0,425;0,435;0,43;0,428;0,427;0,423;0,424;0,419;0,428
;14:52:34;37,1;0,089;0,087;0,7;0,703;0,71;0,708;0,086;0,083;0,58;0,577;0,582;0,582;0,685;0,68;0,682;0,683;0,552;0,553;0,572;0,561;0,616;0,609;0,61;0,61;0,428;0,417;0,44;0,459;0,523;0,507;0,503;0,508;0,201;0,199;0,204;0,212;0,425;0,418;0,419;0,424;0,434;0,43;0,428;0,426;0,423;0,422;0,418;0,427
;14:58:34;37;0,089;0,087;0,701;0,701;0,708;0,711;0,086;0,083;0,58;0,578;0,583;0,586;0,685;0,683;0,685;0,685;0,553;0,55;0,569;0,562;0,617;0,61;0,611;0,611;0,434;0,423;0,445;0,464;0,524;0,509;0,503;0,51;0,202;0,201;0,205;0,213;0,424;0,418;0,419;0,423;0,435;0,43;0,427;0,426;0,422;0,422;0,417;0,427
;15:04:34;37,1;0,089;0,087;0,702;0,716;0,711;0,708;0,086;0,084;0,576;0,577;0,581;0,587;0,686;0,685;0,686;0,688;0,558;0,551;0,566;0,556;0,618;0,612;0,613;0,612;0,441;0,434;0,454;0,471;0,527;0,509;0,504;0,512;0,203;0,202;0,207;0,216;0,424;0,418;0,418;0,423;0,435;0,431;0,428;0,427;0,422;0,423;0,417;0,426
;15:10:34;37;0,09;0,088;0,715;0,715;0,715;0,715;0,086;0,085;0,585;0,586;0,591;0,586;0,692;0,688;0,686;0,692;0,564;0,555;0,57;0,561;0,619;0,612;0,612;0,613;0,445;0,431;0,459;0,482;0,528;0,51;0,506;0,513;0,205;0,204;0,208;0,217;0,425;0,418;0,419;0,424;0,436;0,432;0,429;0,428;0,422;0,424;0,418;0,427
;15:16:34;37;0,089;0,086;0,706;0,709;0,714;0,712;0,086;0,083;0,576;0,577;0,589;0,582;0,693;0,691;0,693;0,691;0,553;0,554;0,569;0,555;0,62;0,613;0,615;0,614;0,452;0,443;0,465;0,482;0,527;0,51;0,506;0,513;0,206;0,204;0,209;0,218;0,424;0,417;0,419;0,422;0,435;0,43;0,427;0,426;0,421;0,422;0,416;0,425
;15:22:34;37;0,089;0,087;0,708;0,705;0,71;0,713;0,086;0,084;0,575;0,575;0,581;0,584;0,686;0,685;0,686;0,685;0,55;0,549;0,562;0,554;0,62;0,613;0,614;0,615;0,455;0,444;0,467;0,487;0,529;0,512;0,508;0,514;0,207;0,205;0,211;0,219;0,423;0,416;0,423;0,422;0,433;0,429;0,427;0,424;0,421;0,422;0,415;0,425
;15:28:34;37;0,089;0,087;0,71;0,709;0,714;0,714;0,086;0,084;0,575;0,575;0,58;0,579;0,688;0,689;0,692;0,691;0,551;0,549;0,564;0,556;0,622;0,616;0,617;0,616;0,463;0,453;0,476;0,494;0,531;0,513;0,508;0,516;0,208;0,207;0,212;0,221;0,424;0,417;0,418;0,423;0,435;0,43;0,428;0,426;0,421;0,422;0,416;0,426
;15:34:34;37,1;0,089;0,087;0,713;0,707;0,719;0,714;0,086;0,085;0,575;0,574;0,588;0,587;0,695;0,694;0,697;0,694;0,55;0,554;0,568;0,553;0,624;0,617;0,619;0,617;0,469;0,462;0,483;0,499;0,532;0,514;0,509;0,517;0,209;0,208;0,213;0,223;0,425;0,416;0,418;0,422;0,434;0,431;0,427;0,425;0,421;0,422;0,416;0,426
;15:40:34;37;0,089;0,087;0,712;0,711;0,719;0,716;0,086;0,083;0,576;0,574;0,58;0,58;0,696;0,693;0,696;0,69;0,55;0,551;0,563;0,558;0,624;0,616;0,617;0,618;0,472;0,46;0,484;0,503;0,533;0,516;0,511;0,517;0,211;0,208;0,214;0,223;0,424;0,416;0,417;0,422;0,434;0,43;0,427;0,425;0,421;0,422;0,415;0,425
;15:46:34;37,1;0,089;0,087;0,711;0,709;0,717;0,716;0,086;0,083;0,576;0,574;0,583;0,58;0,694;0,692;0,694;0,691;0,55;0,548;0,563;0,555;0,625;0,618;0,619;0,62;0,478;0,465;0,489;0,508;0,534;0,517;0,512;0,519;0,212;0,21;0,216;0,225;0,424;0,416;0,417;0,421;0,433;0,43;0,426;0,424;0,42;0,422;0,415;0,425
;15:52:34;37,1;0,09;0,087;0,717;0,72;0,725;0,726;0,086;0,084;0,575;0,577;0,584;0,582;0,703;0,699;0,7;0,7;0,556;0,559;0,567;0,557;0,627;0,619;0,62;0,621;0,485;0,475;0,5;0,515;0,537;0,519;0,514;0,521;0,213;0,212;0,217;0,227;0,426;0,417;0,417;0,422;0,434;0,43;0,427;0,426;0,422;0,423;0,416;0,426
;15:58:34;37,1;0,089;0,087;0,715;0,713;0,721;0,72;0,086;0,083;0,576;0,575;0,583;0,583;0,7;0,697;0,699;0,694;0,557;0,548;0,559;0,555;0,628;0,62;0,622;0,621;0,488;0,477;0,5;0,519;0,537;0,519;0,514;0,521;0,215;0,213;0,219;0,228;0,425;0,416;0,417;0,421;0,434;0,43;0,427;0,425;0,421;0,422;0,415;0,425
;16:04:34;37;0,089;0,087;0,713;0,714;0,72;0,718;0,086;0,084;0,576;0,573;0,585;0,581;0,699;0,697;0,697;0,697;0,55;0,548;0,562;0,556;0,628;0,621;0,622;0,623;0,494;0,482;0,505;0,522;0,538;0,52;0,516;0,522;0,216;0,214;0,22;0,229;0,424;0,416;0,416;0,42;0,433;0,43;0,426;0,425;0,421;0,422;0,414;0,424
;16:10:34;37;0,09;0,088;0,721;0,717;0,727;0,727;0,086;0,085;0,579;0,575;0,582;0,58;0,707;0,706;0,705;0,702;0,56;0,555;0,568;0,556;0,63;0,623;0,624;0,624;0,501;0,492;0,515;0,529;0,541;0,522;0,518;0,525;0,217;0,216;0,222;0,232;0,425;0,417;0,418;0,421;0,434;0,43;0,426;0,424;0,422;0,423;0,415;0,424
;16:16:34;37;0,089;0,086;0,72;0,718;0,739;0,722;0,086;0,083;0,576;0,574;0,582;0,582;0,705;0,702;0,704;0,701;0,549;0,547;0,556;0,555;0,631;0,623;0,625;0,625;0,504;0,493;0,515;0,53;0,541;0,522;0,518;0,525;0,219;0,216;0,223;0,232;0,425;0,416;0,417;0,421;0,433;0,43;0,427;0,425;0,421;0,422;0,414;0,424
;16:22:34;37;0,089;0,087;0,723;0,721;0,728;0,725;0,086;0,086;0,576;0,576;0,585;0,582;0,703;0,704;0,704;0,701;0,548;0,547;0,557;0,555;0,632;0,625;0,626;0,626;0,509;0,498;0,52;0,529;0,543;0,524;0,519;0,526;0,22;0,217;0,225;0,234;0,425;0,416;0,417;0,42;0,434;0,43;0,427;0,425;0,421;0,422;0,415;0,424
;16:28:34;37,1;0,089;0,087;0,726;0,723;0,731;0,725;0,086;0,084;0,576;0,575;0,584;0,58;0,708;0,707;0,707;0,703;0,548;0,551;0,557;0,555;0,634;0,626;0,628;0,628;0,516;0,505;0,526;0,528;0,546;0,526;0,521;0,528;0,222;0,219;0,226;0,236;0,424;0,417;0,418;0,419;0,434;0,43;0,427;0,425;0,421;0,423;0,415;0,423
;16:34:34;37,1;0,089;0,087;0,725;0,722;0,732;0,727;0,086;0,083;0,579;0,577;0,582;0,581;0,706;0,705;0,707;0,704;0,549;0,547;0,556;0,553;0,635;0,627;0,628;0,629;0,519;0,508;0,529;0,526;0,546;0,527;0,522;0,529;0,223;0,22;0,227;0,237;0,425;0,417;0,418;0,42;0,435;0,43;0,427;0,425;0,421;0,423;0,415;0,425
;16:40:34;37;0,09;0,088;0,727;0,725;0,736;0,732;0,086;0,084;0,583;0,579;0,584;0,582;0,706;0,706;0,706;0,707;0,551;0,546;0,557;0,55;0,635;0,627;0,629;0,63;0,521;0,51;0,529;0,523;0,549;0,529;0,524;0,531;0,224;0,222;0,23;0,24;0,424;0,418;0,417;0,419;0,436;0,431;0,428;0,426;0,421;0,423;0,414;0,424
;16:46:34;37,1;0,089;0,087;0,735;0,732;0,737;0,734;0,086;0,083;0,577;0,577;0,584;0,583;0,711;0,712;0,715;0,71;0,548;0,547;0,557;0,553;0,639;0,631;0,632;0,631;0,528;0,521;0,532;0,524;0,549;0,531;0,525;0,533;0,225;0,223;0,23;0,241;0,425;0,418;0,418;0,42;0,436;0,432;0,428;0,426;0,421;0,423;0,415;0,425
;16:52:34;37,1;0,09;0,088;0,735;0,736;0,744;0,743;0,086;0,084;0,579;0,585;0,586;0,591;0,718;0,716;0,719;0,715;0,557;0,553;0,558;0,552;0,639;0,631;0,632;0,633;0,527;0,521;0,528;0,524;0,552;0,534;0,528;0,536;0,226;0,224;0,232;0,243;0,425;0,42;0,419;0,421;0,436;0,433;0,429;0,428;0,421;0,424;0,417;0,426
;16:58:34;37;0,089;0,088;0,737;0,733;0,742;0,737;0,086;0,085;0,58;0,579;0,585;0,589;0,711;0,718;0,717;0,718;0,549;0,552;0,557;0,559;0,641;0,633;0,635;0,634;0,528;0,525;0,527;0,523;0,552;0,534;0,53;0,537;0,228;0,226;0,233;0,244;0,425;0,417;0,417;0,42;0,437;0,433;0,429;0,427;0,422;0,424;0,416;0,425
;17:04:34;37,1;0,089;0,087;0,729;0,756;0,742;0,74;0,086;0,084;0,58;0,58;0,585;0,591;0,72;0,718;0,716;0,718;0,551;0,545;0,562;0,55;0,642;0,633;0,636;0,636;0,525;0,523;0,525;0,522;0,553;0,535;0,531;0,538;0,229;0,227;0,235;0,246;0,426;0,417;0,417;0,421;0,438;0,434;0,429;0,427;0,422;0,424;0,416;0,426
;17:10:34;37,1;0,09;0,088;0,736;0,732;0,744;0,741;0,086;0,085;0,582;0,582;0,594;0,585;0,719;0,723;0,725;0,722;0,546;0,548;0,567;0,55;0,643;0,635;0,637;0,637;0,524;0,521;0,525;0,521;0,554;0,536;0,533;0,54;0,231;0,229;0,236;0,248;0,426;0,417;0,418;0,421;0,438;0,434;0,43;0,428;0,423;0,426;0,416;0,426
;17:16:34;37,1;0,089;0,087;0,742;0,732;0,744;0,738;0,086;0,084;0,582;0,579;0,586;0,585;0,716;0,716;0,716;0,716;0,545;0,544;0,555;0,549;0,644;0,635;0,637;0,638;0,523;0,517;0,521;0,519;0,552;0,535;0,532;0,539;0,232;0,23;0,238;0,25;0,427;0,418;0,426;0,422;0,439;0,435;0,431;0,429;0,423;0,425;0,417;0,426
;17:22:34;37,1;0,089;0,086;0,732;0,74;0,749;0,745;0,086;0,083;0,584;0,582;0,593;0,586;0,719;0,726;0,723;0,718;0,547;0,544;0,559;0,548;0,646;0,638;0,639;0,639;0,521;0,517;0,522;0,52;0,555;0,538;0,534;0,541;0,233;0,231;0,239;0,252;0,428;0,419;0,419;0,422;0,44;0,436;0,431;0,429;0,424;0,425;0,417;0,427
;17:28:34;37,1;0,089;0,087;0,738;0,739;0,751;0,747;0,086;0,084;0,586;0,584;0,593;0,589;0,72;0,726;0,723;0,721;0,546;0,545;0,56;0,549;0,648;0,639;0,641;0,641;0,521;0,516;0,521;0,52;0,556;0,539;0,536;0,542;0,235;0,233;0,241;0,253;0,428;0,419;0,42;0,422;0,44;0,435;0,432;0,429;0,424;0,427;0,418;0,428
;17:34:34;37,1;0,09;0,088;0,746;0,748;0,758;0,754;0,086;0,085;0,587;0,583;0,59;0,588;0,722;0,729;0,732;0,724;0,553;0,553;0,561;0,553;0,65;0,641;0,642;0,642;0,52;0,517;0,523;0,521;0,559;0,541;0,538;0,545;0,236;0,234;0,243;0,255;0,43;0,42;0,422;0,424;0,441;0,436;0,432;0,43;0,425;0,428;0,419;0,428
;17:40:34;37;0,089;0,087;0,734;0,744;0,753;0,748;0,086;0,084;0,588;0,585;0,591;0,588;0,722;0,722;0,723;0,723;0,544;0,543;0,556;0,549;0,649;0,64;0,643;0,643;0,519;0,513;0,519;0,518;0,556;0,539;0,536;0,543;0,238;0,235;0,244;0,255;0,43;0,42;0,421;0,424;0,441;0,438;0,434;0,431;0,425;0,428;0,419;0,429
;17:46:34;37,1;0,09;0,088;0,746;0,748;0,76;0,751;0,086;0,085;0,592;0,586;0,594;0,598;0,735;0,73;0,732;0,724;0,547;0,545;0,562;0,555;0,652;0,643;0,644;0,645;0,518;0,514;0,52;0,519;0,56;0,542;0,539;0,546;0,24;0,237;0,246;0,258;0,431;0,421;0,421;0,424;0,442;0,438;0,434;0,432;0,426;0,429;0,42;0,43
;17:52:34;37,1;0,089;0,087;0,748;0,747;0,758;0,755;0,086;0,083;0,589;0,586;0,593;0,593;0,726;0,723;0,725;0,724;0,543;0,543;0,555;0,55;0,652;0,643;0,645;0,646;0,517;0,512;0,519;0,519;0,559;0,541;0,539;0,546;0,241;0,239;0,248;0,26;0,431;0,421;0,422;0,425;0,443;0,439;0,435;0,432;0,427;0,43;0,42;0,43
;17:58:34;37,1;0,089;0,087;0,753;0,753;0,761;0,757;0,086;0,084;0,593;0,594;0,597;0,604;0,732;0,732;0,731;0,725;0,547;0,545;0,56;0,556;0,654;0,645;0,647;0,647;0,517;0,513;0,519;0,519;0,561;0,543;0,541;0,547;0,242;0,24;0,249;0,262;0,432;0,422;0,423;0,426;0,444;0,44;0,435;0,433;0,428;0,43;0,421;0,431
;18:04:34;37,1;0,089;0,087;0,756;0,749;0,766;0,759;0,086;0,084;0,59;0,588;0,597;0,594;0,731;0,728;0,726;0,725;0,545;0,544;0,554;0,551;0,655;0,647;0,649;0,649;0,517;0,513;0,519;0,519;0,562;0,545;0,542;0,549;0,244;0,241;0,252;0,263;0,433;0,423;0,424;0,426;0,445;0,441;0,436;0,433;0,428;0,431;0,421;0,431
;18:10:34;37,1;0,09;0,088;0,76;0,755;0,774;0,763;0,087;0,085;0,593;0,596;0,616;0,597;0,739;0,733;0,734;0,727;0,549;0,544;0,558;0,553;0,656;0,647;0,649;0,651;0,515;0,511;0,519;0,519;0,566;0,547;0,545;0,551;0,246;0,243;0,254;0,265;0,433;0,424;0,425;0,427;0,446;0,442;0,437;0,434;0,429;0,432;0,422;0,433
;18:16:34;37,1;0,089;0,087;0,754;0,755;0,768;0,763;0,086;0,083;0,596;0,596;0,598;0,598;0,723;0,722;0,725;0,724;0,545;0,542;0,553;0,548;0,657;0,649;0,651;0,651;0,516;0,511;0,518;0,518;0,562;0,545;0,543;0,549;0,247;0,244;0,254;0,266;0,434;0,424;0,425;0,428;0,447;0,442;0,438;0,435;0,43;0,433;0,423;0,433
;18:22:34;37,1;0,089;0,087;0,76;0,758;0,77;0,766;0,086;0,084;0,595;0,596;0,6;0,599;0,723;0,723;0,726;0,725;0,544;0,546;0,559;0,549;0,659;0,651;0,652;0,653;0,516;0,511;0,519;0,519;0,565;0,547;0,545;0,552;0,248;0,246;0,256;0,269;0,435;0,425;0,426;0,428;0,447;0,443;0,438;0,436;0,43;0,434;0,424;0,434
;18:28:34;37,1;0,089;0,087;0,758;0,759;0,771;0,766;0,086;0,084;0,596;0,597;0,606;0,599;0,723;0,722;0,726;0,725;0,545;0,546;0,554;0,547;0,66;0,652;0,654;0,654;0,515;0,511;0,518;0,518;0,565;0,547;0,546;0,552;0,25;0,248;0,258;0,271;0,436;0,425;0,427;0,43;0,448;0,444;0,439;0,436;0,431;0,434;0,425;0,434
;18:34:34;37,1;0,089;0,087;0,763;0,759;0,77;0,767;0,086;0,083;0,598;0,595;0,604;0,599;0,723;0,722;0,726;0,726;0,546;0,543;0,555;0,548;0,661;0,652;0,655;0,656;0,515;0,509;0,517;0,517;0,564;0,546;0,545;0,551;0,252;0,249;0,26;0,272;0,438;0,428;0,428;0,43;0,449;0,445;0,441;0,437;0,433;0,435;0,426;0,436
;18:40:34;37,1;0,09;0,087;0,761;0,764;0,773;0,769;0,086;0,084;0,599;0,596;0,605;0,602;0,728;0,724;0,737;0,726;0,542;0,542;0,56;0,547;0,663;0,654;0,658;0,657;0,516;0,511;0,518;0,518;0,567;0,549;0,548;0,554;0,253;0,251;0,261;0,275;0,438;0,428;0,429;0,431;0,45;0,446;0,442;0,438;0,433;0,436;0,426;0,436
;18:46:34;37,1;0,089;0,087;0,764;0,768;0,777;0,774;0,086;0,084;0,599;0,598;0,618;0,604;0,727;0,724;0,735;0,727;0,544;0,542;0,558;0,548;0,665;0,655;0,658;0,659;0,516;0,51;0,517;0,517;0,567;0,55;0,549;0,555;0,254;0,253;0,264;0,276;0,439;0,429;0,429;0,432;0,451;0,447;0,442;0,439;0,434;0,437;0,427;0,437
;18:52:34;37,1;0,09;0,088;0,77;0,771;0,782;0,777;0,087;0,084;0,611;0,602;0,608;0,605;0,726;0,724;0,73;0,727;0,546;0,543;0,556;0,548;0,665;0,656;0,659;0,66;0,515;0,509;0,517;0,517;0,571;0,553;0,55;0,556;0,257;0,254;0,266;0,278;0,439;0,429;0,43;0,432;0,452;0,448;0,443;0,44;0,434;0,437;0,427;0,437
;18:58:34;37,1;0,089;0,087;0,761;0,769;0,782;0,775;0,086;0,084;0,604;0,601;0,611;0,607;0,73;0,724;0,733;0,728;0,543;0,541;0,553;0,552;0,666;0,658;0,66;0,662;0,515;0,509;0,517;0,516;0,569;0,551;0,549;0,556;0,26;0,256;0,268;0,28;0,44;0,43;0,431;0,434;0,453;0,448;0,444;0,441;0,435;0,438;0,429;0,439
;19:04:34;37,1;0,09;0,088;0,789;0,774;0,786;0,779;0,086;0,085;0,606;0,604;0,624;0,612;0,735;0,729;0,74;0,729;0,546;0,545;0,557;0,554;0,667;0,66;0,663;0,663;0,516;0,511;0,518;0,517;0,573;0,555;0,552;0,56;0,26;0,258;0,271;0,283;0,443;0,431;0,432;0,435;0,454;0,451;0,445;0,442;0,436;0,44;0,43;0,439
;19:10:34;37,1;0,089;0,086;0,762;0,771;0,783;0,783;0,085;0,083;0,606;0,602;0,615;0,61;0,73;0,726;0,728;0,729;0,543;0,543;0,556;0,549;0,666;0,661;0,663;0,664;0,514;0,509;0,516;0,516;0,57;0,552;0,551;0,558;0,261;0,258;0,27;0,283;0,442;0,431;0,433;0,435;0,455;0,45;0,445;0,442;0,437;0,44;0,43;0,441
;19:16:34;37,1;0,089;0,086;0,766;0,771;0,785;0,783;0,086;0,084;0,618;0,605;0,616;0,614;0,731;0,726;0,729;0,729;0,545;0,542;0,557;0,549;0,667;0,662;0,664;0,665;0,514;0,509;0,517;0,516;0,572;0,554;0,553;0,56;0,263;0,261;0,273;0,287;0,444;0,433;0,434;0,436;0,455;0,452;0,447;0,443;0,438;0,441;0,431;0,441
;19:22:34;37,1;0,089;0,087;0,767;0,77;0,805;0,783;0,086;0,084;0,612;0,606;0,617;0,613;0,734;0,728;0,73;0,729;0,545;0,544;0,557;0,555;0,667;0,663;0,666;0,667;0,514;0,509;0,516;0,515;0,573;0,555;0,554;0,561;0,265;0,262;0,274;0,288;0,445;0,434;0,435;0,437;0,457;0,452;0,447;0,444;0,439;0,442;0,432;0,443
;19:28:34;37,1;0,089;0,087;0,768;0,783;0,785;0,784;0,086;0,084;0,611;0,61;0,617;0,615;0,732;0,729;0,731;0,73;0,545;0,546;0,556;0,556;0,667;0,664;0,667;0,668;0,513;0,508;0,515;0,514;0,573;0,556;0,555;0,561;0,266;0,264;0,276;0,29;0,446;0,435;0,436;0,438;0,457;0,453;0,449;0,445;0,44;0,443;0,433;0,444
;19:34:34;37,1;0,09;0,088;0,769;0,772;0,791;0,786;0,087;0,085;0,619;0,616;0,62;0,619;0,731;0,728;0,73;0,732;0,546;0,545;0,556;0,55;0,666;0,663;0,666;0,669;0,512;0,507;0,514;0,514;0,578;0,559;0,557;0,563;0,268;0,266;0,279;0,293;0,447;0,435;0,437;0,44;0,459;0,455;0,45;0,446;0,441;0,444;0,434;0,444
;19:40:34;37,1;0,09;0,088;0,769;0,8;0,79;0,787;0,086;0,085;0,614;0,614;0,622;0,619;0,739;0,738;0,741;0,733;0,546;0,548;0,564;0,551;0,668;0,665;0,669;0,67;0,513;0,509;0,516;0,514;0,577;0,56;0,558;0,565;0,27;0,268;0,281;0,295;0,448;0,437;0,439;0,441;0,46;0,456;0,45;0,448;0,442;0,445;0,435;0,445
;19:46:34;37,1;0,09;0,087;0,766;0,771;0,791;0,786;0,086;0,084;0,617;0,613;0,624;0,622;0,736;0,732;0,736;0,733;0,548;0,545;0,557;0,552;0,667;0,664;0,669;0,67;0,512;0,508;0,514;0,513;0,577;0,56;0,558;0,565;0,271;0,269;0,282;0,297;0,449;0,437;0,439;0,442;0,461;0,457;0,452;0,448;0,443;0,447;0,437;0,447
;19:52:34;37;0,089;0,087;0,767;0,768;0,792;0,791;0,086;0,085;0,618;0,624;0,627;0,622;0,737;0,735;0,74;0,734;0,548;0,548;0,559;0,552;0,667;0,665;0,671;0,67;0,512;0,507;0,514;0,513;0,578;0,56;0,559;0,566;0,273;0,272;0,284;0,3;0,45;0,439;0,441;0,443;0,463;0,458;0,453;0,449;0,444;0,447;0,438;0,448
;19:58:34;37,1;0,089;0,087;0,77;0,77;0,79;0,789;0,086;0,084;0,621;0,624;0,629;0,623;0,737;0,733;0,738;0,734;0,547;0,546;0,56;0,553;0,667;0,665;0,67;0,671;0,511;0,506;0,513;0,511;0,578;0,561;0,559;0,566;0,275;0,273;0,286;0,301;0,45;0,44;0,441;0,444;0,462;0,458;0,453;0,45;0,445;0,449;0,439;0,449
;20:04:34;37,1;0,09;0,088;0,769;0,776;0,791;0,792;0,086;0,085;0,632;0,62;0,639;0,628;0,742;0,74;0,746;0,738;0,55;0,548;0,567;0,559;0,668;0,666;0,671;0,671;0,511;0,506;0,513;0,512;0,582;0,564;0,563;0,569;0,277;0,275;0,288;0,304;0,452;0,441;0,443;0,446;0,465;0,461;0,455;0,452;0,446;0,45;0,44;0,45
;20:10:34;37;0,089;0,087;0,763;0,767;0,789;0,787;0,086;0,084;0,624;0,623;0,634;0,628;0,736;0,734;0,739;0,737;0,55;0,548;0,561;0,556;0,667;0,665;0,67;0,671;0,51;0,505;0,511;0,51;0,579;0,561;0,56;0,566;0,278;0,276;0,289;0,305;0,452;0,442;0,444;0,446;0,465;0,46;0,455;0,452;0,448;0,451;0,441;0,451
;20:16:34;37,1;0,09;0,088;0,765;0,772;0,792;0,791;0,086;0,085;0,628;0,627;0,633;0,63;0,738;0,741;0,745;0,737;0,549;0,555;0,562;0,56;0,668;0,666;0,671;0,672;0,51;0,505;0,511;0,51;0,581;0,564;0,562;0,568;0,281;0,279;0,293;0,308;0,455;0,443;0,446;0,448;0,466;0,463;0,457;0,453;0,449;0,452;0,442;0,452
;20:22:34;37,1;0,089;0,087;0,763;0,771;0,794;0,791;0,086;0,084;0,629;0,624;0,635;0,63;0,737;0,733;0,738;0,738;0,549;0,548;0,563;0,556;0,668;0,665;0,671;0,672;0,509;0,504;0,511;0,509;0,581;0,564;0,563;0,569;0,282;0,28;0,293;0,309;0,454;0,443;0,446;0,448;0,466;0,463;0,457;0,454;0,45;0,454;0,443;0,454
;20:28:34;37,1;0,089;0,087;0,769;0,772;0,793;0,793;0,086;0,084;0,63;0,626;0,638;0,633;0,743;0,735;0,739;0,739;0,552;0,55;0,567;0,561;0,667;0,666;0,671;0,672;0,509;0,504;0,51;0,509;0,583;0,566;0,564;0,57;0,284;0,282;0,296;0,312;0,456;0,445;0,447;0,449;0,468;0,464;0,458;0,456;0,451;0,455;0,444;0,455
;20:34:34;37,1;0,089;0,087;0,774;0,773;0,791;0,789;0,086;0,084;0,63;0,63;0,64;0,642;0,742;0,735;0,74;0,74;0,553;0,551;0,563;0,557;0,668;0,666;0,671;0,672;0,508;0,503;0,51;0,509;0,584;0,567;0,565;0,571;0,286;0,284;0,298;0,314;0,457;0,445;0,449;0,451;0,469;0,465;0,46;0,456;0,452;0,455;0,445;0,456
;20:40:34;37,1;0,089;0,087;0,763;0,774;0,789;0,799;0,086;0,084;0,632;0,628;0,643;0,64;0,744;0,737;0,741;0,741;0,553;0,551;0,567;0,558;0,668;0,666;0,672;0,672;0,507;0,502;0,51;0,508;0,583;0,568;0,565;0,571;0,288;0,285;0,301;0,317;0,459;0,448;0,45;0,452;0,47;0,466;0,461;0,457;0,454;0,457;0,447;0,457
;20:46:34;37,1;0,09;0,087;0,762;0,775;0,806;0,795;0,086;0,085;0,635;0,642;0,646;0,641;0,748;0,738;0,744;0,742;0,557;0,551;0,572;0,564;0,669;0,667;0,672;0,673;0,507;0,502;0,509;0,507;0,584;0,57;0,565;0,572;0,289;0,287;0,303;0,32;0,46;0,449;0,452;0,454;0,472;0,469;0,462;0,459;0,455;0,458;0,448;0,459
;20:52:34;37,1;0,09;0,087;0,763;0,776;0,8;0,795;0,086;0,085;0,638;0,633;0,653;0,643;0,747;0,739;0,743;0,742;0,554;0,553;0,569;0,563;0,669;0,667;0,672;0,673;0,506;0,502;0,508;0,507;0,585;0,57;0,566;0,573;0,292;0,29;0,305;0,322;0,461;0,45;0,453;0,456;0,473;0,469;0,464;0,46;0,456;0,46;0,449;0,46
;20:58:34;37,1;0,089;0,088;0,793;0,776;0,821;0,796;0,086;0,085;0,641;0,637;0,668;0,647;0,747;0,74;0,747;0,745;0,558;0,556;0,572;0,57;0,669;0,667;0,673;0,673;0,506;0,501;0,508;0,507;0,587;0,573;0,567;0,574;0,293;0,291;0,307;0,324;0,462;0,451;0,455;0,457;0,474;0,471;0,464;0,461;0,458;0,461;0,451;0,461
;21:04:34;37,1;0,089;0,087;0,784;0,773;0,797;0,794;0,086;0,085;0,646;0,654;0,654;0,648;0,761;0,74;0,747;0,746;0,557;0,554;0,568;0,565;0,669;0,667;0,673;0,673;0,506;0,501;0,507;0,506;0,587;0,572;0,568;0,575;0,295;0,293;0,309;0,327;0,463;0,451;0,456;0,457;0,475;0,471;0,466;0,462;0,459;0,463;0,452;0,463
;21:10:34;37,1;0,089;0,087;0,785;0,772;0,797;0,796;0,086;0,084;0,645;0,645;0,659;0,65;0,748;0,741;0,747;0,746;0,558;0,555;0,57;0,568;0,669;0,666;0,672;0,674;0,505;0,499;0,506;0,505;0,588;0,573;0,569;0,577;0,298;0,295;0,31;0,328;0,464;0,453;0,457;0,458;0,476;0,472;0,467;0,463;0,46;0,464;0,453;0,464
;21:16:34;37,1;0,09;0,087;0,763;0,78;0,799;0,8;0,086;0,085;0,646;0,645;0,661;0,654;0,756;0,742;0,749;0,747;0,558;0,557;0,573;0,57;0,669;0,666;0,673;0,674;0,504;0,499;0,506;0,505;0,589;0,574;0,57;0,578;0,299;0,297;0,313;0,331;0,466;0,454;0,458;0,46;0,477;0,473;0,468;0,464;0,461;0,465;0,455;0,465
;21:22:34;37,1;0,089;0,087;0,769;0,774;0,802;0,798;0,086;0,085;0,649;0,646;0,658;0,651;0,749;0,744;0,75;0,75;0,558;0,558;0,578;0,572;0,669;0,667;0,674;0,674;0,504;0,499;0,505;0,504;0,59;0,574;0,571;0,579;0,301;0,299;0,316;0,334;0,467;0,455;0,46;0,462;0,479;0,475;0,469;0,466;0,463;0,466;0,456;0,467
;21:28:34;37;0,09;0,087;0,769;0,78;0,802;0,804;0,086;0,085;0,651;0,65;0,655;0,654;0,754;0,746;0,752;0,75;0,559;0,559;0,578;0,565;0,669;0,667;0,674;0,674;0,503;0,498;0,505;0,504;0,591;0,576;0,573;0,58;0,303;0,301;0,318;0,336;0,469;0,458;0,462;0,464;0,48;0,477;0,471;0,467;0,465;0,468;0,458;0,468
;21:34:34;37,1;0,089;0,087;0,768;0,777;0,799;0,805;0,086;0,085;0,649;0,65;0,656;0,656;0,754;0,746;0,752;0,751;0,56;0,56;0,574;0,569;0,67;0,668;0,674;0,675;0,503;0,498;0,505;0,504;0,592;0,575;0,574;0,581;0,305;0,303;0,32;0,339;0,47;0,458;0,463;0,465;0,481;0,478;0,472;0,468;0,466;0,469;0,459;0,469
;21:40:34;37;0,09;0,088;0,768;0,776;0,803;0,804;0,087;0,085;0,658;0,652;0,656;0,656;0,749;0,746;0,751;0,752;0,564;0,561;0,572;0,567;0,669;0,667;0,673;0,675;0,502;0,497;0,504;0,503;0,594;0,576;0,574;0,582;0,307;0,306;0,323;0,34;0,47;0,459;0,464;0,465;0,481;0,479;0,472;0,469;0,467;0,47;0,459;0,471
;21:46:34;37,1;0,089;0,087;0,763;0,774;0,799;0,814;0,086;0,085;0,648;0,649;0,652;0,656;0,748;0,747;0,754;0,753;0,561;0,56;0,58;0,568;0,67;0,667;0,675;0,675;0,502;0,496;0,503;0,502;0,594;0,576;0,576;0,583;0,309;0,307;0,325;0,343;0,472;0,461;0,465;0,467;0,483;0,479;0,473;0,47;0,469;0,472;0,461;0,472
;21:52:34;37,1;0,089;0,087;0,769;0,778;0,8;0,801;0,086;0,085;0,651;0,649;0,655;0,665;0,758;0,748;0,755;0,754;0,563;0,561;0,576;0,575;0,67;0,669;0,675;0,676;0,501;0,496;0,503;0,502;0,596;0,577;0,577;0,585;0,311;0,309;0,327;0,347;0,474;0,462;0,468;0,468;0,485;0,481;0,475;0,472;0,47;0,473;0,463;0,474
;21:58:34;37,1;0,09;0,088;0,764;0,783;0,804;0,807;0,086;0,085;0,648;0,647;0,656;0,66;0,75;0,75;0,757;0,756;0,563;0,562;0,578;0,578;0,671;0,668;0,675;0,676;0,501;0,496;0,503;0,502;0,597;0,579;0,578;0,586;0,314;0,312;0,33;0,348;0,474;0,462;0,469;0,469;0,486;0,482;0,476;0,472;0,471;0,474;0,464;0,475
;22:04:34;37,1;0,089;0,087;0,763;0,778;0,805;0,804;0,086;0,085;0,648;0,648;0,652;0,657;0,751;0,75;0,756;0,756;0,564;0,563;0,579;0,575;0,671;0,669;0,676;0,676;0,501;0,495;0,502;0,502;0,598;0,579;0,579;0,588;0,315;0,313;0,331;0,351;0,475;0,464;0,469;0,471;0,487;0,483;0,477;0,474;0,473;0,476;0,465;0,477
;22:10:34;37;0,089;0,087;0,762;0,777;0,806;0,809;0,086;0,085;0,647;0,645;0,652;0,671;0,751;0,751;0,758;0,756;0,567;0,564;0,58;0,576;0,671;0,669;0,675;0,676;0,5;0,495;0,502;0,501;0,599;0,58;0,58;0,588;0,317;0,315;0,334;0,353;0,476;0,465;0,471;0,472;0,489;0,484;0,479;0,475;0,474;0,477;0,467;0,478
;22:16:34;37,1;0,089;0,086;0,765;0,779;0,808;0,808;0,086;0,085;0,646;0,645;0,652;0,659;0,753;0,752;0,759;0,757;0,567;0,566;0,581;0,577;0,671;0,668;0,675;0,676;0,499;0,494;0,501;0,501;0,6;0,581;0,581;0,589;0,319;0,318;0,336;0,356;0,478;0,466;0,472;0,473;0,489;0,486;0,48;0,476;0,475;0,478;0,468;0,479
;22:22:34;37,1;0,09;0,087;0,768;0,782;0,813;0,814;0,087;0,086;0,648;0,643;0,667;0,666;0,756;0,755;0,762;0,763;0,575;0,57;0,59;0,579;0,671;0,67;0,676;0,677;0,499;0,494;0,501;0,5;0,602;0,582;0,583;0,591;0,322;0,32;0,338;0,36;0,48;0,469;0,475;0,475;0,492;0,489;0,482;0,478;0,477;0,48;0,47;0,481
;22:28:34;37,1;0,089;0,087;0,773;0,788;0,811;0,812;0,086;0,085;0,647;0,644;0,653;0,657;0,757;0,755;0,763;0,761;0,568;0,568;0,59;0,58;0,672;0,67;0,677;0,678;0,499;0,493;0,5;0,5;0,603;0,583;0,584;0,592;0,323;0,322;0,341;0,362;0,482;0,47;0,477;0,476;0,494;0,49;0,482;0,479;0,479;0,482;0,471;0,482
;22:34:34;37,1;0,089;0,087;0,767;0,782;0,81;0,81;0,086;0,085;0,644;0,644;0,651;0,655;0,755;0,754;0,762;0,762;0,569;0,568;0,582;0,577;0,672;0,669;0,676;0,677;0,498;0,493;0,5;0,499;0,604;0,584;0,585;0,593;0,325;0,324;0,342;0,364;0,481;0,47;0,477;0,477;0,495;0,491;0,484;0,48;0,479;0,483;0,472;0,484
;22:40:34;37,1;0,089;0,087;0,768;0,782;0,811;0,812;0,086;0,085;0,644;0,642;0,65;0,655;0,76;0,756;0,765;0,764;0,571;0,568;0,587;0,579;0,672;0,671;0,677;0,678;0,498;0,492;0,499;0,498;0,605;0,585;0,586;0,595;0,328;0,326;0,345;0,367;0,483;0,471;0,478;0,479;0,497;0,493;0,485;0,481;0,481;0,485;0,474;0,485
;22:46:34;37;0,089;0,087;0,771;0,786;0,813;0,816;0,086;0,086;0,65;0,642;0,65;0,655;0,769;0,758;0,767;0,764;0,574;0,575;0,59;0,582;0,674;0,671;0,678;0,679;0,498;0,492;0,499;0,498;0,606;0,587;0,587;0,595;0,33;0,329;0,348;0,37;0,487;0,475;0,481;0,481;0,499;0,495;0,487;0,483;0,483;0,486;0,475;0,487
;22:52:34;37;0,089;0,087;0,767;0,785;0,813;0,817;0,086;0,085;0,644;0,642;0,649;0,655;0,764;0,758;0,766;0,766;0,573;0,572;0,586;0,583;0,673;0,67;0,678;0,679;0,497;0,491;0,499;0,498;0,608;0,588;0,589;0,597;0,332;0,331;0,35;0,372;0,487;0,474;0,481;0,482;0,501;0,496;0,489;0,485;0,484;0,488;0,476;0,488
;22:58:34;37;0,089;0,087;0,77;0,787;0,817;0,82;0,085;0,084;0,643;0,642;0,651;0,659;0,763;0,76;0,769;0,768;0,576;0,572;0,59;0,583;0,674;0,671;0,678;0,679;0,496;0,491;0,498;0,497;0,609;0,589;0,59;0,598;0,335;0,333;0,352;0,374;0,488;0,475;0,482;0,483;0,502;0,497;0,491;0,486;0,486;0,489;0,478;0,49
;23:04:34;37;0,09;0,087;0,771;0,787;0,816;0,819;0,086;0,084;0,642;0,641;0,656;0,657;0,767;0,76;0,772;0,768;0,577;0,576;0,595;0,583;0,674;0,672;0,678;0,679;0,496;0,491;0,498;0,497;0,61;0,59;0,591;0,6;0,337;0,335;0,354;0,377;0,49;0,477;0,484;0,485;0,502;0,498;0,493;0,487;0,487;0,491;0,48;0,492
;23:10:34;37;0,089;0,087;0,771;0,785;0,813;0,819;0,086;0,085;0,643;0,639;0,646;0,655;0,765;0,761;0,769;0,768;0,578;0,576;0,59;0,584;0,674;0,672;0,679;0,68;0,496;0,49;0,498;0,497;0,611;0,591;0,592;0,6;0,339;0,338;0,358;0,38;0,492;0,48;0,487;0,486;0,503;0,499;0,495;0,489;0,489;0,493;0,481;0,493
;23:16:34;37;0,089;0,087;0,768;0,789;0,819;0,82;0,086;0,085;0,643;0,64;0,648;0,657;0,771;0,762;0,772;0,769;0,579;0,577;0,595;0,585;0,675;0,672;0,679;0,68;0,495;0,49;0,497;0,496;0,612;0,592;0,594;0,602;0,341;0,34;0,36;0,383;0,494;0,48;0,488;0,488;0,505;0,5;0,496;0,49;0,49;0,496;0,482;0,495
;23:22:34;37,1;0,09;0,087;0,77;0,809;0,818;0,825;0,086;0,085;0,642;0,638;0,649;0,656;0,774;0,764;0,776;0,772;0,58;0,578;0,596;0,591;0,676;0,673;0,68;0,68;0,495;0,49;0,497;0,496;0,613;0,593;0,595;0,603;0,343;0,342;0,362;0,386;0,495;0,482;0,49;0,49;0,505;0,501;0,496;0,492;0,492;0,497;0,484;0,497
;23:28:34;37;0,089;0,087;0,772;0,804;0,822;0,838;0,086;0,085;0,641;0,64;0,651;0,661;0,77;0,765;0,779;0,773;0,58;0,58;0,596;0,59;0,676;0,673;0,68;0,681;0,495;0,489;0,497;0,495;0,615;0,594;0,596;0,604;0,346;0,344;0,365;0,388;0,495;0,483;0,491;0,491;0,506;0,502;0,498;0,494;0,494;0,499;0,486;0,498
;23:34:34;37;0,089;0,087;0,772;0,793;0,823;0,825;0,086;0,085;0,643;0,639;0,651;0,657;0,782;0,765;0,781;0,774;0,582;0,58;0,598;0,593;0,676;0,674;0,68;0,681;0,495;0,488;0,496;0,495;0,616;0,595;0,597;0,606;0,348;0,346;0,367;0,392;0,496;0,485;0,493;0,493;0,508;0,503;0,499;0,496;0,496;0,5;0,488;0,501
;23:40:34;37;0,089;0,087;0,772;0,796;0,826;0,832;0,086;0,085;0,639;0,637;0,657;0,656;0,771;0,766;0,776;0,775;0,583;0,582;0,598;0,594;0,676;0,674;0,68;0,682;0,494;0,488;0,496;0,495;0,617;0,596;0,598;0,607;0,35;0,349;0,369;0,394;0,496;0,486;0,495;0,495;0,509;0,503;0,5;0,497;0,498;0,5;0,489;0,503
;23:46:34;37;0,089;0,087;0,768;0,794;0,827;0,83;0,086;0,085;0,64;0,639;0,649;0,658;0,77;0,767;0,775;0,775;0,585;0,584;0,6;0,598;0,677;0,674;0,681;0,683;0,493;0,488;0,496;0,495;0,619;0,598;0,599;0,608;0,352;0,351;0,372;0,397;0,498;0,487;0,496;0,497;0,51;0,505;0,501;0,498;0,5;0,502;0,491;0,504
;23:52:34;37,1;0,089;0,087;0,768;0,79;0,823;0,826;0,085;0,085;0,649;0,637;0,646;0,657;0,769;0,769;0,775;0,776;0,585;0,583;0,599;0,593;0,677;0,674;0,681;0,682;0,493;0,487;0,495;0,494;0,619;0,598;0,601;0,609;0,355;0,354;0,375;0,399;0,499;0,489;0,498;0,499;0,511;0,505;0,502;0,499;0,5;0,503;0,493;0,505
;23:58:34;37,1;0,09;0,088;0,769;0,796;0,83;0,829;0,086;0,085;0,641;0,637;0,647;0,657;0,77;0,767;0,775;0,774;0,587;0,584;0,601;0,595;0,676;0,673;0,681;0,682;0,493;0,487;0,495;0,494;0,62;0,599;0,601;0,61;0,357;0,356;0,378;0,403;0,5;0,49;0,498;0,5;0,511;0,508;0,502;0,5;0,502;0,504;0,494;0,506
;24:04:34;37,1;0,089;0,087;0,78;0,796;0,828;0,83;0,086;0,085;0,644;0,639;0,649;0,657;0,772;0,77;0,777;0,775;0,59;0,587;0,604;0,596;0,678;0,675;0,682;0,683;0,493;0,487;0,495;0,494;0,622;0,6;0,603;0,612;0,36;0,359;0,38;0,405;0,501;0,492;0,499;0,501;0,513;0,508;0,504;0,502;0,503;0,505;0,496;0,507
;24:10:34;37;0,089;0,087;0,779;0,801;0,831;0,83;0,085;0,085;0,639;0,639;0,65;0,656;0,773;0,771;0,779;0,775;0,59;0,588;0,605;0,598;0,679;0,675;0,682;0,683;0,492;0,487;0,494;0,494;0,622;0,602;0,604;0,612;0,362;0,361;0,382;0,408;0,502;0,493;0,5;0,502;0,513;0,509;0,505;0,502;0,504;0,506;0,497;0,508
;24:16:34;37,1;0,091;0,088;0,777;0,803;0,835;0,831;0,086;0,087;0,644;0,638;0,648;0,657;0,777;0,771;0,78;0,778;0,598;0,589;0,607;0,6;0,679;0,675;0,683;0,684;0,492;0,487;0,494;0,494;0,624;0,603;0,606;0,614;0,364;0,364;0,385;0,412;0,503;0,495;0,502;0,504;0,514;0,51;0,506;0,503;0,505;0,507;0,498;0,509
;24:22:34;37,1;0,089;0,087;0,779;0,799;0,836;0,837;0,085;0,085;0,639;0,639;0,651;0,659;0,779;0,773;0,782;0,779;0,592;0,593;0,608;0,601;0,68;0,676;0,683;0,684;0,492;0,486;0,494;0,494;0,624;0,604;0,607;0,615;0,366;0,366;0,388;0,414;0,504;0,496;0,502;0,505;0,515;0,511;0,507;0,504;0,507;0,508;0,499;0,51
;24:28:34;37,1;0,089;0,087;0,78;0,806;0,834;0,839;0,085;0,086;0,638;0,639;0,65;0,658;0,78;0,774;0,787;0,78;0,595;0,592;0,609;0,603;0,68;0,676;0,683;0,685;0,492;0,486;0,494;0,493;0,625;0,605;0,608;0,617;0,369;0,368;0,391;0,417;0,504;0,496;0,503;0,506;0,516;0,512;0,508;0,505;0,508;0,509;0,5;0,511
;24:34:34;37,1;0,09;0,088;0,776;0,807;0,836;0,837;0,085;0,087;0,64;0,639;0,649;0,659;0,778;0,774;0,783;0,781;0,597;0,593;0,612;0,604;0,68;0,677;0,684;0,685;0,491;0,485;0,493;0,493;0,626;0,606;0,61;0,618;0,371;0,371;0,393;0,42;0,505;0,497;0,504;0,507;0,517;0,513;0,508;0,505;0,508;0,51;0,501;0,512
;24:40:34;37,1;0,091;0,088;0,778;0,825;0,846;0,838;0,085;0,088;0,639;0,635;0,656;0,663;0,79;0,778;0,792;0,783;0,602;0,596;0,62;0,605;0,681;0,677;0,685;0,686;0,491;0,485;0,493;0,493;0,626;0,608;0,61;0,62;0,374;0,373;0,397;0,423;0,506;0,498;0,505;0,508;0,518;0,513;0,509;0,506;0,509;0,511;0,502;0,513
;24:46:34;37;0,089;0,087;0,783;0,802;0,838;0,839;0,085;0,087;0,636;0,636;0,655;0,661;0,781;0,777;0,783;0,783;0,598;0,596;0,62;0,607;0,681;0,678;0,685;0,686;0,491;0,485;0,493;0,492;0,627;0,608;0,612;0,62;0,375;0,376;0,401;0,426;0,508;0,5;0,508;0,509;0,519;0,515;0,51;0,507;0,51;0,512;0,503;0,514
;24:52:34;37;0,089;0,087;0,783;0,806;0,838;0,841;0,085;0,087;0,638;0,637;0,65;0,667;0,786;0,779;0,786;0,784;0,6;0,599;0,617;0,608;0,682;0,679;0,685;0,687;0,49;0,485;0,493;0,492;0,627;0,61;0,613;0,622;0,378;0,378;0,401;0,428;0,509;0,5;0,508;0,51;0,52;0,516;0,512;0,508;0,511;0,513;0,504;0,515
;24:58:34;37;0,089;0,087;0,784;0,809;0,84;0,841;0,085;0,087;0,637;0,636;0,651;0,662;0,796;0,78;0,787;0,786;0,602;0,606;0,62;0,61;0,683;0,679;0,686;0,687;0,49;0,485;0,492;0,492;0,628;0,611;0,614;0,623;0,381;0,381;0,404;0,431;0,509;0,501;0,508;0,511;0,521;0,516;0,513;0,509;0,512;0,514;0,505;0,516
;25:04:34;37,1;0,089;0,086;0,781;0,807;0,845;0,841;0,085;0,087;0,637;0,636;0,651;0,661;0,785;0,78;0,788;0,787;0,603;0,601;0,62;0,614;0,682;0,679;0,687;0,688;0,49;0,484;0,492;0,492;0,628;0,612;0,616;0,624;0,384;0,383;0,406;0,434;0,51;0,501;0,509;0,512;0,522;0,517;0,513;0,51;0,513;0,515;0,506;0,517
;25:10:34;37;0,089;0,087;0,785;0,811;0,841;0,842;0,085;0,088;0,635;0,634;0,65;0,662;0,783;0,78;0,789;0,788;0,604;0,603;0,623;0,613;0,683;0,68;0,687;0,688;0,489;0,484;0,492;0,492;0,629;0,613;0,617;0,626;0,387;0,385;0,409;0,437;0,511;0,503;0,511;0,513;0,523;0,518;0,514;0,511;0,515;0,515;0,508;0,518
;25:16:34;37;0,09;0,087;0,787;0,818;0,843;0,846;0,086;0,089;0,647;0,635;0,657;0,662;0,794;0,783;0,791;0,793;0,605;0,606;0,625;0,622;0,684;0,68;0,688;0,689;0,49;0,484;0,492;0,491;0,629;0,615;0,618;0,627;0,389;0,388;0,412;0,44;0,513;0,505;0,512;0,513;0,524;0,519;0,515;0,512;0,515;0,517;0,509;0,519
;25:22:34;37;0,089;0,087;0,783;0,809;0,843;0,847;0,085;0,088;0,638;0,636;0,653;0,663;0,793;0,785;0,79;0,788;0,607;0,606;0,625;0,621;0,684;0,68;0,688;0,689;0,489;0,483;0,492;0,491;0,629;0,615;0,619;0,627;0,39;0,39;0,414;0,442;0,512;0,505;0,512;0,515;0,525;0,52;0,516;0,513;0,517;0,517;0,509;0,521
;25:28:34;37;0,09;0,087;0,784;0,813;0,845;0,851;0,085;0,09;0,64;0,634;0,652;0,666;0,794;0,785;0,792;0,79;0,61;0,607;0,63;0,622;0,685;0,681;0,689;0,689;0,489;0,483;0,491;0,491;0,63;0,616;0,62;0,629;0,394;0,393;0,417;0,445;0,514;0,506;0,514;0,516;0,526;0,521;0,517;0,514;0,517;0,519;0,51;0,522
;25:34:34;37,1;0,09;0,087;0,784;0,812;0,845;0,859;0,085;0,09;0,634;0,633;0,65;0,663;0,791;0,785;0,792;0,79;0,609;0,608;0,628;0,622;0,686;0,682;0,689;0,69;0,489;0,483;0,491;0,491;0,629;0,617;0,621;0,629;0,396;0,396;0,42;0,448;0,514;0,506;0,514;0,516;0,527;0,522;0,518;0,515;0,519;0,519;0,511;0,522
;25:40:34;37,1;0,089;0,087;0,785;0,815;0,849;0,852;0,086;0,089;0,635;0,634;0,65;0,665;0,792;0,786;0,794;0,791;0,612;0,609;0,629;0,626;0,686;0,682;0,689;0,691;0,489;0,482;0,491;0,491;0,63;0,617;0,623;0,63;0,398;0,399;0,422;0,451;0,515;0,507;0,515;0,517;0,528;0,523;0,519;0,516;0,519;0,521;0,512;0,524
;25:46:34;37,1;0,089;0,087;0,788;0,815;0,847;0,853;0,085;0,09;0,634;0,634;0,653;0,667;0,793;0,788;0,795;0,793;0,613;0,61;0,633;0,625;0,686;0,683;0,69;0,691;0,488;0,482;0,491;0,491;0,63;0,618;0,623;0,63;0,401;0,4;0,424;0,453;0,515;0,508;0,516;0,519;0,528;0,524;0,52;0,517;0,521;0,522;0,513;0,525
;25:52:34;37,1;0,089;0,087;0,789;0,816;0,848;0,859;0,086;0,089;0,635;0,635;0,65;0,669;0,794;0,789;0,796;0,795;0,615;0,615;0,632;0,624;0,686;0,683;0,69;0,691;0,488;0,482;0,491;0,49;0,63;0,619;0,624;0,631;0,403;0,403;0,427;0,455;0,516;0,508;0,517;0,519;0,529;0,525;0,521;0,517;0,521;0,523;0,514;0,526
;25:58:34;37,1;0,091;0,088;0,791;0,82;0,853;0,86;0,085;0,093;0,638;0,64;0,66;0,667;0,796;0,788;0,796;0,796;0,619;0,613;0,637;0,629;0,687;0,683;0,69;0,692;0,488;0,482;0,491;0,49;0,631;0,619;0,625;0,631;0,405;0,406;0,431;0,46;0,518;0,511;0,518;0,52;0,531;0,526;0,522;0,519;0,523;0,524;0,515;0,527
;26:04:34;37,1;0,089;0,087;0,784;0,816;0,851;0,858;0,086;0,091;0,633;0,634;0,653;0,668;0,793;0,789;0,798;0,795;0,617;0,615;0,636;0,627;0,688;0,684;0,691;0,692;0,488;0,482;0,49;0,49;0,63;0,62;0,625;0,632;0,408;0,409;0,432;0,461;0,518;0,51;0,519;0,521;0,532;0,527;0,522;0,519;0,523;0,524;0,516;0,527
;26:10:34;37,1;0,089;0,087;0,791;0,818;0,856;0,858;0,085;0,092;0,634;0,636;0,652;0,669;0,798;0,793;0,801;0,798;0,619;0,616;0,637;0,629;0,688;0,684;0,691;0,693;0,488;0,481;0,49;0,491;0,63;0,62;0,626;0,632;0,411;0,41;0,434;0,464;0,519;0,511;0,519;0,523;0,533;0,528;0,523;0,521;0,524;0,526;0,517;0,529
;26:16:34;37;0,089;0,087;0,789;0,819;0,856;0,86;0,086;0,093;0,634;0,635;0,659;0,667;0,798;0,793;0,801;0,799;0,62;0,62;0,638;0,632;0,689;0,685;0,692;0,693;0,488;0,481;0,49;0,49;0,631;0,621;0,626;0,632;0,413;0,413;0,437;0,467;0,52;0,512;0,521;0,523;0,533;0,528;0,525;0,521;0,525;0,527;0,518;0,53
;26:22:34;37;0,089;0,086;0,791;0,818;0,861;0,864;0,086;0,092;0,633;0,634;0,651;0,667;0,798;0,792;0,8;0,799;0,621;0,619;0,637;0,633;0,69;0,686;0,693;0,694;0,487;0,481;0,49;0,49;0,631;0,621;0,627;0,632;0,416;0,416;0,44;0,469;0,521;0,512;0,522;0,525;0,535;0,53;0,526;0,522;0,526;0,528;0,52;0,53
;26:28:34;37;0,09;0,087;0,793;0,82;0,878;0,862;0,086;0,095;0,633;0,633;0,653;0,667;0,802;0,794;0,802;0,8;0,625;0,621;0,638;0,633;0,69;0,686;0,693;0,694;0,487;0,481;0,49;0,49;0,631;0,621;0,628;0,633;0,419;0,419;0,443;0,473;0,523;0,514;0,523;0,526;0,536;0,531;0,527;0,523;0,528;0,529;0,52;0,531
;26:34:34;37,1;0,089;0,087;0,79;0,827;0,855;0,86;0,086;0,095;0,631;0,63;0,65;0,667;0,797;0,793;0,803;0,8;0,626;0,624;0,638;0,634;0,691;0,686;0,694;0,695;0,487;0,481;0,49;0,49;0,632;0,622;0,628;0,633;0,421;0,421;0,446;0,476;0,523;0,514;0,525;0,527;0,537;0,532;0,528;0,524;0,528;0,53;0,521;0,533
;26:40:34;37;0,09;0,087;0,795;0,824;0,857;0,863;0,086;0,097;0,633;0,631;0,657;0,67;0,804;0,795;0,808;0,801;0,629;0,626;0,645;0,632;0,692;0,687;0,694;0,695;0,487;0,481;0,49;0,49;0,632;0,622;0,628;0,634;0,423;0,424;0,449;0,477;0,524;0,516;0,525;0,528;0,538;0,533;0,529;0,525;0,53;0,53;0,523;0,534
;26:46:34;37;0,089;0,087;0,792;0,825;0,859;0,867;0,086;0,096;0,633;0,633;0,652;0,67;0,8;0,796;0,804;0,803;0,629;0,627;0,638;0,632;0,692;0,688;0,694;0,696;0,487;0,481;0,49;0,49;0,632;0,622;0,628;0,634;0,426;0,426;0,451;0,48;0,525;0,516;0,526;0,529;0,539;0,534;0,529;0,526;0,53;0,532;0,524;0,535
;26:52:34;37,1;0,091;0,088;0,797;0,828;0,863;0,863;0,086;0,099;0,632;0,634;0,656;0,671;0,808;0,798;0,806;0,804;0,634;0,628;0,639;0,635;0,694;0,688;0,696;0,696;0,487;0,481;0,49;0,49;0,633;0,623;0,629;0,635;0,428;0,43;0,454;0,484;0,527;0,518;0,528;0,53;0,54;0,535;0,53;0,527;0,532;0,533;0,525;0,537
;26:58:34;37,1;0,09;0,087;0,795;0,824;0,862;0,867;0,085;0,099;0,631;0,631;0,66;0,671;0,807;0,798;0,806;0,804;0,628;0,627;0,638;0,638;0,694;0,689;0,696;0,697;0,487;0,48;0,489;0,49;0,633;0,622;0,629;0,635;0,431;0,432;0,456;0,485;0,527;0,518;0,528;0,53;0,541;0,536;0,531;0,528;0,533;0,534;0,526;0,537
;27:04:34;37,1;0,089;0,087;0,794;0,826;0,865;0,87;0,086;0,099;0,632;0,635;0,653;0,674;0,802;0,798;0,807;0,806;0,63;0,628;0,637;0,632;0,694;0,689;0,696;0,698;0,487;0,48;0,49;0,49;0,633;0,623;0,629;0,634;0,433;0,434;0,458;0,487;0,528;0,519;0,529;0,532;0,543;0,537;0,532;0,529;0,533;0,535;0,526;0,538
;27:10:34;37,1;0,09;0,087;0,797;0,824;0,864;0,882;0,085;0,1;0,63;0,631;0,657;0,672;0,809;0,8;0,808;0,806;0,629;0,629;0,638;0,636;0,695;0,69;0,697;0,698;0,487;0,48;0,49;0,49;0,633;0,623;0,63;0,634;0,436;0,436;0,461;0,49;0,529;0,52;0,53;0,533;0,543;0,537;0,533;0,53;0,535;0,536;0,528;0,54
;27:16:34;37,1;0,089;0,087;0,799;0,826;0,864;0,87;0,085;0,1;0,631;0,633;0,654;0,673;0,801;0,8;0,808;0,807;0,628;0,628;0,638;0,633;0,694;0,69;0,698;0,699;0,486;0,48;0,489;0,49;0,633;0,623;0,629;0,635;0,438;0,44;0,463;0,49;0,529;0,521;0,531;0,533;0,544;0,538;0,534;0,531;0,536;0,537;0,528;0,54
;27:22:34;37,1;0,089;0,087;0,796;0,831;0,866;0,871;0,085;0,102;0,631;0,632;0,655;0,673;0,804;0,801;0,809;0,807;0,628;0,627;0,638;0,637;0,696;0,691;0,698;0,699;0,486;0,48;0,489;0,49;0,634;0,623;0,63;0,635;0,441;0,441;0,466;0,489;0,531;0,521;0,532;0,534;0,545;0,539;0,535;0,531;0,536;0,538;0,529;0,541
;27:28:34;37;0,089;0,086;0,793;0,828;0,864;0,868;0,086;0,105;0,636;0,631;0,652;0,673;0,803;0,8;0,81;0,811;0,628;0,627;0,637;0,632;0,697;0,691;0,698;0,7;0,486;0,48;0,489;0,49;0,634;0,624;0,631;0,635;0,444;0,443;0,469;0,486;0,531;0,522;0,533;0,535;0,546;0,54;0,536;0,533;0,538;0,539;0,53;0,542
;27:34:34;37;0,09;0,087;0,799;0,831;0,869;0,872;0,085;0,111;0,631;0,631;0,657;0,673;0,805;0,803;0,812;0,81;0,629;0,626;0,64;0,632;0,697;0,692;0,699;0,7;0,486;0,48;0,489;0,49;0,634;0,624;0,63;0,636;0,446;0,447;0,472;0,483;0,532;0,523;0,534;0,537;0,547;0,542;0,537;0,534;0,539;0,54;0,532;0,543
;27:40:34;37;0,089;0,087;0,791;0,83;0,866;0,871;0,085;0,113;0,63;0,63;0,653;0,675;0,806;0,804;0,812;0,811;0,628;0,626;0,634;0,631;0,697;0,693;0,7;0,701;0,487;0,479;0,489;0,49;0,634;0,624;0,631;0,636;0,449;0,448;0,474;0,481;0,534;0,524;0,535;0,538;0,548;0,542;0,538;0,534;0,54;0,541;0,533;0,544
;27:46:34;37,1;0,089;0,087;0,794;0,831;0,866;0,87;0,086;0,118;0,63;0,63;0,653;0,674;0,806;0,804;0,813;0,812;0,627;0,625;0,635;0,633;0,698;0,693;0,7;0,702;0,486;0,48;0,49;0,49;0,635;0,624;0,631;0,636;0,451;0,452;0,476;0,48;0,534;0,525;0,536;0,539;0,549;0,543;0,539;0,535;0,541;0,542;0,534;0,546
;27:52:34;37;0,089;0,087;0,792;0,832;0,869;0,873;0,085;0,117;0,629;0,631;0,653;0,679;0,807;0,803;0,814;0,812;0,627;0,624;0,636;0,631;0,698;0,694;0,7;0,702;0,486;0,48;0,489;0,49;0,634;0,624;0,631;0,637;0,454;0,454;0,478;0,477;0,535;0,525;0,537;0,54;0,551;0,544;0,54;0,536;0,542;0,543;0,535;0,546
;27:58:34;37,1;0,09;0,087;0,799;0,831;0,871;0,873;0,085;0,12;0,629;0,632;0,664;0,682;0,811;0,807;0,815;0,814;0,627;0,631;0,637;0,637;0,7;0,694;0,701;0,703;0,487;0,48;0,49;0,491;0,635;0,625;0,631;0,637;0,457;0,457;0,481;0,476;0,536;0,527;0,538;0,541;0,552;0,546;0,541;0,537;0,543;0,544;0,536;0,548
;28:04:34;37,1;0,089;0,087;0,817;0,833;0,873;0,875;0,086;0,116;0,629;0,639;0,654;0,676;0,809;0,807;0,816;0,815;0,625;0,624;0,637;0,632;0,699;0,695;0,702;0,703;0,487;0,48;0,49;0,49;0,635;0,625;0,632;0,637;0,459;0,459;0,483;0,474;0,537;0,528;0,539;0,542;0,553;0,547;0,542;0,538;0,544;0,545;0,536;0,549
;28:10:34;37,1;0,089;0,087;0,802;0,839;0,878;0,876;0,085;0,117;0,631;0,632;0,656;0,678;0,814;0,808;0,816;0,815;0,626;0,624;0,636;0,633;0,701;0,695;0,702;0,704;0,487;0,48;0,49;0,49;0,635;0,625;0,632;0,637;0,461;0,461;0,485;0,473;0,538;0,528;0,54;0,543;0,553;0,547;0,543;0,539;0,545;0,546;0,538;0,55
;28:16:34;37,1;0,089;0,087;0,805;0,829;0,883;0,879;0,085;0,117;0,629;0,631;0,655;0,677;0,811;0,808;0,817;0,816;0,625;0,624;0,635;0,633;0,701;0,695;0,703;0,705;0,487;0,48;0,49;0,491;0,635;0,626;0,632;0,637;0,463;0,464;0,485;0,471;0,539;0,529;0,541;0,544;0,554;0,548;0,544;0,54;0,546;0,547;0,538;0,551
;28:22:34;37,1;0,09;0,087;0,807;0,844;0,877;0,877;0,085;0,118;0,629;0,629;0,655;0,679;0,82;0,811;0,818;0,817;0,626;0,625;0,634;0,634;0,702;0,696;0,703;0,704;0,487;0,48;0,49;0,491;0,636;0,626;0,633;0,637;0,466;0,466;0,481;0,47;0,54;0,531;0,542;0,545;0,555;0,55;0,545;0,541;0,548;0,549;0,539;0,552
;28:28:34;37,1;0,092;0,088;0,81;0,843;0,876;0,879;0,085;0,137;0,629;0,632;0,655;0,682;0,814;0,81;0,819;0,818;0,626;0,624;0,635;0,632;0,702;0,696;0,704;0,705;0,486;0,48;0,49;0,491;0,636;0,626;0,632;0,638;0,468;0,468;0,478;0,469;0,54;0,53;0,543;0,546;0,556;0,551;0,546;0,541;0,548;0,549;0,54;0,553
;28:34:34;37,1;0,09;0,087;0,806;0,837;0,878;0,881;0,085;0,122;0,629;0,631;0,656;0,68;0,818;0,813;0,821;0,82;0,624;0,623;0,634;0,633;0,702;0,697;0,705;0,706;0,487;0,48;0,49;0,491;0,637;0,626;0,633;0,638;0,471;0,47;0,476;0,468;0,542;0,532;0,544;0,547;0,557;0,552;0,547;0,542;0,549;0,55;0,542;0,554
;28:40:34;37;0,09;0,087;0,808;0,842;0,879;0,885;0,085;0,124;0,629;0,63;0,658;0,683;0,819;0,812;0,821;0,82;0,624;0,623;0,636;0,632;0,703;0,698;0,704;0,707;0,488;0,48;0,49;0,492;0,636;0,626;0,633;0,638;0,473;0,473;0,474;0,467;0,542;0,533;0,545;0,548;0,558;0,553;0,548;0,544;0,551;0,551;0,543;0,555
;28:46:34;37;0,089;0,087;0,806;0,839;0,879;0,885;0,086;0,127;0,629;0,628;0,658;0,681;0,815;0,812;0,823;0,821;0,624;0,622;0,634;0,632;0,704;0,698;0,706;0,707;0,488;0,48;0,491;0,491;0,637;0,627;0,633;0,639;0,475;0,475;0,472;0,467;0,544;0,534;0,546;0,549;0,559;0,554;0,549;0,545;0,551;0,552;0,544;0,557
;28:52:34;37,1;0,089;0,087;0,806;0,844;0,882;0,889;0,085;0,129;0,629;0,631;0,657;0,682;0,82;0,815;0,823;0,821;0,628;0,623;0,634;0,634;0,705;0,699;0,706;0,707;0,487;0,48;0,491;0,492;0,637;0,627;0,633;0,639;0,478;0,477;0,47;0,466;0,544;0,535;0,547;0,55;0,561;0,554;0,55;0,546;0,553;0,554;0,545;0,557
;28:58:34;37;0,09;0,087;0,808;0,842;0,882;0,893;0,085;0,133;0,629;0,631;0,659;0,685;0,82;0,815;0,824;0,821;0,624;0,625;0,635;0,637;0,706;0,699;0,706;0,708;0,488;0,481;0,491;0,492;0,637;0,628;0,634;0,639;0,48;0,479;0,469;0,466;0,546;0,536;0,549;0,552;0,562;0,556;0,551;0,546;0,554;0,555;0,546;0,559
;29:04:34;37,1;0,092;0,088;0,81;0,849;0,884;0,888;0,085;0,136;0,631;0,639;0,663;0,684;0,826;0,816;0,824;0,823;0,627;0,623;0,634;0,634;0,706;0,7;0,707;0,708;0,488;0,481;0,492;0,493;0,637;0,627;0,634;0,639;0,481;0,48;0,468;0,465;0,546;0,536;0,549;0,553;0,563;0,557;0,552;0,548;0,555;0,556;0,547;0,56
;29:10:34;37,1;0,089;0,087;0,806;0,844;0,884;0,884;0,085;0,14;0,629;0,629;0,657;0,685;0,822;0,817;0,825;0,824;0,624;0,621;0,633;0,634;0,706;0,7;0,708;0,709;0,488;0,48;0,492;0,492;0,638;0,628;0,634;0,64;0,484;0,478;0,466;0,465;0,548;0,537;0,551;0,554;0,564;0,557;0,553;0,549;0,556;0,557;0,549;0,561
;29:16:34;37,1;0,089;0,086;0,81;0,847;0,883;0,889;0,086;0,144;0,628;0,629;0,658;0,685;0,821;0,817;0,826;0,824;0,622;0,621;0,633;0,632;0,707;0,701;0,708;0,709;0,488;0,481;0,492;0,493;0,638;0,628;0,635;0,639;0,484;0,475;0,465;0,463;0,548;0,538;0,551;0,555;0,565;0,558;0,554;0,55;0,557;0,558;0,549;0,562
;29:22:34;37,2;0,089;0,086;0,813;0,85;0,884;0,89;0,085;0,148;0,629;0,629;0,659;0,692;0,824;0,818;0,827;0,826;0,622;0,622;0,634;0,633;0,707;0,701;0,709;0,711;0,489;0,481;0,492;0,493;0,638;0,627;0,634;0,64;0,481;0,473;0,464;0,463;0,549;0,539;0,552;0,555;0,566;0,56;0,556;0,551;0,558;0,559;0,55;0,563
;29:28:34;37,1;0,089;0,086;0,813;0,85;0,887;0,89;0,086;0,153;0,628;0,629;0,66;0,687;0,825;0,819;0,827;0,826;0,622;0,622;0,633;0,634;0,709;0,701;0,709;0,71;0,489;0,481;0,492;0,493;0,638;0,628;0,635;0,64;0,479;0,47;0,462;0,462;0,55;0,54;0,553;0,557;0,566;0,561;0,556;0,552;0,56;0,56;0,551;0,564
;29:34:34;37,1;0,09;0,087;0,813;0,852;0,888;0,89;0,085;0,159;0,627;0,629;0,66;0,688;0,829;0,821;0,828;0,826;0,621;0,622;0,639;0,64;0,709;0,702;0,71;0,712;0,489;0,481;0,492;0,493;0,639;0,629;0,636;0,641;0,477;0,469;0,462;0,462;0,551;0,541;0,555;0,558;0,568;0,562;0,557;0,553;0,561;0,561;0,552;0,565
;29:40:34;37;0,09;0,087;0,814;0,848;0,888;0,889;0,085;0,164;0,627;0,628;0,658;0,689;0,829;0,82;0,829;0,827;0,622;0,623;0,634;0,634;0,709;0,702;0,71;0,712;0,489;0,482;0,493;0,493;0,639;0,628;0,635;0,641;0,475;0,467;0,461;0,461;0,552;0,542;0,555;0,559;0,568;0,562;0,558;0,553;0,561;0,562;0,553;0,566
;29:46:34;37;0,089;0,086;0,812;0,853;0,89;0,892;0,085;0,171;0,628;0,629;0,66;0,689;0,826;0,821;0,83;0,829;0,621;0,621;0,633;0,635;0,71;0,703;0,711;0,712;0,489;0,482;0,493;0,494;0,639;0,628;0,636;0,641;0,473;0,466;0,46;0,461;0,553;0,543;0,557;0,56;0,57;0,564;0,559;0,554;0,563;0,563;0,554;0,567
;29:52:34;37;0,089;0,087;0,813;0,849;0,89;0,892;0,085;0,177;0,628;0,629;0,66;0,69;0,837;0,822;0,831;0,829;0,621;0,62;0,633;0,633;0,711;0,704;0,711;0,713;0,49;0,482;0,493;0,494;0,639;0,629;0,636;0,641;0,471;0,464;0,459;0,46;0,554;0,544;0,558;0,561;0,57;0,565;0,56;0,555;0,564;0,565;0,556;0,569
;29:58:34;37;0,089;0,087;0,816;0,852;0,895;0,893;0,086;0,185;0,628;0,627;0,661;0,692;0,829;0,823;0,831;0,83;0,622;0,62;0,635;0,635;0,711;0,704;0,712;0,714;0,49;0,482;0,494;0,495;0,64;0,63;0,636;0,642;0,47;0,463;0,458;0,461;0,556;0,544;0,559;0,562;0,571;0,566;0,561;0,556;0,565;0,565;0,556;0,57
;30:04:34;37;0,089;0,087;0,815;0,848;0,89;0,905;0,086;0,198;0,627;0,628;0,659;0,69;0,828;0,823;0,833;0,831;0,621;0,619;0,632;0,635;0,712;0,705;0,713;0,714;0,49;0,483;0,494;0,495;0,64;0,629;0,636;0,642;0,468;0,462;0,458;0,46;0,556;0,546;0,56;0,563;0,571;0,567;0,562;0,557;0,566;0,566;0,558;0,571
;30:10:34;37;0,09;0,087;0,816;0,853;0,894;0,896;0,085;0,211;0,627;0,629;0,661;0,7;0,845;0,825;0,834;0,833;0,622;0,62;0,637;0,636;0,712;0,705;0,713;0,715;0,491;0,483;0,494;0,495;0,64;0,63;0,636;0,642;0,467;0,461;0,458;0,46;0,557;0,547;0,561;0,564;0,573;0,568;0,563;0,559;0,567;0,568;0,559;0,572
;30:16:34;37,1;0,09;0,087;0,824;0,858;0,894;0,899;0,085;0,224;0,636;0,628;0,665;0,692;0,833;0,826;0,833;0,832;0,621;0,626;0,638;0,636;0,714;0,706;0,714;0,716;0,491;0,484;0,495;0,496;0,641;0,631;0,637;0,642;0,465;0,46;0,457;0,46;0,558;0,547;0,562;0,565;0,572;0,569;0,564;0,559;0,569;0,568;0,56;0,573
;30:22:34;37,1;0,089;0,087;0,819;0,853;0,892;0,896;0,085;0,22;0,627;0,628;0,662;0,694;0,831;0,826;0,834;0,833;0,621;0,62;0,632;0,634;0,714;0,706;0,715;0,716;0,492;0,483;0,494;0,496;0,641;0,63;0,637;0,643;0,465;0,459;0,456;0,459;0,559;0,549;0,563;0,567;0,573;0,569;0,565;0,56;0,57;0,569;0,561;0,574
;30:28:34;37,1;0,09;0,087;0,82;0,854;0,892;0,909;0,085;0,228;0,627;0,63;0,663;0,695;0,832;0,827;0,834;0,833;0,62;0,622;0,634;0,636;0,714;0,707;0,715;0,717;0,492;0,484;0,495;0,497;0,641;0,63;0,637;0,643;0,463;0,457;0,455;0,459;0,56;0,55;0,564;0,568;0,573;0,568;0,566;0,562;0,57;0,571;0,562;0,575
;30:34:34;37,1;0,089;0,087;0,819;0,856;0,894;0,899;0,085;0,239;0,632;0,628;0,661;0,693;0,832;0,827;0,836;0,834;0,62;0,619;0,633;0,635;0,715;0,707;0,716;0,717;0,492;0,484;0,495;0,497;0,641;0,631;0,638;0,643;0,463;0,457;0,455;0,46;0,561;0,55;0,565;0,568;0,574;0,569;0,567;0,562;0,572;0,572;0,564;0,576
;30:40:34;37;0,092;0,089;0,826;0,859;0,916;0,9;0,085;0,251;0,633;0,632;0,662;0,695;0,833;0,827;0,835;0,835;0,622;0,619;0,633;0,635;0,715;0,708;0,716;0,717;0,492;0,484;0,496;0,497;0,641;0,63;0,637;0,643;0,462;0,456;0,454;0,459;0,562;0,551;0,567;0,57;0,574;0,57;0,567;0,563;0,573;0,573;0,564;0,577
;30:46:34;37;0,089;0,087;0,82;0,858;0,899;0,901;0,085;0,263;0,633;0,629;0,664;0,698;0,833;0,828;0,837;0,836;0,621;0,62;0,633;0,636;0,716;0,708;0,716;0,718;0,493;0,484;0,496;0,497;0,641;0,63;0,637;0,643;0,461;0,455;0,453;0,458;0,562;0,552;0,567;0,571;0,574;0,57;0,567;0,565;0,574;0,574;0,565;0,578
;30:52:34;37;0,089;0,087;0,821;0,858;0,9;0,902;0,086;0,276;0,627;0,628;0,664;0,702;0,833;0,83;0,837;0,836;0,62;0,619;0,633;0,636;0,716;0,709;0,717;0,719;0,494;0,485;0,496;0,498;0,642;0,631;0,638;0,644;0,46;0,455;0,453;0,459;0,563;0,553;0,568;0,572;0,574;0,57;0,569;0,565;0,575;0,575;0,566;0,58
;30:58:34;37;0,089;0,086;0,822;0,862;0,904;0,903;0,085;0,29;0,627;0,63;0,664;0,7;0,835;0,832;0,839;0,838;0,62;0,619;0,633;0,636;0,717;0,709;0,717;0,719;0,494;0,486;0,497;0,498;0,642;0,631;0,638;0,644;0,459;0,454;0,452;0,459;0,564;0,554;0,57;0,573;0,574;0,571;0,568;0,566;0,576;0,576;0,567;0,58
;31:04:34;37;0,089;0,086;0,827;0,861;0,903;0,909;0,085;0,306;0,628;0,629;0,665;0,699;0,836;0,833;0,838;0,839;0,619;0,619;0,633;0,636;0,718;0,71;0,718;0,72;0,494;0,486;0,498;0,499;0,642;0,631;0,638;0,644;0,459;0,453;0,453;0,458;0,566;0,554;0,571;0,574;0,574;0,571;0,569;0,567;0,577;0,577;0,568;0,582
;31:10:34;37,1;0,089;0,087;0,83;0,861;0,902;0,909;0,085;0,322;0,635;0,628;0,666;0,7;0,836;0,832;0,839;0,838;0,62;0,618;0,634;0,636;0,718;0,71;0,719;0,72;0,494;0,486;0,497;0,499;0,643;0,631;0,639;0,644;0,459;0,453;0,452;0,458;0,566;0,556;0,572;0,575;0,574;0,57;0,57;0,568;0,578;0,578;0,57;0,583
;00:00:00;;;;;;;;;;;;;;;;;;;;;;;;;;;;;;;;;;;;;;;;;;;;;;;;;
;00:00:00;;;;;;;;;;;;;;;;;;;;;;;;;;;;;;;;;;;;;;;;;;;;;;;;;
;00:00:00;;;;;;;;;;;;;;;;;;;;;;;;;;;;;;;;;;;;;;;;;;;;;;;;;
;00:00:00;;;;;;;;;;;;;;;;;;;;;;;;;;;;;;;;;;;;;;;;;;;;;;;;;
;00:00:00;;;;;;;;;;;;;;;;;;;;;;;;;;;;;;;;;;;;;;;;;;;;;;;;;
;00:00:00;;;;;;;;;;;;;;;;;;;;;;;;;;;;;;;;;;;;;;;;;;;;;;;;;
;00:00:00;;;;;;;;;;;;;;;;;;;;;;;;;;;;;;;;;;;;;;;;;;;;;;;;;
;00:00:00;;;;;;;;;;;;;;;;;;;;;;;;;;;;;;;;;;;;;;;;;;;;;;;;;
;00:00:00;;;;;;;;;;;;;;;;;;;;;;;;;;;;;;;;;;;;;;;;;;;;;;;;;
;00:00:00;;;;;;;;;;;;;;;;;;;;;;;;;;;;;;;;;;;;;;;;;;;;;;;;;
;00:00:00;;;;;;;;;;;;;;;;;;;;;;;;;;;;;;;;;;;;;;;;;;;;;;;;;
;00:00:00;;;;;;;;;;;;;;;;;;;;;;;;;;;;;;;;;;;;;;;;;;;;;;;;;
;00:00:00;;;;;;;;;;;;;;;;;;;;;;;;;;;;;;;;;;;;;;;;;;;;;;;;;
;00:00:00;;;;;;;;;;;;;;;;;;;;;;;;;;;;;;;;;;;;;;;;;;;;;;;;;
;00:00:00;;;;;;;;;;;;;;;;;;;;;;;;;;;;;;;;;;;;;;;;;;;;;;;;;
;00:00:00;;;;;;;;;;;;;;;;;;;;;;;;;;;;;;;;;;;;;;;;;;;;;;;;;
;00:00:00;;;;;;;;;;;;;;;;;;;;;;;;;;;;;;;;;;;;;;;;;;;;;;;;;
;00:00:00;;;;;;;;;;;;;;;;;;;;;;;;;;;;;;;;;;;;;;;;;;;;;;;;;
;00:00:00;;;;;;;;;;;;;;;;;;;;;;;;;;;;;;;;;;;;;;;;;;;;;;;;;
;00:00:00;;;;;;;;;;;;;;;;;;;;;;;;;;;;;;;;;;;;;;;;;;;;;;;;;
;00:00:00;;;;;;;;;;;;;;;;;;;;;;;;;;;;;;;;;;;;;;;;;;;;;;;;;
;00:00:00;;;;;;;;;;;;;;;;;;;;;;;;;;;;;;;;;;;;;;;;;;;;;;;;;
;00:00:00;;;;;;;;;;;;;;;;;;;;;;;;;;;;;;;;;;;;;;;;;;;;;;;;;
;00:00:00;;;;;;;;;;;;;;;;;;;;;;;;;;;;;;;;;;;;;;;;;;;;;;;;;
;00:00:00;;;;;;;;;;;;;;;;;;;;;;;;;;;;;;;;;;;;;;;;;;;;;;;;;
;00:00:00;;;;;;;;;;;;;;;;;;;;;;;;;;;;;;;;;;;;;;;;;;;;;;;;;
;00:00:00;;;;;;;;;;;;;;;;;;;;;;;;;;;;;;;;;;;;;;;;;;;;;;;;;
;00:00:00;;;;;;;;;;;;;;;;;;;;;;;;;;;;;;;;;;;;;;;;;;;;;;;;;
;00:00:00;;;;;;;;;;;;;;;;;;;;;;;;;;;;;;;;;;;;;;;;;;;;;;;;;
;00:00:00;;;;;;;;;;;;;;;;;;;;;;;;;;;;;;;;;;;;;;;;;;;;;;;;;
;00:00:00;;;;;;;;;;;;;;;;;;;;;;;;;;;;;;;;;;;;;;;;;;;;;;;;;
;00:00:00;;;;;;;;;;;;;;;;;;;;;;;;;;;;;;;;;;;;;;;;;;;;;;;;;
;00:00:00;;;;;;;;;;;;;;;;;;;;;;;;;;;;;;;;;;;;;;;;;;;;;;;;;
;00:00:00;;;;;;;;;;;;;;;;;;;;;;;;;;;;;;;;;;;;;;;;;;;;;;;;;
;00:00:00;;;;;;;;;;;;;;;;;;;;;;;;;;;;;;;;;;;;;;;;;;;;;;;;;
;00:00:00;;;;;;;;;;;;;;;;;;;;;;;;;;;;;;;;;;;;;;;;;;;;;;;;;
;00:00:00;;;;;;;;;;;;;;;;;;;;;;;;;;;;;;;;;;;;;;;;;;;;;;;;;
;00:00:00;;;;;;;;;;;;;;;;;;;;;;;;;;;;;;;;;;;;;;;;;;;;;;;;;
;00:00:00;;;;;;;;;;;;;;;;;;;;;;;;;;;;;;;;;;;;;;;;;;;;;;;;;
;00:00:00;;;;;;;;;;;;;;;;;;;;;;;;;;;;;;;;;;;;;;;;;;;;;;;;;
;00:00:00;;;;;;;;;;;;;;;;;;;;;;;;;;;;;;;;;;;;;;;;;;;;;;;;;
;00:00:00;;;;;;;;;;;;;;;;;;;;;;;;;;;;;;;;;;;;;;;;;;;;;;;;;
;00:00:00;;;;;;;;;;;;;;;;;;;;;;;;;;;;;;;;;;;;;;;;;;;;;;;;;
;00:00:00;;;;;;;;;;;;;;;;;;;;;;;;;;;;;;;;;;;;;;;;;;;;;;;;;
;00:00:00;;;;;;;;;;;;;;;;;;;;;;;;;;;;;;;;;;;;;;;;;;;;;;;;;
;00:00:00;;;;;;;;;;;;;;;;;;;;;;;;;;;;;;;;;;;;;;;;;;;;;;;;;
;00:00:00;;;;;;;;;;;;;;;;;;;;;;;;;;;;;;;;;;;;;;;;;;;;;;;;;
;00:00:00;;;;;;;;;;;;;;;;;;;;;;;;;;;;;;;;;;;;;;;;;;;;;;;;;
;00:00:00;;;;;;;;;;;;;;;;;;;;;;;;;;;;;;;;;;;;;;;;;;;;;;;;;
;00:00:00;;;;;;;;;;;;;;;;;;;;;;;;;;;;;;;;;;;;;;;;;;;;;;;;;
;00:00:00;;;;;;;;;;;;;;;;;;;;;;;;;;;;;;;;;;;;;;;;;;;;;;;;;
;00:00:00;;;;;;;;;;;;;;;;;;;;;;;;;;;;;;;;;;;;;;;;;;;;;;;;;
;00:00:00;;;;;;;;;;;;;;;;;;;;;;;;;;;;;;;;;;;;;;;;;;;;;;;;;
;00:00:00;;;;;;;;;;;;;;;;;;;;;;;;;;;;;;;;;;;;;;;;;;;;;;;;;
;00:00:00;;;;;;;;;;;;;;;;;;;;;;;;;;;;;;;;;;;;;;;;;;;;;;;;;
;00:00:00;;;;;;;;;;;;;;;;;;;;;;;;;;;;;;;;;;;;;;;;;;;;;;;;;
;00:00:00;;;;;;;;;;;;;;;;;;;;;;;;;;;;;;;;;;;;;;;;;;;;;;;;;
;00:00:00;;;;;;;;;;;;;;;;;;;;;;;;;;;;;;;;;;;;;;;;;;;;;;;;;
;00:00:00;;;;;;;;;;;;;;;;;;;;;;;;;;;;;;;;;;;;;;;;;;;;;;;;;
;00:00:00;;;;;;;;;;;;;;;;;;;;;;;;;;;;;;;;;;;;;;;;;;;;;;;;;
;00:00:00;;;;;;;;;;;;;;;;;;;;;;;;;;;;;;;;;;;;;;;;;;;;;;;;;
;00:00:00;;;;;;;;;;;;;;;;;;;;;;;;;;;;;;;;;;;;;;;;;;;;;;;;;
;00:00:00;;;;;;;;;;;;;;;;;;;;;;;;;;;;;;;;;;;;;;;;;;;;;;;;;
;00:00:00;;;;;;;;;;;;;;;;;;;;;;;;;;;;;;;;;;;;;;;;;;;;;;;;;
;00:00:00;;;;;;;;;;;;;;;;;;;;;;;;;;;;;;;;;;;;;;;;;;;;;;;;;
;00:00:00;;;;;;;;;;;;;;;;;;;;;;;;;;;;;;;;;;;;;;;;;;;;;;;;;
;00:00:00;;;;;;;;;;;;;;;;;;;;;;;;;;;;;;;;;;;;;;;;;;;;;;;;;
;00:00:00;;;;;;;;;;;;;;;;;;;;;;;;;;;;;;;;;;;;;;;;;;;;;;;;;
;00:00:00;;;;;;;;;;;;;;;;;;;;;;;;;;;;;;;;;;;;;;;;;;;;;;;;;
;00:00:00;;;;;;;;;;;;;;;;;;;;;;;;;;;;;;;;;;;;;;;;;;;;;;;;;
;00:00:00;;;;;;;;;;;;;;;;;;;;;;;;;;;;;;;;;;;;;;;;;;;;;;;;;
;00:00:00;;;;;;;;;;;;;;;;;;;;;;;;;;;;;;;;;;;;;;;;;;;;;;;;;
;00:00:00;;;;;;;;;;;;;;;;;;;;;;;;;;;;;;;;;;;;;;;;;;;;;;;;;
;00:00:00;;;;;;;;;;;;;;;;;;;;;;;;;;;;;;;;;;;;;;;;;;;;;;;;;
;00:00:00;;;;;;;;;;;;;;;;;;;;;;;;;;;;;;;;;;;;;;;;;;;;;;;;;
;00:00:00;;;;;;;;;;;;;;;;;;;;;;;;;;;;;;;;;;;;;;;;;;;;;;;;;
;00:00:00;;;;;;;;;;;;;;;;;;;;;;;;;;;;;;;;;;;;;;;;;;;;;;;;;
;00:00:00;;;;;;;;;;;;;;;;;;;;;;;;;;;;;;;;;;;;;;;;;;;;;;;;;
;00:00:00;;;;;;;;;;;;;;;;;;;;;;;;;;;;;;;;;;;;;;;;;;;;;;;;;
;00:00:00;;;;;;;;;;;;;;;;;;;;;;;;;;;;;;;;;;;;;;;;;;;;;;;;;
;00:00:00;;;;;;;;;;;;;;;;;;;;;;;;;;;;;;;;;;;;;;;;;;;;;;;;;
;00:00:00;;;;;;;;;;;;;;;;;;;;;;;;;;;;;;;;;;;;;;;;;;;;;;;;;
;00:00:00;;;;;;;;;;;;;;;;;;;;;;;;;;;;;;;;;;;;;;;;;;;;;;;;;
;00:00:00;;;;;;;;;;;;;;;;;;;;;;;;;;;;;;;;;;;;;;;;;;;;;;;;;
;00:00:00;;;;;;;;;;;;;;;;;;;;;;;;;;;;;;;;;;;;;;;;;;;;;;;;;
;00:00:00;;;;;;;;;;;;;;;;;;;;;;;;;;;;;;;;;;;;;;;;;;;;;;;;;
;00:00:00;;;;;;;;;;;;;;;;;;;;;;;;;;;;;;;;;;;;;;;;;;;;;;;;;
;00:00:00;;;;;;;;;;;;;;;;;;;;;;;;;;;;;;;;;;;;;;;;;;;;;;;;;
;00:00:00;;;;;;;;;;;;;;;;;;;;;;;;;;;;;;;;;;;;;;;;;;;;;;;;;
;00:00:00;;;;;;;;;;;;;;;;;;;;;;;;;;;;;;;;;;;;;;;;;;;;;;;;;
;00:00:00;;;;;;;;;;;;;;;;;;;;;;;;;;;;;;;;;;;;;;;;;;;;;;;;;
;00:00:00;;;;;;;;;;;;;;;;;;;;;;;;;;;;;;;;;;;;;;;;;;;;;;;;;
;00:00:00;;;;;;;;;;;;;;;;;;;;;;;;;;;;;;;;;;;;;;;;;;;;;;;;;
;00:00:00;;;;;;;;;;;;;;;;;;;;;;;;;;;;;;;;;;;;;;;;;;;;;;;;;
;00:00:00;;;;;;;;;;;;;;;;;;;;;;;;;;;;;;;;;;;;;;;;;;;;;;;;;
;00:00:00;;;;;;;;;;;;;;;;;;;;;;;;;;;;;;;;;;;;;;;;;;;;;;;;;
;00:00:00;;;;;;;;;;;;;;;;;;;;;;;;;;;;;;;;;;;;;;;;;;;;;;;;;
;00:00:00;;;;;;;;;;;;;;;;;;;;;;;;;;;;;;;;;;;;;;;;;;;;;;;;;
;00:00:00;;;;;;;;;;;;;;;;;;;;;;;;;;;;;;;;;;;;;;;;;;;;;;;;;
;00:00:00;;;;;;;;;;;;;;;;;;;;;;;;;;;;;;;;;;;;;;;;;;;;;;;;;
;00:00:00;;;;;;;;;;;;;;;;;;;;;;;;;;;;;;;;;;;;;;;;;;;;;;;;;
;00:00:00;;;;;;;;;;;;;;;;;;;;;;;;;;;;;;;;;;;;;;;;;;;;;;;;;
;00:00:00;;;;;;;;;;;;;;;;;;;;;;;;;;;;;;;;;;;;;;;;;;;;;;;;;
;00:00:00;;;;;;;;;;;;;;;;;;;;;;;;;;;;;;;;;;;;;;;;;;;;;;;;;
;00:00:00;;;;;;;;;;;;;;;;;;;;;;;;;;;;;;;;;;;;;;;;;;;;;;;;;
;00:00:00;;;;;;;;;;;;;;;;;;;;;;;;;;;;;;;;;;;;;;;;;;;;;;;;;
;00:00:00;;;;;;;;;;;;;;;;;;;;;;;;;;;;;;;;;;;;;;;;;;;;;;;;;
;00:00:00;;;;;;;;;;;;;;;;;;;;;;;;;;;;;;;;;;;;;;;;;;;;;;;;;
;00:00:00;;;;;;;;;;;;;;;;;;;;;;;;;;;;;;;;;;;;;;;;;;;;;;;;;
;00:00:00;;;;;;;;;;;;;;;;;;;;;;;;;;;;;;;;;;;;;;;;;;;;;;;;;
;00:00:00;;;;;;;;;;;;;;;;;;;;;;;;;;;;;;;;;;;;;;;;;;;;;;;;;
;00:00:00;;;;;;;;;;;;;;;;;;;;;;;;;;;;;;;;;;;;;;;;;;;;;;;;;
;00:00:00;;;;;;;;;;;;;;;;;;;;;;;;;;;;;;;;;;;;;;;;;;;;;;;;;
;00:00:00;;;;;;;;;;;;;;;;;;;;;;;;;;;;;;;;;;;;;;;;;;;;;;;;;
;00:00:00;;;;;;;;;;;;;;;;;;;;;;;;;;;;;;;;;;;;;;;;;;;;;;;;;
;00:00:00;;;;;;;;;;;;;;;;;;;;;;;;;;;;;;;;;;;;;;;;;;;;;;;;;
;00:00:00;;;;;;;;;;;;;;;;;;;;;;;;;;;;;;;;;;;;;;;;;;;;;;;;;
;00:00:00;;;;;;;;;;;;;;;;;;;;;;;;;;;;;;;;;;;;;;;;;;;;;;;;;
;00:00:00;;;;;;;;;;;;;;;;;;;;;;;;;;;;;;;;;;;;;;;;;;;;;;;;;
;00:00:00;;;;;;;;;;;;;;;;;;;;;;;;;;;;;;;;;;;;;;;;;;;;;;;;;
;00:00:00;;;;;;;;;;;;;;;;;;;;;;;;;;;;;;;;;;;;;;;;;;;;;;;;;
;00:00:00;;;;;;;;;;;;;;;;;;;;;;;;;;;;;;;;;;;;;;;;;;;;;;;;;
;00:00:00;;;;;;;;;;;;;;;;;;;;;;;;;;;;;;;;;;;;;;;;;;;;;;;;;
;00:00:00;;;;;;;;;;;;;;;;;;;;;;;;;;;;;;;;;;;;;;;;;;;;;;;;;
;00:00:00;;;;;;;;;;;;;;;;;;;;;;;;;;;;;;;;;;;;;;;;;;;;;;;;;
;00:00:00;;;;;;;;;;;;;;;;;;;;;;;;;;;;;;;;;;;;;;;;;;;;;;;;;
;00:00:00;;;;;;;;;;;;;;;;;;;;;;;;;;;;;;;;;;;;;;;;;;;;;;;;;
;00:00:00;;;;;;;;;;;;;;;;;;;;;;;;;;;;;;;;;;;;;;;;;;;;;;;;;
;00:00:00;;;;;;;;;;;;;;;;;;;;;;;;;;;;;;;;;;;;;;;;;;;;;;;;;
;00:00:00;;;;;;;;;;;;;;;;;;;;;;;;;;;;;;;;;;;;;;;;;;;;;;;;;
;00:00:00;;;;;;;;;;;;;;;;;;;;;;;;;;;;;;;;;;;;;;;;;;;;;;;;;
;00:00:00;;;;;;;;;;;;;;;;;;;;;;;;;;;;;;;;;;;;;;;;;;;;;;;;;
;00:00:00;;;;;;;;;;;;;;;;;;;;;;;;;;;;;;;;;;;;;;;;;;;;;;;;;
;00:00:00;;;;;;;;;;;;;;;;;;;;;;;;;;;;;;;;;;;;;;;;;;;;;;;;;
;00:00:00;;;;;;;;;;;;;;;;;;;;;;;;;;;;;;;;;;;;;;;;;;;;;;;;;
;00:00:00;;;;;;;;;;;;;;;;;;;;;;;;;;;;;;;;;;;;;;;;;;;;;;;;;
;00:00:00;;;;;;;;;;;;;;;;;;;;;;;;;;;;;;;;;;;;;;;;;;;;;;;;;
;00:00:00;;;;;;;;;;;;;;;;;;;;;;;;;;;;;;;;;;;;;;;;;;;;;;;;;
;00:00:00;;;;;;;;;;;;;;;;;;;;;;;;;;;;;;;;;;;;;;;;;;;;;;;;;
;00:00:00;;;;;;;;;;;;;;;;;;;;;;;;;;;;;;;;;;;;;;;;;;;;;;;;;
;00:00:00;;;;;;;;;;;;;;;;;;;;;;;;;;;;;;;;;;;;;;;;;;;;;;;;;
;00:00:00;;;;;;;;;;;;;;;;;;;;;;;;;;;;;;;;;;;;;;;;;;;;;;;;;
;00:00:00;;;;;;;;;;;;;;;;;;;;;;;;;;;;;;;;;;;;;;;;;;;;;;;;;
;00:00:00;;;;;;;;;;;;;;;;;;;;;;;;;;;;;;;;;;;;;;;;;;;;;;;;;
;00:00:00;;;;;;;;;;;;;;;;;;;;;;;;;;;;;;;;;;;;;;;;;;;;;;;;;
;00:00:00;;;;;;;;;;;;;;;;;;;;;;;;;;;;;;;;;;;;;;;;;;;;;;;;;
;00:00:00;;;;;;;;;;;;;;;;;;;;;;;;;;;;;;;;;;;;;;;;;;;;;;;;;
;00:00:00;;;;;;;;;;;;;;;;;;;;;;;;;;;;;;;;;;;;;;;;;;;;;;;;;
;00:00:00;;;;;;;;;;;;;;;;;;;;;;;;;;;;;;;;;;;;;;;;;;;;;;;;;
;00:00:00;;;;;;;;;;;;;;;;;;;;;;;;;;;;;;;;;;;;;;;;;;;;;;;;;
;00:00:00;;;;;;;;;;;;;;;;;;;;;;;;;;;;;;;;;;;;;;;;;;;;;;;;;
;00:00:00;;;;;;;;;;;;;;;;;;;;;;;;;;;;;;;;;;;;;;;;;;;;;;;;;
;00:00:00;;;;;;;;;;;;;;;;;;;;;;;;;;;;;;;;;;;;;;;;;;;;;;;;;
;00:00:00;;;;;;;;;;;;;;;;;;;;;;;;;;;;;;;;;;;;;;;;;;;;;;;;;
;00:00:00;;;;;;;;;;;;;;;;;;;;;;;;;;;;;;;;;;;;;;;;;;;;;;;;;
;00:00:00;;;;;;;;;;;;;;;;;;;;;;;;;;;;;;;;;;;;;;;;;;;;;;;;;
;00:00:00;;;;;;;;;;;;;;;;;;;;;;;;;;;;;;;;;;;;;;;;;;;;;;;;;
;00:00:00;;;;;;;;;;;;;;;;;;;;;;;;;;;;;;;;;;;;;;;;;;;;;;;;;
;00:00:00;;;;;;;;;;;;;;;;;;;;;;;;;;;;;;;;;;;;;;;;;;;;;;;;;
;00:00:00;;;;;;;;;;;;;;;;;;;;;;;;;;;;;;;;;;;;;;;;;;;;;;;;;
;00:00:00;;;;;;;;;;;;;;;;;;;;;;;;;;;;;;;;;;;;;;;;;;;;;;;;;
;00:00:00;;;;;;;;;;;;;;;;;;;;;;;;;;;;;;;;;;;;;;;;;;;;;;;;;
;00:00:00;;;;;;;;;;;;;;;;;;;;;;;;;;;;;;;;;;;;;;;;;;;;;;;;;
;00:00:00;;;;;;;;;;;;;;;;;;;;;;;;;;;;;;;;;;;;;;;;;;;;;;;;;
;00:00:00;;;;;;;;;;;;;;;;;;;;;;;;;;;;;;;;;;;;;;;;;;;;;;;;;
;00:00:00;;;;;;;;;;;;;;;;;;;;;;;;;;;;;;;;;;;;;;;;;;;;;;;;;
;00:00:00;;;;;;;;;;;;;;;;;;;;;;;;;;;;;;;;;;;;;;;;;;;;;;;;;
;00:00:00;;;;;;;;;;;;;;;;;;;;;;;;;;;;;;;;;;;;;;;;;;;;;;;;;
;00:00:00;;;;;;;;;;;;;;;;;;;;;;;;;;;;;;;;;;;;;;;;;;;;;;;;;
;00:00:00;;;;;;;;;;;;;;;;;;;;;;;;;;;;;;;;;;;;;;;;;;;;;;;;;
;00:00:00;;;;;;;;;;;;;;;;;;;;;;;;;;;;;;;;;;;;;;;;;;;;;;;;;
;00:00:00;;;;;;;;;;;;;;;;;;;;;;;;;;;;;;;;;;;;;;;;;;;;;;;;;
;00:00:00;;;;;;;;;;;;;;;;;;;;;;;;;;;;;;;;;;;;;;;;;;;;;;;;;
;00:00:00;;;;;;;;;;;;;;;;;;;;;;;;;;;;;;;;;;;;;;;;;;;;;;;;;
;00:00:00;;;;;;;;;;;;;;;;;;;;;;;;;;;;;;;;;;;;;;;;;;;;;;;;;
;00:00:00;;;;;;;;;;;;;;;;;;;;;;;;;;;;;;;;;;;;;;;;;;;;;;;;;
;00:00:00;;;;;;;;;;;;;;;;;;;;;;;;;;;;;;;;;;;;;;;;;;;;;;;;;
;00:00:00;;;;;;;;;;;;;;;;;;;;;;;;;;;;;;;;;;;;;;;;;;;;;;;;;
;00:00:00;;;;;;;;;;;;;;;;;;;;;;;;;;;;;;;;;;;;;;;;;;;;;;;;;
;00:00:00;;;;;;;;;;;;;;;;;;;;;;;;;;;;;;;;;;;;;;;;;;;;;;;;;
;00:00:00;;;;;;;;;;;;;;;;;;;;;;;;;;;;;;;;;;;;;;;;;;;;;;;;;
;00:00:00;;;;;;;;;;;;;;;;;;;;;;;;;;;;;;;;;;;;;;;;;;;;;;;;;
;00:00:00;;;;;;;;;;;;;;;;;;;;;;;;;;;;;;;;;;;;;;;;;;;;;;;;;
;00:00:00;;;;;;;;;;;;;;;;;;;;;;;;;;;;;;;;;;;;;;;;;;;;;;;;;
;00:00:00;;;;;;;;;;;;;;;;;;;;;;;;;;;;;;;;;;;;;;;;;;;;;;;;;
;00:00:00;;;;;;;;;;;;;;;;;;;;;;;;;;;;;;;;;;;;;;;;;;;;;;;;;
;00:00:00;;;;;;;;;;;;;;;;;;;;;;;;;;;;;;;;;;;;;;;;;;;;;;;;;
;00:00:00;;;;;;;;;;;;;;;;;;;;;;;;;;;;;;;;;;;;;;;;;;;;;;;;;
;00:00:00;;;;;;;;;;;;;;;;;;;;;;;;;;;;;;;;;;;;;;;;;;;;;;;;;
;00:00:00;;;;;;;;;;;;;;;;;;;;;;;;;;;;;;;;;;;;;;;;;;;;;;;;;
;00:00:00;;;;;;;;;;;;;;;;;;;;;;;;;;;;;;;;;;;;;;;;;;;;;;;;;
;00:00:00;;;;;;;;;;;;;;;;;;;;;;;;;;;;;;;;;;;;;;;;;;;;;;;;;
;00:00:00;;;;;;;;;;;;;;;;;;;;;;;;;;;;;;;;;;;;;;;;;;;;;;;;;
;00:00:00;;;;;;;;;;;;;;;;;;;;;;;;;;;;;;;;;;;;;;;;;;;;;;;;;
;00:00:00;;;;;;;;;;;;;;;;;;;;;;;;;;;;;;;;;;;;;;;;;;;;;;;;;
;00:00:00;;;;;;;;;;;;;;;;;;;;;;;;;;;;;;;;;;;;;;;;;;;;;;;;;
;00:00:00;;;;;;;;;;;;;;;;;;;;;;;;;;;;;;;;;;;;;;;;;;;;;;;;;
;00:00:00;;;;;;;;;;;;;;;;;;;;;;;;;;;;;;;;;;;;;;;;;;;;;;;;;
;00:00:00;;;;;;;;;;;;;;;;;;;;;;;;;;;;;;;;;;;;;;;;;;;;;;;;;
;00:00:00;;;;;;;;;;;;;;;;;;;;;;;;;;;;;;;;;;;;;;;;;;;;;;;;;
;00:00:00;;;;;;;;;;;;;;;;;;;;;;;;;;;;;;;;;;;;;;;;;;;;;;;;;
;00:00:00;;;;;;;;;;;;;;;;;;;;;;;;;;;;;;;;;;;;;;;;;;;;;;;;;
;00:00:00;;;;;;;;;;;;;;;;;;;;;;;;;;;;;;;;;;;;;;;;;;;;;;;;;
;00:00:00;;;;;;;;;;;;;;;;;;;;;;;;;;;;;;;;;;;;;;;;;;;;;;;;;
;00:00:00;;;;;;;;;;;;;;;;;;;;;;;;;;;;;;;;;;;;;;;;;;;;;;;;;
;00:00:00;;;;;;;;;;;;;;;;;;;;;;;;;;;;;;;;;;;;;;;;;;;;;;;;;
;00:00:00;;;;;;;;;;;;;;;;;;;;;;;;;;;;;;;;;;;;;;;;;;;;;;;;;
;00:00:00;;;;;;;;;;;;;;;;;;;;;;;;;;;;;;;;;;;;;;;;;;;;;;;;;
;00:00:00;;;;;;;;;;;;;;;;;;;;;;;;;;;;;;;;;;;;;;;;;;;;;;;;;
;00:00:00;;;;;;;;;;;;;;;;;;;;;;;;;;;;;;;;;;;;;;;;;;;;;;;;;
;00:00:00;;;;;;;;;;;;;;;;;;;;;;;;;;;;;;;;;;;;;;;;;;;;;;;;;
;00:00:00;;;;;;;;;;;;;;;;;;;;;;;;;;;;;;;;;;;;;;;;;;;;;;;;;
;00:00:00;;;;;;;;;;;;;;;;;;;;;;;;;;;;;;;;;;;;;;;;;;;;;;;;;
;00:00:00;;;;;;;;;;;;;;;;;;;;;;;;;;;;;;;;;;;;;;;;;;;;;;;;;
;00:00:00;;;;;;;;;;;;;;;;;;;;;;;;;;;;;;;;;;;;;;;;;;;;;;;;;
;00:00:00;;;;;;;;;;;;;;;;;;;;;;;;;;;;;;;;;;;;;;;;;;;;;;;;;
;00:00:00;;;;;;;;;;;;;;;;;;;;;;;;;;;;;;;;;;;;;;;;;;;;;;;;;
;00:00:00;;;;;;;;;;;;;;;;;;;;;;;;;;;;;;;;;;;;;;;;;;;;;;;;;
;00:00:00;;;;;;;;;;;;;;;;;;;;;;;;;;;;;;;;;;;;;;;;;;;;;;;;;
;00:00:00;;;;;;;;;;;;;;;;;;;;;;;;;;;;;;;;;;;;;;;;;;;;;;;;;
;00:00:00;;;;;;;;;;;;;;;;;;;;;;;;;;;;;;;;;;;;;;;;;;;;;;;;;
;00:00:00;;;;;;;;;;;;;;;;;;;;;;;;;;;;;;;;;;;;;;;;;;;;;;;;;
;00:00:00;;;;;;;;;;;;;;;;;;;;;;;;;;;;;;;;;;;;;;;;;;;;;;;;;
;00:00:00;;;;;;;;;;;;;;;;;;;;;;;;;;;;;;;;;;;;;;;;;;;;;;;;;
;00:00:00;;;;;;;;;;;;;;;;;;;;;;;;;;;;;;;;;;;;;;;;;;;;;;;;;
;00:00:00;;;;;;;;;;;;;;;;;;;;;;;;;;;;;;;;;;;;;;;;;;;;;;;;;
;00:00:00;;;;;;;;;;;;;;;;;;;;;;;;;;;;;;;;;;;;;;;;;;;;;;;;;
;00:00:00;;;;;;;;;;;;;;;;;;;;;;;;;;;;;;;;;;;;;;;;;;;;;;;;;
;00:00:00;;;;;;;;;;;;;;;;;;;;;;;;;;;;;;;;;;;;;;;;;;;;;;;;;
;00:00:00;;;;;;;;;;;;;;;;;;;;;;;;;;;;;;;;;;;;;;;;;;;;;;;;;
;00:00:00;;;;;;;;;;;;;;;;;;;;;;;;;;;;;;;;;;;;;;;;;;;;;;;;;
;00:00:00;;;;;;;;;;;;;;;;;;;;;;;;;;;;;;;;;;;;;;;;;;;;;;;;;
;00:00:00;;;;;;;;;;;;;;;;;;;;;;;;;;;;;;;;;;;;;;;;;;;;;;;;;
;00:00:00;;;;;;;;;;;;;;;;;;;;;;;;;;;;;;;;;;;;;;;;;;;;;;;;;
;00:00:00;;;;;;;;;;;;;;;;;;;;;;;;;;;;;;;;;;;;;;;;;;;;;;;;;
;00:00:00;;;;;;;;;;;;;;;;;;;;;;;;;;;;;;;;;;;;;;;;;;;;;;;;;
;00:00:00;;;;;;;;;;;;;;;;;;;;;;;;;;;;;;;;;;;;;;;;;;;;;;;;;
;00:00:00;;;;;;;;;;;;;;;;;;;;;;;;;;;;;;;;;;;;;;;;;;;;;;;;;
;00:00:00;;;;;;;;;;;;;;;;;;;;;;;;;;;;;;;;;;;;;;;;;;;;;;;;;
;00:00:00;;;;;;;;;;;;;;;;;;;;;;;;;;;;;;;;;;;;;;;;;;;;;;;;;
;00:00:00;;;;;;;;;;;;;;;;;;;;;;;;;;;;;;;;;;;;;;;;;;;;;;;;;
;00:00:00;;;;;;;;;;;;;;;;;;;;;;;;;;;;;;;;;;;;;;;;;;;;;;;;;
;00:00:00;;;;;;;;;;;;;;;;;;;;;;;;;;;;;;;;;;;;;;;;;;;;;;;;;
;00:00:00;;;;;;;;;;;;;;;;;;;;;;;;;;;;;;;;;;;;;;;;;;;;;;;;;
;00:00:00;;;;;;;;;;;;;;;;;;;;;;;;;;;;;;;;;;;;;;;;;;;;;;;;;
;00:00:00;;;;;;;;;;;;;;;;;;;;;;;;;;;;;;;;;;;;;;;;;;;;;;;;;
;00:00:00;;;;;;;;;;;;;;;;;;;;;;;;;;;;;;;;;;;;;;;;;;;;;;;;;
;00:00:00;;;;;;;;;;;;;;;;;;;;;;;;;;;;;;;;;;;;;;;;;;;;;;;;;
;00:00:00;;;;;;;;;;;;;;;;;;;;;;;;;;;;;;;;;;;;;;;;;;;;;;;;;
;00:00:00;;;;;;;;;;;;;;;;;;;;;;;;;;;;;;;;;;;;;;;;;;;;;;;;;
;00:00:00;;;;;;;;;;;;;;;;;;;;;;;;;;;;;;;;;;;;;;;;;;;;;;;;;
;00:00:00;;;;;;;;;;;;;;;;;;;;;;;;;;;;;;;;;;;;;;;;;;;;;;;;;
;00:00:00;;;;;;;;;;;;;;;;;;;;;;;;;;;;;;;;;;;;;;;;;;;;;;;;;
;00:00:00;;;;;;;;;;;;;;;;;;;;;;;;;;;;;;;;;;;;;;;;;;;;;;;;;
;00:00:00;;;;;;;;;;;;;;;;;;;;;;;;;;;;;;;;;;;;;;;;;;;;;;;;;
;00:00:00;;;;;;;;;;;;;;;;;;;;;;;;;;;;;;;;;;;;;;;;;;;;;;;;;
;00:00:00;;;;;;;;;;;;;;;;;;;;;;;;;;;;;;;;;;;;;;;;;;;;;;;;;
;00:00:00;;;;;;;;;;;;;;;;;;;;;;;;;;;;;;;;;;;;;;;;;;;;;;;;;
;00:00:00;;;;;;;;;;;;;;;;;;;;;;;;;;;;;;;;;;;;;;;;;;;;;;;;;
;00:00:00;;;;;;;;;;;;;;;;;;;;;;;;;;;;;;;;;;;;;;;;;;;;;;;;;
;00:00:00;;;;;;;;;;;;;;;;;;;;;;;;;;;;;;;;;;;;;;;;;;;;;;;;;
;00:00:00;;;;;;;;;;;;;;;;;;;;;;;;;;;;;;;;;;;;;;;;;;;;;;;;;
;00:00:00;;;;;;;;;;;;;;;;;;;;;;;;;;;;;;;;;;;;;;;;;;;;;;;;;
;00:00:00;;;;;;;;;;;;;;;;;;;;;;;;;;;;;;;;;;;;;;;;;;;;;;;;;
;00:00:00;;;;;;;;;;;;;;;;;;;;;;;;;;;;;;;;;;;;;;;;;;;;;;;;;
;00:00:00;;;;;;;;;;;;;;;;;;;;;;;;;;;;;;;;;;;;;;;;;;;;;;;;;
;00:00:00;;;;;;;;;;;;;;;;;;;;;;;;;;;;;;;;;;;;;;;;;;;;;;;;;
;00:00:00;;;;;;;;;;;;;;;;;;;;;;;;;;;;;;;;;;;;;;;;;;;;;;;;;
;00:00:00;;;;;;;;;;;;;;;;;;;;;;;;;;;;;;;;;;;;;;;;;;;;;;;;;
;00:00:00;;;;;;;;;;;;;;;;;;;;;;;;;;;;;;;;;;;;;;;;;;;;;;;;;
;00:00:00;;;;;;;;;;;;;;;;;;;;;;;;;;;;;;;;;;;;;;;;;;;;;;;;;
;00:00:00;;;;;;;;;;;;;;;;;;;;;;;;;;;;;;;;;;;;;;;;;;;;;;;;;
;00:00:00;;;;;;;;;;;;;;;;;;;;;;;;;;;;;;;;;;;;;;;;;;;;;;;;;
;00:00:00;;;;;;;;;;;;;;;;;;;;;;;;;;;;;;;;;;;;;;;;;;;;;;;;;
;00:00:00;;;;;;;;;;;;;;;;;;;;;;;;;;;;;;;;;;;;;;;;;;;;;;;;;
;00:00:00;;;;;;;;;;;;;;;;;;;;;;;;;;;;;;;;;;;;;;;;;;;;;;;;;
;00:00:00;;;;;;;;;;;;;;;;;;;;;;;;;;;;;;;;;;;;;;;;;;;;;;;;;
;00:00:00;;;;;;;;;;;;;;;;;;;;;;;;;;;;;;;;;;;;;;;;;;;;;;;;;
;00:00:00;;;;;;;;;;;;;;;;;;;;;;;;;;;;;;;;;;;;;;;;;;;;;;;;;
;00:00:00;;;;;;;;;;;;;;;;;;;;;;;;;;;;;;;;;;;;;;;;;;;;;;;;;
;00:00:00;;;;;;;;;;;;;;;;;;;;;;;;;;;;;;;;;;;;;;;;;;;;;;;;;
;00:00:00;;;;;;;;;;;;;;;;;;;;;;;;;;;;;;;;;;;;;;;;;;;;;;;;;
;00:00:00;;;;;;;;;;;;;;;;;;;;;;;;;;;;;;;;;;;;;;;;;;;;;;;;;
;00:00:00;;;;;;;;;;;;;;;;;;;;;;;;;;;;;;;;;;;;;;;;;;;;;;;;;
;00:00:00;;;;;;;;;;;;;;;;;;;;;;;;;;;;;;;;;;;;;;;;;;;;;;;;;
;00:00:00;;;;;;;;;;;;;;;;;;;;;;;;;;;;;;;;;;;;;;;;;;;;;;;;;
;00:00:00;;;;;;;;;;;;;;;;;;;;;;;;;;;;;;;;;;;;;;;;;;;;;;;;;
;00:00:00;;;;;;;;;;;;;;;;;;;;;;;;;;;;;;;;;;;;;;;;;;;;;;;;;
;00:00:00;;;;;;;;;;;;;;;;;;;;;;;;;;;;;;;;;;;;;;;;;;;;;;;;;
;00:00:00;;;;;;;;;;;;;;;;;;;;;;;;;;;;;;;;;;;;;;;;;;;;;;;;;
;00:00:00;;;;;;;;;;;;;;;;;;;;;;;;;;;;;;;;;;;;;;;;;;;;;;;;;
;00:00:00;;;;;;;;;;;;;;;;;;;;;;;;;;;;;;;;;;;;;;;;;;;;;;;;;
;00:00:00;;;;;;;;;;;;;;;;;;;;;;;;;;;;;;;;;;;;;;;;;;;;;;;;;
;00:00:00;;;;;;;;;;;;;;;;;;;;;;;;;;;;;;;;;;;;;;;;;;;;;;;;;
;00:00:00;;;;;;;;;;;;;;;;;;;;;;;;;;;;;;;;;;;;;;;;;;;;;;;;;
;00:00:00;;;;;;;;;;;;;;;;;;;;;;;;;;;;;;;;;;;;;;;;;;;;;;;;;
;00:00:00;;;;;;;;;;;;;;;;;;;;;;;;;;;;;;;;;;;;;;;;;;;;;;;;;
;00:00:00;;;;;;;;;;;;;;;;;;;;;;;;;;;;;;;;;;;;;;;;;;;;;;;;;
;00:00:00;;;;;;;;;;;;;;;;;;;;;;;;;;;;;;;;;;;;;;;;;;;;;;;;;
;00:00:00;;;;;;;;;;;;;;;;;;;;;;;;;;;;;;;;;;;;;;;;;;;;;;;;;
;00:00:00;;;;;;;;;;;;;;;;;;;;;;;;;;;;;;;;;;;;;;;;;;;;;;;;;
;00:00:00;;;;;;;;;;;;;;;;;;;;;;;;;;;;;;;;;;;;;;;;;;;;;;;;;
;00:00:00;;;;;;;;;;;;;;;;;;;;;;;;;;;;;;;;;;;;;;;;;;;;;;;;;
;00:00:00;;;;;;;;;;;;;;;;;;;;;;;;;;;;;;;;;;;;;;;;;;;;;;;;;
;00:00:00;;;;;;;;;;;;;;;;;;;;;;;;;;;;;;;;;;;;;;;;;;;;;;;;;
;00:00:00;;;;;;;;;;;;;;;;;;;;;;;;;;;;;;;;;;;;;;;;;;;;;;;;;
;00:00:00;;;;;;;;;;;;;;;;;;;;;;;;;;;;;;;;;;;;;;;;;;;;;;;;;
;00:00:00;;;;;;;;;;;;;;;;;;;;;;;;;;;;;;;;;;;;;;;;;;;;;;;;;
;00:00:00;;;;;;;;;;;;;;;;;;;;;;;;;;;;;;;;;;;;;;;;;;;;;;;;;
;00:00:00;;;;;;;;;;;;;;;;;;;;;;;;;;;;;;;;;;;;;;;;;;;;;;;;;
;00:00:00;;;;;;;;;;;;;;;;;;;;;;;;;;;;;;;;;;;;;;;;;;;;;;;;;
;00:00:00;;;;;;;;;;;;;;;;;;;;;;;;;;;;;;;;;;;;;;;;;;;;;;;;;
;00:00:00;;;;;;;;;;;;;;;;;;;;;;;;;;;;;;;;;;;;;;;;;;;;;;;;;
;00:00:00;;;;;;;;;;;;;;;;;;;;;;;;;;;;;;;;;;;;;;;;;;;;;;;;;
;00:00:00;;;;;;;;;;;;;;;;;;;;;;;;;;;;;;;;;;;;;;;;;;;;;;;;;
;00:00:00;;;;;;;;;;;;;;;;;;;;;;;;;;;;;;;;;;;;;;;;;;;;;;;;;
;00:00:00;;;;;;;;;;;;;;;;;;;;;;;;;;;;;;;;;;;;;;;;;;;;;;;;;
;00:00:00;;;;;;;;;;;;;;;;;;;;;;;;;;;;;;;;;;;;;;;;;;;;;;;;;
;00:00:00;;;;;;;;;;;;;;;;;;;;;;;;;;;;;;;;;;;;;;;;;;;;;;;;;
;00:00:00;;;;;;;;;;;;;;;;;;;;;;;;;;;;;;;;;;;;;;;;;;;;;;;;;
;00:00:00;;;;;;;;;;;;;;;;;;;;;;;;;;;;;;;;;;;;;;;;;;;;;;;;;
;00:00:00;;;;;;;;;;;;;;;;;;;;;;;;;;;;;;;;;;;;;;;;;;;;;;;;;
;00:00:00;;;;;;;;;;;;;;;;;;;;;;;;;;;;;;;;;;;;;;;;;;;;;;;;;
;00:00:00;;;;;;;;;;;;;;;;;;;;;;;;;;;;;;;;;;;;;;;;;;;;;;;;;
;00:00:00;;;;;;;;;;;;;;;;;;;;;;;;;;;;;;;;;;;;;;;;;;;;;;;;;
;00:00:00;;;;;;;;;;;;;;;;;;;;;;;;;;;;;;;;;;;;;;;;;;;;;;;;;
;00:00:00;;;;;;;;;;;;;;;;;;;;;;;;;;;;;;;;;;;;;;;;;;;;;;;;;
;00:00:00;;;;;;;;;;;;;;;;;;;;;;;;;;;;;;;;;;;;;;;;;;;;;;;;;
;00:00:00;;;;;;;;;;;;;;;;;;;;;;;;;;;;;;;;;;;;;;;;;;;;;;;;;
;00:00:00;;;;;;;;;;;;;;;;;;;;;;;;;;;;;;;;;;;;;;;;;;;;;;;;;
;00:00:00;;;;;;;;;;;;;;;;;;;;;;;;;;;;;;;;;;;;;;;;;;;;;;;;;
;00:00:00;;;;;;;;;;;;;;;;;;;;;;;;;;;;;;;;;;;;;;;;;;;;;;;;;
;00:00:00;;;;;;;;;;;;;;;;;;;;;;;;;;;;;;;;;;;;;;;;;;;;;;;;;
;00:00:00;;;;;;;;;;;;;;;;;;;;;;;;;;;;;;;;;;;;;;;;;;;;;;;;;
;00:00:00;;;;;;;;;;;;;;;;;;;;;;;;;;;;;;;;;;;;;;;;;;;;;;;;;
;00:00:00;;;;;;;;;;;;;;;;;;;;;;;;;;;;;;;;;;;;;;;;;;;;;;;;;
;00:00:00;;;;;;;;;;;;;;;;;;;;;;;;;;;;;;;;;;;;;;;;;;;;;;;;;
;00:00:00;;;;;;;;;;;;;;;;;;;;;;;;;;;;;;;;;;;;;;;;;;;;;;;;;
;00:00:00;;;;;;;;;;;;;;;;;;;;;;;;;;;;;;;;;;;;;;;;;;;;;;;;;
;00:00:00;;;;;;;;;;;;;;;;;;;;;;;;;;;;;;;;;;;;;;;;;;;;;;;;;
;00:00:00;;;;;;;;;;;;;;;;;;;;;;;;;;;;;;;;;;;;;;;;;;;;;;;;;
;00:00:00;;;;;;;;;;;;;;;;;;;;;;;;;;;;;;;;;;;;;;;;;;;;;;;;;
;00:00:00;;;;;;;;;;;;;;;;;;;;;;;;;;;;;;;;;;;;;;;;;;;;;;;;;
;00:00:00;;;;;;;;;;;;;;;;;;;;;;;;;;;;;;;;;;;;;;;;;;;;;;;;;
;00:00:00;;;;;;;;;;;;;;;;;;;;;;;;;;;;;;;;;;;;;;;;;;;;;;;;;
;00:00:00;;;;;;;;;;;;;;;;;;;;;;;;;;;;;;;;;;;;;;;;;;;;;;;;;
;00:00:00;;;;;;;;;;;;;;;;;;;;;;;;;;;;;;;;;;;;;;;;;;;;;;;;;
;00:00:00;;;;;;;;;;;;;;;;;;;;;;;;;;;;;;;;;;;;;;;;;;;;;;;;;
;00:00:00;;;;;;;;;;;;;;;;;;;;;;;;;;;;;;;;;;;;;;;;;;;;;;;;;
;;;;;;;;;;;;;;;;;;;;;;;;;;;;;;;;;;;;;;;;;;;;;;;;;;
Read 2:485,510;;;;;;;;;;;;;;;;;;;;;;;;;;;;;;;;;;;;;;;;;;;;;;;;;;
;;;;;;;;;;;;;;;;;;;;;;;;;;;;;;;;;;;;;;;;;;;;;;;;;;
;Time;T° Read 2:485,510;A1;A2;A3;A4;A5;A6;A7;A8;B1;B2;B3;B4;B5;B6;B7;B8;C1;C2;C3;C4;C5;C6;C7;C8;D1;D2;D3;D4;D5;D6;D7;D8;E1;E2;E3;E4;E5;E6;E7;E8;F1;F2;F3;F4;F5;F6;F7;F8
;00:05:01;37;156;184;177;177;169;147;153;157;165;157;143;165;150;145;142;161;167;171;158;165;124;126;120;148;156;165;167;174;122;127;135;110;155;154;140;161;126;106;122;115;112;138;130;124;115;108;111;111
;00:11:01;36,9;170;152;150;159;173;152;158;151;182;159;144;163;144;132;136;144;143;151;142;152;128;150;147;142;164;145;167;156;115;123;144;119;151;180;146;150;113;118;120;114;125;104;118;106;132;118;148;117
;00:17:01;37;190;167;172;142;151;148;167;165;165;161;128;160;156;160;174;147;158;150;168;174;136;127;134;140;157;154;159;143;134;125;144;134;146;146;147;155;96;110;120;127;99;123;114;104;112;114;115;113
;00:23:01;37;150;154;159;167;159;158;173;166;152;164;162;166;128;138;154;163;166;167;137;138;133;139;141;142;137;161;155;165;123;133;125;126;150;176;162;158;114;127;102;123;121;117;122;124;115;114;99;116
;00:29:01;36,9;158;153;165;169;143;147;153;142;166;140;154;150;139;147;132;148;139;160;189;170;124;141;131;132;140;147;159;161;127;134;114;115;166;152;145;150;106;110;129;94;133;112;108;124;122;104;114;109
;00:35:01;37;156;176;151;179;172;145;156;176;172;189;147;136;137;143;151;152;185;162;161;146;148;119;136;114;144;170;160;143;129;133;105;124;167;143;138;153;130;103;106;124;107;114;117;98;127;124;106;110
;00:41:01;37;152;164;145;158;163;150;154;154;166;147;159;144;139;151;156;149;163;162;133;146;148;134;139;131;169;182;163;160;135;114;112;134;149;157;158;158;130;124;116;106;112;127;102;120;128;117;106;115
;00:47:01;37;156;152;156;146;138;154;158;166;166;157;154;157;144;172;138;159;155;147;155;146;128;139;142;143;153;155;160;158;126;132;113;115;157;175;144;140;131;121;122;122;113;113;120;130;120;120;117;110
;00:53:01;37;146;143;147;163;162;160;149;156;153;169;161;159;141;152;141;128;173;162;134;162;154;122;144;136;155;160;148;133;119;113;116;139;177;160;142;165;105;122;117;108;122;117;125;111;123;124;123;111
;00:59:01;37;152;154;153;155;136;141;150;137;148;149;154;144;138;126;149;147;155;152;143;159;153;138;112;138;123;161;157;136;127;127;119;118;162;144;151;145;106;115;114;115;131;110;110;111;103;134;97;108
;01:05:01;37;156;167;135;156;138;150;159;154;170;160;155;144;134;162;149;139;159;163;151;149;133;118;137;137;158;154;142;152;124;126;114;113;158;158;130;146;113;112;134;124;100;115;115;117;87;106;99;112
;01:11:01;37;162;140;149;129;152;170;145;169;150;151;158;135;147;144;155;158;159;151;143;144;140;107;121;117;139;149;154;162;121;124;127;127;157;160;138;140;113;122;107;112;120;117;105;112;108;117;125;93
;01:17:01;37;139;147;150;148;161;157;146;128;152;144;152;152;149;131;156;167;172;169;157;153;122;134;145;151;156;155;163;152;114;133;125;119;158;169;136;143;103;122;99;106;126;108;117;105;101;98;112;131
;01:23:01;37;152;156;162;161;144;152;153;143;157;149;161;138;128;155;142;156;144;158;167;162;119;117;119;135;142;167;175;164;137;121;114;131;140;160;144;151;96;121;125;96;108;116;120;101;113;116;111;120
;01:29:01;37;143;141;167;166;150;153;149;164;166;136;183;160;141;142;156;157;154;163;155;176;131;143;136;131;143;151;150;160;114;132;129;131;157;146;151;131;116;103;115;114;115;106;127;106;121;96;105;110
;01:35:01;37;165;166;162;141;143;160;160;132;176;156;155;143;139;152;132;136;144;139;157;150;122;144;135;134;145;156;157;151;102;132;116;121;167;169;146;154;112;104;123;113;115;106;124;120;124;129;116;104
;01:41:01;37;164;156;148;137;153;159;170;146;141;156;136;162;145;132;149;112;155;174;153;145;121;141;132;133;151;140;155;141;118;133;120;112;148;158;155;169;107;113;132;120;131;107;113;118;104;127;112;113
;01:47:01;37,1;160;159;162;155;143;166;145;150;160;160;150;152;138;136;144;146;153;175;150;145;142;128;107;132;143;150;151;137;140;116;132;129;171;157;139;140;118;112;110;111;117;114;104;133;128;113;112;130
;01:53:01;37;156;152;144;161;146;142;150;138;179;179;152;174;138;139;155;142;163;154;151;153;131;141;115;138;156;152;164;147;128;117;99;127;148;152;138;148;103;109;119;108;129;112;130;109;131;125;123;114
;01:59:01;37;187;151;139;158;164;173;147;152;146;149;157;137;134;152;143;143;153;162;160;171;140;122;127;130;153;146;179;142;121;123;136;120;145;161;139;148;116;106;126;116;111;109;117;113;127;122;100;108
;02:05:01;37;167;143;153;150;145;144;144;143;169;154;160;165;139;143;132;147;167;143;151;148;155;122;131;129;170;159;162;155;131;122;114;128;148;168;161;151;102;107;120;114;114;116;122;114;123;132;106;113
;02:11:01;37;154;162;140;159;139;135;145;138;166;136;149;145;155;142;123;160;144;164;162;147;139;140;145;123;138;155;157;154;118;125;135;138;163;142;142;156;109;121;118;110;121;125;99;114;120;118;114;115
;02:17:01;37;131;154;154;154;152;157;152;146;152;172;150;160;136;143;139;142;144;156;153;154;144;135;131;137;162;157;164;151;113;109;124;138;151;152;145;149;118;127;113;137;142;128;130;117;124;105;113;107
;02:23:01;37;136;143;160;166;160;159;153;143;162;165;158;149;146;134;140;140;167;181;156;146;145;135;145;130;140;170;144;168;129;119;116;128;140;155;150;139;120;113;112;116;114;131;131;136;114;127;91;108
;02:29:01;37;158;147;157;143;156;161;165;141;160;151;160;142;147;163;144;151;147;154;159;156;150;121;138;141;171;159;153;138;125;143;102;131;146;169;120;152;115;119;106;116;128;99;107;114;95;137;117;125
;02:35:01;37;152;152;152;152;171;151;137;140;144;145;167;164;160;142;166;151;169;145;151;144;122;146;143;131;166;148;158;160;141;124;112;140;164;155;162;147;129;127;110;104;133;119;112;109;130;100;121;120
;02:41:01;37;146;137;155;152;179;154;148;136;165;151;169;141;144;145;150;150;165;149;144;154;136;138;158;132;135;141;154;138;137;96;106;127;148;161;158;151;111;113;109;108;133;119;110;126;120;132;114;118
;02:47:01;37;159;136;153;178;164;163;139;135;166;164;167;155;150;143;156;150;172;158;141;168;138;125;154;142;168;158;164;152;121;125;142;137;178;146;150;156;117;99;133;124;136;110;131;134;117;99;121;105
;02:53:01;37,1;121;151;141;147;161;162;139;136;177;169;163;157;145;134;156;148;167;133;151;189;160;117;143;137;159;156;158;136;142;134;131;131;151;176;146;161;129;114;123;102;115;123;131;120;128;135;122;102
;02:59:01;37;130;172;157;162;156;161;139;137;166;166;171;158;166;134;149;135;173;156;181;153;124;139;150;139;165;166;167;157;155;124;131;135;138;172;150;163;121;125;113;101;134;120;108;116;113;129;137;116
;03:05:01;37,1;127;139;158;173;151;169;160;135;175;155;158;168;160;142;141;159;164;165;154;147;171;135;148;146;138;171;153;162;132;129;155;129;162;153;148;139;112;119;118;121;136;131;132;115;136;118;114;117
;03:11:01;37;165;156;154;163;159;174;156;165;172;167;180;150;160;136;149;130;177;167;150;168;148;131;124;151;150;152;163;146;120;118;122;114;147;178;150;136;113;110;127;114;129;133;110;119;135;113;120;115
;03:17:01;37,1;150;145;153;137;173;171;122;148;172;161;172;169;148;161;156;155;175;155;148;163;141;156;158;133;171;151;153;166;142;118;145;120;166;158;162;138;121;121;120;126;105;128;120;124;111;110;112;117
;03:23:01;37,1;140;139;132;161;165;157;125;145;195;167;166;162;141;152;166;158;160;174;161;155;133;125;126;144;163;169;151;138;138;129;125;139;151;160;157;164;113;144;135;138;127;111;118;118;120;121;118;139
;03:29:01;37,1;147;155;176;175;159;173;164;143;167;197;154;164;163;148;157;155;186;150;156;168;143;159;155;161;146;157;156;146;140;132;136;130;156;169;161;154;127;127;124;134;123;125;120;119;131;122;133;131
;03:35:01;37,1;142;158;161;171;151;159;152;141;161;170;170;161;156;169;181;155;158;181;152;141;164;157;157;159;160;151;166;164;137;154;146;146;151;160;138;159;109;129;119;113;105;125;132;119;121;129;138;123
;03:41:01;37,1;133;151;175;155;161;155;153;131;171;178;163;165;163;159;175;146;143;172;170;171;136;157;151;157;176;173;133;167;141;127;166;133;169;164;157;159;122;113;135;138;143;114;142;129;121;131;120;120
;03:47:01;37,1;149;158;169;175;177;163;168;152;175;170;183;156;134;168;139;162;166;183;162;164;175;166;163;161;172;157;171;180;133;143;174;177;159;168;146;151;146;125;136;94;131;112;124;140;125;143;112;123
;03:53:01;37,1;156;168;183;184;168;183;128;131;164;173;162;167;171;182;180;159;189;178;153;170;182;142;151;151;162;184;163;152;144;142;135;148;164;161;143;180;137;135;109;116;123;137;132;135;144;147;130;125
;03:59:01;37;147;163;178;168;166;184;157;134;200;179;171;194;175;174;171;178;197;177;159;165;169;155;147;138;155;176;167;171;141;168;142;144;154;155;151;166;127;127;125;139;132;124;130;125;141;129;139;139
;04:05:01;37;137;138;167;158;196;175;162;131;182;182;192;164;179;157;174;168;175;185;170;163;145;149;148;152;160;180;180;177;130;126;144;150;145;172;164;171;131;127;141;127;140;129;156;126;130;136;126;116
;04:11:01;37;148;151;189;184;194;175;142;148;174;161;158;181;168;169;191;163;189;192;177;181;145;171;152;156;158;177;177;163;137;138;163;152;156;156;168;152;145;133;151;128;140;128;144;126;130;134;131;151
;04:17:01;37,1;142;136;180;175;188;188;156;139;184;175;209;182;182;163;174;178;169;185;182;181;176;181;157;162;166;155;181;167;144;153;133;144;166;168;185;154;127;123;128;125;136;137;138;141;127;128;138;161
;04:23:01;37;148;162;195;186;193;183;140;121;176;183;173;184;183;171;174;166;169;184;167;161;173;165;153;150;183;168;154;169;145;153;135;158;172;156;158;147;125;126;135;138;139;130;148;123;127;137;137;127
;04:29:01;37,1;130;148;179;195;195;183;136;149;189;182;184;177;192;180;179;174;179;203;180;181;172;181;164;164;188;178;182;183;176;139;163;158;160;165;176;176;146;154;162;156;134;152;155;162;143;131;130;151
;04:35:01;37,1;138;171;191;174;187;186;143;149;202;186;203;201;170;178;182;194;182;204;179;195;167;167;152;184;211;164;160;177;144;157;148;153;168;178;168;162;129;120;130;132;158;157;157;143;133;147;146;148
;04:41:01;37,1;143;136;197;176;196;200;127;148;189;170;203;178;202;179;171;198;197;202;199;173;168;149;167;178;178;193;184;180;175;168;162;166;157;178;159;172;154;144;143;147;161;138;150;149;145;155;127;142
;04:47:01;37,1;143;144;176;197;205;185;141;130;177;187;185;186;188;187;203;206;209;184;176;200;182;158;187;136;184;193;165;174;147;155;174;163;168;163;179;164;125;141;158;157;149;131;143;151;137;146;147;148
;04:53:01;37,1;131;147;205;199;220;188;147;148;207;211;173;191;190;185;195;189;172;193;173;191;200;176;176;177;170;177;165;180;174;162;166;162;171;179;169;190;138;162;131;137;162;133;133;141;138;142;127;147
;04:59:01;37,1;129;139;204;211;204;230;150;119;199;206;223;212;202;197;210;222;211;185;183;187;192;167;183;172;193;187;186;198;157;166;163;154;182;157;183;175;134;155;144;155;147;153;154;146;143;137;145;153
;05:05:01;37,1;142;149;223;190;212;195;138;138;191;207;217;200;206;205;208;235;185;199;203;205;190;186;185;176;200;207;172;182;184;181;146;176;151;193;156;158;122;145;158;150;165;133;154;154;137;147;154;152
;05:11:01;37;151;164;229;233;226;206;135;145;219;198;222;200;221;219;217;227;209;191;183;206;205;187;194;185;176;180;156;188;196;179;179;160;186;159;169;143;139;149;138;153;151;145;145;145;153;153;151;156
;05:17:01;37;158;152;229;219;206;226;138;126;230;229;224;208;221;220;215;199;205;216;178;212;195;204;201;217;194;187;168;174;183;197;191;184;161;185;170;183;161;155;141;146;148;143;155;158;159;147;157;159
;05:23:01;37;132;144;232;245;225;256;141;134;203;214;225;227;220;220;228;222;219;205;182;197;206;207;190;203;196;183;184;182;200;203;171;176;177;159;175;185;163;153;149;157;170;162;159;151;156;161;146;153
;05:29:01;37,1;144;145;247;227;232;212;146;139;222;195;227;221;248;249;209;208;188;187;205;204;221;212;197;212;200;196;170;206;173;178;198;193;167;182;180;160;170;149;160;176;174;142;162;168;139;150;148;153
;05:35:01;37;157;147;246;255;234;239;150;147;245;237;237;235;250;233;237;228;201;205;227;218;207;222;209;201;198;199;205;207;206;199;195;166;156;178;174;194;190;160;169;149;169;149;162;174;164;147;134;174
;05:41:01;37;138;141;247;248;244;264;137;131;216;240;225;225;246;244;241;260;195;223;217;217;227;238;240;229;190;187;190;187;197;177;179;195;191;169;176;163;156;153;179;139;179;159;164;159;170;165;170;184
;05:47:01;37,1;164;136;256;267;243;302;151;159;221;222;231;245;257;259;239;238;218;232;235;204;219;213;206;244;187;202;204;198;203;176;220;206;195;190;168;176;156;172;149;159;171;183;170;172;162;152;186;162
;05:53:01;37,1;134;137;279;273;272;257;132;143;241;239;238;234;292;269;271;228;224;218;213;216;257;217;213;218;198;212;188;199;218;215;228;224;176;185;159;153;178;170;169;179;193;183;176;157;166;178;190;156
;05:59:01;37,1;157;143;264;297;281;291;138;144;252;225;215;262;268;246;293;267;219;230;224;224;267;233;209;239;182;186;184;199;207;232;192;220;186;169;187;171;174;172;178;165;159;183;182;169;153;176;180;180
;06:05:01;37,1;137;148;304;327;289;326;125;136;257;231;235;247;269;275;300;294;257;222;213;261;237;245;252;234;193;199;197;199;223;216;232;201;181;194;146;168;173;178;162;176;175;167;189;179;168;168;160;184
;06:11:01;37,1;146;153;348;296;286;311;130;151;278;280;264;248;278;265;301;297;229;226;216;215;240;265;234;246;187;190;198;193;203;212;200;192;179;164;171;173;157;163;177;177;175;178;189;183;200;167;158;174
;06:17:01;37,1;134;147;335;339;339;317;132;127;268;278;263;247;319;296;295;289;221;220;230;238;286;273;255;255;210;192;190;205;223;221;230;212;194;199;179;176;179;165;199;181;173;207;204;164;209;212;189;188
;06:23:01;37,1;140;144;341;340;354;356;146;142;270;280;251;257;307;362;325;311;246;231;226;253;275;265;258;274;191;215;214;214;232;233;232;236;189;193;180;191;193;177;194;193;182;185;180;211;185;178;181;170
;06:29:01;37,1;140;145;345;370;340;355;151;154;298;293;288;261;343;312;316;322;258;226;247;251;291;272;269;287;222;194;202;218;244;230;223;221;161;182;201;180;188;171;196;190;196;193;202;192;199;209;194;198
;06:35:01;37;150;142;408;388;388;360;158;145;293;289;294;273;377;335;348;331;230;235;250;237;295;281;293;313;217;207;211;194;252;244;259;260;183;195;196;179;191;178;179;173;191;183;179;200;201;195;197;184
;06:41:01;37;136;132;369;390;370;380;141;151;302;278;294;280;351;350;388;359;267;241;224;252;309;319;290;305;188;211;221;218;242;236;245;250;202;195;158;181;192;195;193;200;213;227;167;201;199;174;188;218
;06:47:01;37,1;141;148;444;431;432;394;133;138;276;282;294;311;410;373;375;372;217;255;275;248;354;299;303;301;225;211;201;237;249;253;269;254;204;192;179;182;208;198;194;202;192;212;213;189;216;196;220;191
;06:53:01;37,1;143;135;434;417;424;440;142;142;283;291;295;293;413;403;396;385;279;267;265;228;350;314;307;347;232;198;231;239;284;267;278;277;187;148;195;180;197;185;198;209;215;210;204;197;219;197;196;212
;06:59:01;37,1;141;154;449;486;441;463;151;135;322;294;321;304;454;417;415;403;262;246;273;281;344;333;334;335;205;215;217;220;260;278;271;273;174;179;210;188;217;198;190;210;235;203;195;212;206;218;195;224
;07:05:01;37,1;148;141;504;460;453;475;144;135;317;326;311;317;462;457;443;418;271;255;269;288;407;331;353;375;209;243;210;223;293;265;275;282;207;180;185;180;221;216;236;232;195;230;217;213;217;216;194;220
;07:11:01;37,1;146;133;462;486;488;485;127;156;343;363;321;337;471;467;459;472;256;269;237;270;341;390;394;361;218;228;237;210;309;283;306;291;189;197;187;176;215;218;201;206;205;243;214;213;200;232;216;201
;07:17:01;37;159;138;515;541;491;478;162;128;335;334;358;321;489;467;469;470;281;294;253;272;367;407;339;387;224;231;237;256;313;305;301;287;201;215;202;196;242;206;228;240;241;245;219;221;212;242;226;216
;07:23:01;37;167;152;585;553;509;548;122;150;368;344;362;348;524;506;531;569;276;280;289;292;415;374;367;387;217;234;220;242;326;305;294;317;211;176;190;196;204;230;207;246;242;237;231;216;225;227;205;247
;07:29:01;37;148;144;575;576;540;570;153;148;390;348;360;356;605;540;535;530;310;275;277;309;452;385;402;412;238;218;219;253;338;327;311;298;194;215;212;206;209;235;200;223;247;246;252;263;229;232;224;220
;07:35:01;37;143;122;576;620;588;573;150;134;372;380;402;366;593;542;540;577;301;264;289;301;489;462;489;426;245;242;225;231;334;293;337;328;227;179;202;194;233;215;228;230;260;208;240;232;239;259;220;239
;07:41:01;37;132;165;612;630;608;621;136;152;393;368;402;401;583;594;577;566;298;282;283;280;493;456;473;443;235;225;258;251;356;360;347;343;195;207;209;218;255;237;223;214;257;247;246;241;220;234;232;240
;07:47:01;37;146;136;638;651;631;603;138;150;425;353;413;402;616;609;591;592;292;315;313;321;530;472;488;457;221;234;248;243;396;393;377;337;200;187;194;192;261;234;233;242;252;256;248;261;231;236;243;257
;07:53:01;37;143;160;646;697;672;647;147;138;412;401;405;414;639;655;629;635;331;348;298;336;561;510;516;498;266;254;238;225;401;361;341;356;197;208;197;180;237;257;267;266;249;273;270;257;233;262;234;245
;07:59:01;37,1;145;147;667;657;648;699;148;143;440;425;447;439;654;642;648;652;351;327;332;303;542;511;523;528;219;258;239;254;398;360;356;365;207;226;208;223;287;257;276;264;263;282;274;261;254;235;238;261
;08:05:01;37;128;146;690;680;646;712;140;148;424;432;473;431;687;713;702;695;321;319;346;330;630;565;568;563;264;245;239;262;432;391;389;391;198;211;198;216;260;251;263;278;258;266;262;267;250;269;277;253
;08:11:01;37,1;143;162;641;677;667;653;143;156;458;470;455;461;704;738;715;719;316;306;337;314;660;595;564;564;262;237;243;281;411;399;402;399;206;218;199;200;249;287;265;262;285;275;277;279;271;284;287;274
;08:17:01;37;130;147;715;684;716;700;133;148;479;462;475;489;744;760;691;745;319;341;333;365;648;601;597;610;236;267;262;252;436;426;390;424;242;199;220;210;282;260;268;288;280;266;286;294;271;281;264;257
;08:23:01;37;151;124;723;732;687;692;146;133;502;512;507;499;752;780;769;720;348;329;365;349;707;654;635;661;272;268;267;261;490;424;465;405;213;217;236;206;298;268;276;269;277;292;301;286;265;278;263;255
;08:29:01;37,2;139;139;723;693;722;718;125;140;536;530;526;499;762;757;769;748;367;344;307;369;710;686;684;648;260;251;243;259;490;470;440;462;210;214;191;204;290;278;291;269;296;326;300;298;291;288;287;271
;08:35:01;37,1;144;157;723;718;703;692;163;143;524;534;532;529;790;762;806;752;350;357;368;370;747;718;700;710;262;270;269;297;500;456;468;466;216;217;212;211;290;306;279;301;297;318;307;319;313;293;272;283
;08:41:01;37,1;138;136;673;691;737;715;139;152;526;549;570;582;804;795;797;764;395;352;374;394;783;751;733;740;286;279;261;262;550;508;467;471;214;219;224;229;291;280;296;304;328;304;334;331;297;300;302;300
;08:47:01;37,1;144;152;678;719;730;757;135;138;591;593;599;579;801;767;811;814;374;374;358;425;791;794;788;797;274;288;294;283;557;505;521;494;226;225;213;197;328;326;302;327;326;318;331;331;296;299;286;319
;08:53:01;37;146;140;719;763;751;736;138;143;598;587;583;647;823;797;804;820;386;400;395;379;876;794;794;807;286;280;264;311;604;534;490;542;211;209;209;218;324;307;323;297;349;370;330;345;325;347;290;313
;08:59:01;37;161;144;758;737;727;744;145;133;642;649;672;641;822;833;822;824;377;407;390;437;880;877;813;836;283;293;294;317;611;552;555;539;217;226;232;212;342;308;325;302;353;320;324;343;305;350;330;309
;09:05:01;37;147;157;719;746;761;708;139;154;673;625;667;691;860;808;823;805;438;416;391;396;926;911;885;852;292;293;324;322;649;550;561;521;241;233;255;231;323;319;321;341;374;379;338;360;353;340;312;316
;09:11:01;37;139;155;754;741;732;723;140;141;718;641;646;642;832;804;836;862;434;402;429;450;878;913;902;933;310;293;310;293;623;544;613;588;229;227;227;231;360;311;336;337;351;365;349;345;352;355;349;327
;09:17:01;37,1;144;155;758;753;739;750;139;138;735;706;685;724;817;806;839;861;415;380;422;421;961;952;925;970;311;293;303;320;682;602;578;629;222;240;227;214;354;328;351;323;342;354;346;367;361;351;346;328
;09:23:01;37,1;152;150;769;747;741;753;145;163;785;709;716;756;849;803;829;831;459;463;437;447;983;862;984;986;303;270;312;346;703;646;643;629;223;236;236;238;375;369;324;348;375;393;362;379;349;362;362;367
;09:29:01;37,1;148;139;761;774;765;743;131;139;779;728;765;764;874;815;847;850;452;462;462;450;1018;949;969;981;325;296;294;343;722;651;650;663;233;230;218;233;370;352;372;343;385;388;381;376;368;352;316;362
;09:35:01;37,1;151;174;723;743;733;800;140;140;791;770;782;754;819;843;814;850;482;456;494;473;1077;1041;999;1005;316;304;320;335;750;703;715;670;257;237;233;250;372;389;386;383;369;393;400;402;370;386;352;385
;09:41:01;37,1;132;154;752;753;785;804;132;140;815;825;808;814;834;854;827;878;481;523;511;474;1098;1058;1016;1021;328;338;317;330;797;726;684;758;248;251;249;231;393;336;380;351;404;394;409;392;383;377;372;371
;09:47:01;37,1;126;159;735;756;764;781;137;125;814;786;801;818;835;840;777;855;503;493;464;483;1112;1060;1025;1169;329;336;317;336;808;730;714;767;232;278;241;229;362;364;343;391;476;415;419;422;385;407;376;379
;09:53:01;37,1;159;145;758;764;751;757;137;151;854;869;913;859;891;814;837;888;507;508;484;520;1131;1074;1114;1022;339;302;344;327;855;795;771;803;238;242;254;226;419;423;397;374;428;419;398;384;409;420;381;397
;09:59:01;37,1;130;146;748;758;775;798;145;117;873;851;913;926;911;850;835;814;481;488;493;541;1085;1070;1038;1056;356;327;363;313;861;798;798;777;276;239;254;259;451;379;374;362;440;439;434;414;417;418;407;439
;10:05:01;37,1;138;135;750;751;710;775;143;137;907;871;841;889;822;805;854;881;518;511;506;556;1085;1089;1034;1076;341;346;347;337;878;835;863;800;247;262;254;257;411;405;397;402;432;468;452;431;417;471;439;424
;10:11:01;37,1;134;150;776;762;797;761;135;138;902;904;945;949;900;826;862;866;531;530;516;517;1115;1179;1095;1048;359;352;330;363;976;810;817;849;260;230;266;260;415;387;421;420;456;479;429;462;410;427;417;434
;10:17:01;37;149;152;756;789;775;778;146;153;941;933;890;971;835;828;874;889;530;546;562;565;1103;1031;1111;1069;349;340;363;367;942;885;875;905;257;257;269;268;470;441;430;412;478;466;445;422;436;472;409;427
;10:23:01;37;139;138;805;798;767;770;134;138;1013;937;957;920;891;864;878;886;545;571;563;584;1127;1093;1083;1139;358;357;358;366;995;878;881;905;290;266;274;259;471;448;452;439;477;510;491;472;461;453;434;474
;10:29:01;37;144;167;729;770;749;814;158;148;943;948;924;943;877;833;866;904;559;544;594;594;1188;1104;1093;1111;380;377;382;371;1000;986;913;952;288;271;263;262;473;430;462;451;503;517;441;491;445;486;441;458
;10:35:01;37;134;149;719;775;821;765;142;132;944;916;988;1018;831;859;855;874;599;586;630;603;1145;1135;1075;1093;357;370;354;358;984;923;890;934;256;259;266;269;519;456;455;481;555;505;489;477;441;526;432;484
;10:41:01;37,1;135;148;769;796;810;811;161;133;978;969;948;991;867;855;877;883;634;572;607;629;1197;1085;1140;1086;357;390;418;369;1036;989;989;975;259;249;274;254;490;461;458;483;502;525;491;494;503;536;440;473
;10:47:01;37,1;135;129;779;800;786;736;145;129;1001;998;977;983;900;880;829;898;620;598;680;599;1113;1102;1104;1116;366;341;415;398;1093;1042;935;997;273;248;276;247;499;433;519;486;518;517;520;524;477;498;474;488
;10:53:01;37;141;151;756;746;824;773;145;138;956;956;983;990;900;896;887;819;650;642;627;676;1124;1088;1148;1116;406;401;383;405;1055;959;952;954;262;278;272;279;516;503;532;481;546;557;542;515;480;517;483;483
;10:59:01;37;124;153;773;738;783;783;116;132;983;955;982;1003;866;909;881;828;680;688;673;704;1167;1103;1084;1120;388;388;416;414;1024;1010;985;993;283;255;253;282;551;474;494;519;558;557;550;548;506;546;522;542
;11:05:01;37;148;160;793;771;796;793;137;135;979;932;1021;993;905;838;890;897;689;678;692;687;1177;1155;1080;1091;382;370;399;429;1063;971;982;1037;254;305;265;280;615;479;515;519;599;540;565;556;532;535;532;541
;11:11:01;37,1;157;131;746;770;786;797;128;137;958;964;1011;1012;875;891;832;887;715;704;695;714;1175;1128;1083;1154;400;419;453;454;1035;1031;980;1002;296;281;256;251;562;542;519;519;605;613;550;589;520;574;528;567
;11:17:01;37,1;139;122;798;823;831;823;137;129;1012;929;1030;1008;862;859;885;896;729;680;732;727;1167;1172;1132;1144;404;423;465;433;1075;1028;983;1012;299;286;272;288;583;522;541;526;590;590;600;598;568;574;569;572
;11:23:01;37,1;139;143;775;831;806;802;141;126;999;1022;1029;1046;909;860;879;933;771;743;750;753;1180;1192;1096;1099;435;415;415;452;1012;1008;983;1043;268;285;296;318;579;558;528;520;639;605;568;578;558;603;506;530
;11:29:01;37,1;145;142;796;802;763;764;150;128;976;976;977;1019;892;927;887;879;738;777;805;815;1209;1138;1146;1160;444;434;443;442;1111;987;983;1019;274;281;296;273;590;565;551;548;653;654;588;628;599;571;591;601
;11:35:01;37,1;131;142;779;820;800;799;141;152;1084;1011;1044;1014;881;850;877;940;811;796;793;798;1175;1134;1147;1130;445;462;467;435;1064;1010;939;1014;284;293;276;278;640;574;563;568;667;647;611;662;631;612;578;586
;11:41:01;37,1;144;157;747;811;811;817;144;157;1033;980;1005;1003;902;905;876;913;783;771;840;828;1164;1133;1186;1153;429;440;459;431;1091;1001;987;998;270;286;291;304;625;587;546;589;704;660;625;650;577;633;548;607
;11:47:01;37,1;147;152;795;755;823;762;145;128;1028;997;1002;1048;896;893;881;924;837;836;842;857;1172;1158;1130;1183;468;445;464;458;1090;1044;988;1004;286;266;311;287;661;593;584;577;702;726;650;661;588;619;592;659
;11:53:01;37;143;138;778;756;805;830;132;134;1025;976;1075;1022;901;876;871;929;897;879;868;900;1182;1171;1148;1137;429;480;468;479;1113;1066;981;1049;302;308;300;338;643;580;602;633;747;688;652;667;639;698;601;653
;11:59:01;37;139;149;797;828;824;833;158;129;988;1033;1043;1012;915;915;883;895;859;841;854;918;1190;1116;1085;1135;477;447;454;486;1081;1038;986;1065;290;298;304;316;694;594;592;618;727;714;700;691;613;719;602;655
;12:05:01;37,1;135;123;794;823;852;831;139;131;1056;1000;1002;1042;946;910;920;883;898;870;924;899;1126;1215;1173;1107;486;485;445;495;1088;1033;995;1026;322;280;286;318;696;638;621;619;791;778;677;732;633;721;638;680
;12:11:01;37;130;137;816;753;836;846;154;141;1039;961;1018;1015;908;881;916;963;937;914;930;953;1192;1201;1178;1184;506;460;479;536;1114;1027;1049;983;281;321;298;318;744;682;629;687;759;741;726;711;679;665;647;682
;12:17:01;37;154;129;851;822;801;830;149;127;1079;973;1034;984;919;948;879;961;969;967;963;963;1199;1164;1143;1168;489;483;481;493;1124;1047;1031;1055;316;327;349;321;727;657;640;715;815;787;759;769;695;727;642;696
;12:23:01;37;151;142;843;824;798;882;119;150;1069;1051;1001;989;938;920;910;958;1004;984;962;987;1202;1153;1158;1233;499;534;499;567;1077;1102;1039;1012;327;314;320;325;757;662;684;678;836;758;765;753;739;772;652;697
;12:29:01;37;156;156;817;812;795;876;136;142;1079;1024;991;1031;929;934;920;902;996;981;1000;1011;1190;1177;1222;1206;512;545;514;563;1147;1090;1056;1047;302;328;304;329;753;700;711;731;793;821;815;762;717;763;687;753
;12:35:01;37;148;156;810;813;816;838;127;145;1035;1090;1079;1010;951;906;916;988;1016;997;1065;1013;1199;1218;1174;1200;541;519;526;531;1124;1086;1113;1045;316;329;318;319;789;712;697;702;848;859;765;791;758;810;713;777
;12:41:01;37;157;147;816;813;868;878;150;146;1074;1056;1041;1026;904;914;957;928;1069;1025;1001;1078;1152;1207;1223;1216;550;536;485;568;1131;1045;1012;1090;371;332;339;323;795;737;762;762;871;850;849;871;805;794;717;810
;12:47:01;37,1;147;138;834;817;799;828;147;152;1020;1033;1010;1076;990;930;938;965;1029;1010;1058;1045;1225;1207;1214;1196;566;535;565;592;1095;1046;1048;1064;339;327;347;329;838;779;762;713;874;904;809;862;796;837;727;807
;12:53:01;37;134;133;772;824;831;823;147;136;1024;990;1080;1055;905;990;970;945;1074;1060;987;1052;1210;1201;1186;1167;549;520;609;543;1136;1072;1070;1058;323;329;354;333;844;769;736;782;904;880;848;828;795;836;745;799
;12:59:01;37;143;144;840;829;867;887;147;130;1070;1049;1004;1083;934;995;896;976;1092;1087;1027;1027;1189;1194;1152;1204;537;554;545;517;1130;979;1018;1080;320;327;340;333;836;760;777;818;886;870;839;820;800;849;761;783
;13:05:01;37;136;142;807;814;865;879;154;141;1032;1064;1057;1066;929;902;969;932;1058;1001;1054;1059;1222;1227;1152;1219;548;573;601;624;1155;1034;1014;1125;327;324;331;343;794;767;794;851;916;853;887;852;835;843;780;820
;13:11:01;37,1;146;133;826;793;887;849;134;122;1029;1043;1009;1050;898;904;909;951;1046;1063;1006;1022;1199;1196;1148;1202;584;583;571;588;1117;1076;1056;1090;349;367;338;402;867;803;780;802;886;879;846;913;821;802;795;811
;13:17:01;37;123;146;847;825;820;840;135;122;1026;1015;992;1071;951;922;955;957;1053;1049;1083;1051;1250;1194;1223;1225;626;602;606;658;1207;1101;1051;1070;341;369;357;380;851;803;795;807;893;865;861;854;813;819;785;863
;13:23:01;37;128;153;790;825;812;852;135;141;1025;1057;1035;1057;927;952;971;986;1078;1042;1093;1105;1218;1212;1189;1215;628;569;635;659;1156;1125;1071;1103;362;366;352;352;878;766;828;798;908;886;931;891;815;804;858;823
;13:29:01;37;139;128;831;852;869;810;145;120;1031;997;1066;1082;940;906;959;979;1047;1097;1038;1039;1278;1220;1261;1213;601;578;610;666;1131;1064;1084;1140;359;340;366;361;910;773;852;826;919;882;828;908;816;877;795;819
;13:35:01;37,1;146;135;828;839;858;888;145;149;1036;1070;1022;1099;953;978;985;951;1065;1043;1030;1049;1223;1218;1178;1167;599;616;578;659;1122;1138;1129;1059;329;354;373;370;856;813;808;774;938;885;879;895;833;910;833;846
;13:41:01;37,1;139;158;793;853;837;860;145;133;1034;1012;1045;1037;921;1017;970;932;1089;1087;1091;1065;1242;1195;1197;1215;657;601;664;634;1128;1127;1078;1149;330;347;385;371;904;808;798;825;942;915;879;932;863;891;793;832
;13:47:01;37,1;143;138;849;822;887;880;146;132;1062;995;1058;1053;973;924;958;998;1058;1118;1090;1036;1255;1194;1199;1267;660;579;672;699;1149;1083;1111;1084;375;394;371;377;907;814;814;839;950;891;878;906;857;912;844;860
;13:53:01;37,1;131;145;815;814;851;871;152;142;1044;1042;1060;1042;944;959;1010;955;1076;1088;1112;1028;1222;1219;1200;1226;667;704;625;670;1119;1082;1065;1138;362;371;376;391;848;815;849;829;894;901;879;935;808;850;807;813
;13:59:01;37,1;142;155;869;851;839;843;127;153;1033;1103;1039;1056;979;991;1007;1011;1049;1103;1084;1079;1209;1227;1199;1219;662;649;692;681;1174;1126;1124;1080;364;363;391;395;922;789;796;884;994;912;885;904;863;857;857;874
;14:05:01;37,1;130;157;867;828;866;881;140;129;1041;1041;1073;1070;994;907;988;1037;1034;1071;1087;1092;1206;1217;1257;1222;699;691;683;711;1184;1136;1080;1137;384;377;357;434;898;845;873;832;925;915;901;946;875;898;813;886
;14:11:01;37,1;114;136;866;847;855;894;153;142;1074;1032;1021;1045;959;944;962;988;1033;1057;1079;1071;1222;1215;1231;1201;696;678;693;704;1184;1126;1127;1116;387;376;379;394;909;849;849;803;951;914;946;896;886;849;817;888
;14:17:01;37,1;139;152;837;806;845;871;147;143;1071;1086;1028;1019;1008;962;980;1023;1127;1047;1068;1100;1307;1210;1227;1212;698;686;736;707;1178;1119;1124;1112;389;366;425;395;903;940;839;869;919;926;933;959;875;892;818;897
;14:23:01;37,1;136;138;824;873;863;939;135;151;1039;1056;1091;1052;1027;914;1033;1025;1080;1059;1063;1035;1223;1240;1214;1185;755;784;742;758;1151;1093;1088;1092;404;402;382;416;899;840;836;874;903;927;936;908;915;895;882;873
;14:29:01;37,1;143;160;868;849;900;921;136;119;1032;1058;1033;1121;1011;963;997;1063;1075;1088;1069;1057;1207;1251;1242;1246;718;706;754;745;1210;1140;1101;1083;412;386;430;402;931;837;873;896;956;885;880;898;914;921;851;870
;14:35:01;37,1;136;145;865;858;906;900;139;129;1041;1041;1087;1088;892;976;953;989;1097;1038;1034;1105;1241;1249;1257;1279;744;712;788;774;1157;1175;1086;1142;410;376;401;436;969;853;828;840;942;978;908;988;887;889;861;926
;14:41:01;37,1;159;145;787;876;908;877;148;154;1049;1051;1042;1111;970;981;953;1027;1094;1060;1057;1074;1260;1246;1188;1214;734;764;769;813;1191;1139;1078;1113;406;396;389;432;929;852;846;876;998;985;972;897;902;900;845;864
;14:47:01;37,1;126;158;843;860;878;882;146;144;1125;1076;1081;1089;949;928;985;991;1104;1031;1099;1092;1236;1207;1319;1264;798;735;800;816;1247;1117;1095;1150;403;427;390;428;876;826;852;894;930;923;968;968;854;915;857;888
;14:53:01;37,1;138;150;868;857;896;904;139;122;1105;1085;1006;1107;967;1010;979;990;1128;1059;1099;1025;1267;1209;1272;1285;807;781;801;803;1191;1150;1135;1146;434;386;459;410;908;866;860;916;966;907;970;993;871;901;865;895
;14:59:01;37,1;153;155;805;905;890;906;137;135;1046;1018;1077;1142;956;933;1024;978;1078;1101;1099;1059;1239;1249;1230;1245;720;778;842;857;1151;1152;1076;1126;418;406;446;447;916;860;867;929;993;945;969;910;890;884;861;943
;15:05:01;37;129;142;832;848;868;927;111;124;1054;1067;1088;1091;1011;966;1067;1036;1117;1087;1056;1066;1220;1279;1254;1315;785;811;849;886;1152;1117;1078;1101;438;422;433;416;930;903;840;874;984;959;922;942;931;941;903;920
;15:11:01;37;137;162;888;824;881;904;137;148;1062;1059;1076;1087;994;998;1000;1032;1094;1065;1106;1098;1290;1282;1260;1266;821;828;842;872;1170;1123;1102;1187;433;440;442;436;950;902;900;899;1010;937;980;961;933;951;901;925
;15:17:01;37,1;144;134;849;907;905;912;124;125;1068;1091;1074;1164;1046;1014;972;1067;1073;1136;1099;1085;1273;1286;1221;1296;852;873;855;906;1239;1147;1117;1185;422;406;467;462;939;870;855;924;1020;974;1014;949;952;925;885;907
;15:23:01;37;137;149;872;896;927;886;151;138;1055;1067;1116;1103;952;968;1005;1054;1127;1124;1088;1144;1305;1273;1305;1212;873;829;898;923;1154;1164;1101;1136;462;418;434;451;934;901;906;878;989;936;930;943;906;964;925;919
;15:29:01;37;146;130;861;910;893;920;145;131;1101;1071;1129;1144;1041;964;1002;1063;1123;1113;1060;1161;1295;1303;1277;1328;928;831;893;961;1206;1137;1100;1139;439;441;409;448;965;885;881;877;997;946;965;919;917;922;904;943
;15:35:01;37;153;124;874;889;867;924;159;159;1083;1115;1091;1150;1036;1009;1028;1060;1099;1123;1131;1105;1283;1264;1255;1280;888;889;904;970;1209;1113;1143;1203;453;410;441;440;976;904;905;881;1042;977;965;990;926;940;888;940
;15:41:01;37;150;147;870;897;881;926;147;144;1068;1090;1118;1093;1024;1051;1090;1081;1161;1165;1113;1114;1282;1234;1255;1262;900;888;952;956;1205;1200;1114;1215;452;426;441;448;933;911;869;929;1048;951;974;1035;913;942;908;948
;15:47:01;37;140;136;893;881;919;905;140;148;1078;1064;1104;1134;1006;1042;976;1031;1126;1059;1081;1082;1335;1323;1299;1309;954;908;954;991;1234;1168;1148;1225;432;475;440;407;950;895;906;972;1052;984;969;996;975;955;950;984
;15:53:01;37;144;149;864;878;922;910;147;127;1083;1079;1129;1132;1028;995;1053;1095;1117;1110;1154;1119;1337;1229;1319;1297;977;938;983;1020;1206;1184;1117;1123;450;478;456;474;962;938;886;938;1004;973;998;1013;967;948;902;918
;15:59:01;37;142;138;916;875;882;930;149;146;1118;1048;1067;1089;1043;994;1043;1078;1147;1099;1097;1107;1287;1262;1313;1316;968;956;984;996;1217;1201;1130;1146;498;464;480;486;982;895;904;928;1034;952;1025;1017;935;953;916;953
;16:05:01;37,1;146;139;869;928;913;921;158;138;1146;1080;1113;1132;988;1005;994;1047;1159;1143;1169;1130;1280;1320;1312;1357;968;984;1010;1042;1246;1167;1114;1224;476;470;508;505;968;900;908;903;999;996;1029;980;962;1003;900;953
;16:11:01;37,1;150;120;799;902;926;894;141;135;1127;1150;1106;1115;1011;1017;998;1094;1120;1106;1121;1097;1275;1281;1336;1277;1008;938;966;1003;1205;1189;1129;1168;475;472;477;520;970;956;930;991;1070;1025;946;1033;958;1002;902;927
;16:17:01;37,1;141;145;860;870;916;935;136;131;1109;1083;1138;1114;1048;1047;1007;1041;1119;1093;1160;1144;1344;1289;1300;1315;1016;1001;1031;1095;1219;1198;1126;1178;479;555;502;511;953;955;923;899;1038;1006;1020;985;970;985;932;958
;16:23:01;37;157;167;889;863;921;959;142;140;1098;1113;1122;1139;1036;1032;1113;1093;1136;1118;1145;1121;1283;1273;1268;1340;1004;1068;1050;1088;1217;1189;1175;1159;462;521;490;547;926;904;932;914;991;973;1013;994;963;998;951;998
;16:29:01;37;130;150;899;938;889;932;139;154;1145;1137;1131;1200;968;1007;1001;1031;1115;1128;1159;1116;1308;1238;1292;1356;1047;1012;1056;1090;1236;1198;1184;1181;480;502;520;450;1006;866;908;919;1041;1036;975;1008;913;926;965;984
;16:35:01;37,1;126;144;870;866;965;931;132;144;1077;1075;1102;1185;1128;1022;1066;1123;1091;1083;1149;1155;1334;1291;1285;1274;1102;1029;1078;1129;1231;1252;1148;1197;516;482;559;505;941;959;866;932;1044;973;1057;1024;1014;967;975;936
;16:41:01;37;153;148;885;895;910;908;147;130;1136;1097;1092;1127;1060;1045;1086;1094;1169;1193;1174;1104;1299;1306;1258;1341;1105;1046;1123;1121;1251;1194;1168;1205;480;511;499;533;993;936;914;910;1050;1011;1055;996;959;1005;988;988
;16:47:01;37,1;137;144;876;877;898;929;125;111;1088;1114;1110;1136;982;1074;1030;1073;1161;1141;1175;1173;1333;1309;1291;1308;1150;1054;1127;1178;1271;1155;1184;1227;487;501;512;537;1034;927;937;971;1058;1037;1017;1005;994;1014;904;991
;16:53:01;37,1;165;149;903;918;932;896;131;117;1086;1133;1196;1117;1060;994;1102;1119;1144;1091;1177;1120;1303;1378;1328;1328;1099;1107;1145;1095;1251;1180;1190;1192;516;504;508;500;971;927;887;944;1041;992;1016;1019;963;993;917;1011
;16:59:01;37,1;129;144;892;875;953;913;144;141;1193;1089;1159;1134;1035;1055;1049;1089;1161;1176;1126;1178;1390;1364;1269;1283;1115;1140;1148;1105;1183;1165;1122;1248;520;511;539;537;984;930;907;977;1046;979;1045;977;961;1000;934;994
;17:05:01;37,1;153;158;844;917;964;967;146;143;1118;1099;1155;1214;1080;1057;1105;1144;1165;1145;1154;1148;1295;1324;1324;1377;1151;1090;1124;1101;1292;1174;1150;1242;518;508;546;542;990;908;952;907;1077;980;992;1049;1004;931;967;1025
;17:11:01;37,1;152;122;880;907;885;888;149;144;1114;1123;1192;1129;1045;1076;1032;1109;1161;1151;1140;1150;1332;1335;1312;1305;1137;1122;1127;1162;1249;1153;1149;1184;597;542;534;543;992;920;929;991;1071;1061;1002;1025;997;1006;904;1007
;17:17:01;37,1;137;143;889;929;949;951;141;144;1144;1081;1183;1188;1013;983;1024;1102;1169;1116;1105;1117;1314;1258;1317;1338;1195;1204;1116;1170;1234;1149;1198;1259;529;516;514;540;995;954;951;946;1063;1001;1010;988;1012;990;975;1026
;17:23:01;37,1;125;155;940;897;929;985;133;121;1158;1107;1150;1193;1025;1051;1107;1135;1157;1172;1187;1165;1302;1293;1375;1380;1180;1194;1122;1122;1206;1229;1144;1201;538;548;531;566;1010;945;965;974;1124;1036;1022;1007;983;993;975;936
;17:29:01;37,1;137;132;903;924;978;1023;154;120;1106;1090;1089;1169;1034;1044;1077;1132;1178;1115;1130;1141;1354;1330;1287;1334;1204;1183;1164;1198;1227;1174;1215;1208;528;519;560;574;957;964;917;975;1081;1021;1062;1016;1000;1035;957;1025
;17:35:01;37,1;130;128;863;898;946;973;144;126;1146;1139;1180;1182;1036;1036;1078;1060;1122;1144;1125;1153;1333;1317;1301;1387;1142;1229;1153;1200;1283;1145;1225;1207;520;523;563;604;1012;918;975;1002;1106;1057;1006;1013;1011;1015;979;1023
;17:41:01;37,1;141;141;877;899;982;977;138;141;1146;1103;1107;1141;1045;1064;1062;1116;1115;1106;1147;1159;1362;1323;1316;1343;1193;1143;1166;1126;1260;1157;1197;1235;545;555;579;593;969;953;954;1009;1049;1057;1012;1017;987;946;920;1049
;17:47:01;37,1;152;127;911;915;969;964;145;121;1120;1112;1150;1195;1048;1038;1081;1124;1179;1129;1124;1142;1312;1329;1369;1383;1191;1174;1190;1131;1273;1192;1188;1249;533;577;580;606;973;956;966;964;1055;1051;980;1060;1054;1010;1052;1036
;17:53:01;37,1;131;156;892;925;998;1005;145;132;1161;1162;1088;1214;1047;1064;1122;1122;1117;1156;1186;1190;1316;1370;1337;1395;1167;1142;1184;1150;1284;1198;1197;1252;543;547;560;581;989;972;948;980;1082;1040;1045;1064;1002;966;1010;1019
;17:59:01;37,1;125;147;888;940;929;989;154;134;1116;1056;1152;1223;1098;1006;1146;1129;1179;1146;1185;1229;1353;1341;1307;1323;1196;1176;1151;1141;1218;1192;1181;1215;575;542;585;624;956;901;956;997;1074;1016;1006;1054;986;1042;986;1032
;18:05:01;37,1;154;143;902;937;980;1031;148;136;1155;1154;1146;1228;1030;1038;1035;1079;1150;1120;1167;1205;1362;1300;1335;1359;1157;1171;1148;1198;1236;1237;1234;1210;573;586;589;589;1071;954;933;940;1092;1045;1040;1076;1048;1035;972;1030
;18:11:01;37,1;134;134;887;927;962;987;127;127;1193;1155;1131;1203;1070;1097;1077;1127;1136;1157;1121;1216;1315;1328;1331;1354;1161;1164;1188;1162;1261;1212;1192;1225;600;573;578;598;1046;932;965;972;1057;1047;1053;1066;1037;1014;1023;979
;18:17:01;37,1;135;150;903;950;972;1001;133;138;1125;1174;1115;1191;1061;1091;1104;1154;1164;1141;1165;1151;1348;1323;1332;1362;1161;1210;1181;1128;1253;1174;1219;1203;591;608;620;621;1045;971;915;965;1085;1027;1030;1007;977;1067;986;1034
;18:23:01;37,1;154;123;926;911;986;1014;139;137;1102;1136;1173;1213;1080;1039;1067;1162;1216;1191;1180;1197;1347;1316;1349;1423;1232;1212;1161;1182;1264;1166;1199;1279;609;593;614;604;1004;991;958;983;1050;1004;1005;1042;1061;1008;929;1030
;18:29:01;37,1;129;136;920;905;962;985;143;138;1202;1142;1138;1158;1042;1075;1111;1160;1161;1151;1170;1217;1415;1325;1332;1370;1227;1205;1201;1206;1255;1214;1174;1214;617;580;642;635;1039;932;999;954;1076;1066;1099;1064;1008;993;1001;1072
;18:35:01;37,1;136;130;912;959;992;1009;140;143;1126;1128;1243;1188;1090;1053;1082;1167;1154;1165;1146;1252;1355;1416;1340;1343;1227;1178;1186;1174;1281;1229;1199;1252;597;640;610;631;1008;1009;912;998;1112;1079;1000;1012;1022;1036;1002;1054
;18:41:01;37,1;145;143;922;940;979;1004;152;120;1147;1094;1223;1189;1091;1092;1069;1165;1202;1148;1132;1212;1365;1338;1387;1386;1209;1173;1193;1161;1227;1264;1197;1274;640;608;624;647;1041;971;991;965;1110;1057;1083;1048;986;1058;978;1040
;18:47:01;37,1;127;159;923;983;993;992;141;146;1104;1144;1149;1183;1064;1096;1126;1165;1257;1169;1246;1203;1372;1415;1376;1376;1195;1222;1248;1182;1251;1252;1245;1259;635;631;641;683;1043;936;984;1009;1108;1041;1039;1066;1022;1031;1014;1010
;18:53:01;37,1;127;138;892;910;945;977;136;122;1207;1138;1197;1198;1075;1067;1134;1101;1161;1139;1164;1208;1264;1299;1366;1442;1247;1234;1209;1150;1247;1237;1224;1224;620;631;646;664;1026;978;946;1011;1078;1044;1063;1026;1039;1060;967;1032
;18:59:01;37;135;156;921;942;914;1042;139;145;1142;1187;1172;1187;1140;1096;1095;1152;1182;1177;1191;1168;1395;1312;1350;1411;1198;1191;1170;1155;1279;1201;1250;1241;625;647;635;695;1031;1004;955;1022;1100;1042;1038;1088;1080;1083;959;1044
;19:05:01;37,1;146;133;905;953;969;963;145;141;1176;1119;1177;1192;1082;1033;1152;1191;1233;1171;1190;1200;1373;1327;1353;1392;1240;1231;1247;1166;1281;1135;1248;1279;673;655;667;714;1020;952;954;1025;1114;1059;1083;1108;1012;1106;974;1004
;19:11:01;37,1;145;157;954;936;994;961;154;140;1182;1180;1254;1238;1089;1067;1097;1190;1175;1138;1190;1246;1393;1379;1374;1328;1207;1243;1215;1216;1319;1201;1258;1284;659;632;651;654;1054;941;985;996;1096;1039;1109;1085;1043;1049;1006;1035
;19:17:01;37,1;138;157;906;967;962;981;151;144;1130;1148;1161;1209;1100;1109;1125;1097;1212;1217;1227;1198;1335;1374;1360;1430;1215;1210;1202;1175;1264;1215;1219;1274;661;632;681;686;1064;975;1011;1013;1137;1054;1084;1035;992;1041;983;1018
;19:23:01;37,1;153;154;882;957;993;1002;154;140;1166;1158;1163;1175;1053;1056;1163;1148;1209;1143;1196;1234;1409;1425;1367;1441;1240;1245;1252;1182;1310;1240;1201;1349;681;670;663;688;1036;1034;962;996;1116;1081;1049;1048;1011;1012;982;1114
;19:29:01;37,1;132;126;929;958;934;1025;130;141;1146;1148;1213;1254;1117;1097;1126;1123;1222;1196;1193;1231;1336;1352;1366;1408;1247;1202;1210;1237;1270;1232;1228;1226;702;684;717;659;1051;1025;964;1034;1118;1058;1070;1063;1016;1057;1014;1125
;19:35:01;37,1;130;140;939;928;962;1021;143;140;1148;1161;1212;1213;1109;1085;1144;1154;1237;1158;1211;1170;1298;1334;1358;1363;1228;1295;1192;1154;1274;1249;1218;1225;649;679;691;692;1042;1018;985;1058;1119;1095;1028;1110;1044;1062;1003;1034
;19:41:01;37,1;139;149;923;947;957;1024;141;128;1183;1128;1209;1264;1100;1111;1112;1151;1173;1164;1232;1175;1369;1322;1351;1434;1228;1213;1164;1256;1239;1220;1290;1261;684;690;679;690;1064;953;956;1033;1074;1074;1016;1071;1081;1055;1005;1038
;19:47:01;37,1;140;135;943;930;1019;1005;132;136;1182;1217;1129;1272;1116;1124;1159;1121;1222;1153;1245;1183;1383;1406;1301;1399;1248;1252;1144;1181;1305;1275;1240;1268;696;694;729;741;1050;960;984;1007;1131;1063;1029;1090;1077;1094;1010;1048
;19:53:01;37,1;123;140;939;930;985;989;133;149;1180;1070;1240;1250;1122;1120;1146;1154;1172;1172;1261;1240;1407;1336;1311;1421;1258;1188;1235;1237;1355;1309;1243;1310;701;699;719;724;1040;1000;1018;1003;1088;1069;1051;1088;1049;1087;1046;1050
;19:59:01;37;141;128;929;963;980;1038;162;136;1197;1166;1192;1221;1049;1141;1098;1165;1237;1181;1192;1261;1412;1387;1421;1391;1285;1201;1197;1161;1302;1209;1203;1291;735;710;750;732;1032;982;992;1030;1126;1045;1106;1092;1083;1052;1040;1044
;20:05:01;37,1;142;142;930;975;947;1007;152;139;1146;1172;1248;1241;1081;1125;1114;1188;1220;1146;1205;1231;1414;1384;1355;1455;1229;1219;1172;1210;1278;1178;1246;1287;724;737;746;724;1042;990;1023;1040;1131;1070;1139;1095;1063;1047;1069;1098
;20:11:01;37,1;152;134;923;906;977;1040;133;158;1246;1156;1182;1287;1133;1126;1171;1151;1243;1232;1257;1285;1388;1301;1389;1374;1242;1270;1267;1168;1324;1246;1204;1246;756;721;723;794;1008;1028;1015;1011;1124;1030;1063;1081;1057;1051;1090;1063
;20:17:01;37;138;136;931;958;1047;1081;155;130;1197;1196;1167;1259;1081;1104;1168;1200;1227;1239;1189;1258;1339;1416;1389;1442;1243;1244;1227;1225;1291;1196;1185;1271;748;734;735;752;1048;977;1000;1027;1117;1067;1089;1089;1055;1099;1044;1095
;20:23:01;37,1;156;136;903;965;992;1026;130;129;1238;1170;1189;1264;1105;1095;1159;1162;1214;1197;1223;1256;1368;1401;1347;1401;1260;1260;1247;1158;1313;1291;1240;1271;751;813;752;770;1064;1000;986;1067;1077;1075;1069;1105;1035;1063;1022;1057
;20:29:01;37,1;128;127;936;957;978;1017;144;121;1223;1187;1241;1315;1098;1048;1126;1193;1200;1241;1247;1285;1329;1346;1355;1411;1294;1211;1225;1228;1308;1286;1263;1295;739;743;756;768;1007;984;1019;1015;1134;1058;1078;1063;1078;1119;999;1087
;20:35:01;37,1;131;146;947;934;936;973;142;116;1212;1188;1221;1281;1121;1124;1162;1157;1200;1198;1214;1197;1465;1396;1423;1410;1260;1206;1195;1189;1271;1247;1221;1310;775;780;790;752;1101;954;1012;1048;1160;1085;1095;1104;1081;1055;987;1102
;20:41:01;37,1;157;153;944;973;997;998;143;108;1199;1188;1207;1281;1105;1097;1186;1165;1195;1200;1264;1274;1385;1357;1354;1427;1229;1262;1237;1214;1332;1213;1279;1271;790;746;797;809;1060;939;985;1061;1159;1066;1104;1147;1043;1058;1078;1085
;20:47:01;37,1;133;154;949;975;1055;984;152;130;1242;1175;1219;1280;1068;1102;1133;1174;1234;1249;1251;1308;1403;1340;1368;1472;1273;1278;1227;1210;1306;1290;1296;1195;754;814;811;827;1049;1006;992;1037;1171;1092;1077;1067;1044;1066;1006;1064
;20:53:01;37,1;123;142;957;986;965;1055;118;124;1217;1203;1206;1273;1149;1121;1129;1158;1167;1228;1224;1280;1413;1383;1344;1368;1227;1241;1289;1271;1321;1233;1263;1322;770;738;774;809;1029;964;1068;1083;1134;1087;1097;1122;1091;1116;1074;1073
;20:59:01;37,1;126;135;962;977;1020;1034;152;122;1291;1198;1223;1239;1110;1131;1148;1171;1256;1145;1233;1226;1368;1430;1387;1403;1289;1235;1237;1226;1274;1182;1250;1290;764;770;779;782;1092;1001;1043;1052;1123;1074;1104;1090;1078;1089;1067;1085
;21:05:01;37,1;137;129;930;953;955;1023;153;155;1176;1172;1272;1294;1158;1123;1070;1227;1220;1248;1319;1314;1402;1358;1402;1518;1277;1227;1242;1207;1309;1268;1299;1285;807;822;833;788;1034;1022;1035;1066;1097;1061;1101;1103;1076;1088;1040;1102
;21:11:01;37;121;125;957;925;1033;1046;145;131;1248;1172;1255;1263;1104;1115;1138;1188;1274;1235;1232;1255;1369;1389;1325;1442;1263;1223;1273;1223;1290;1241;1249;1299;797;788;780;829;1025;937;996;1110;1149;1075;1108;1077;1118;1048;1026;1065
;21:17:01;37,1;143;137;923;977;1052;1068;132;128;1195;1168;1235;1258;1098;1108;1210;1170;1227;1188;1196;1264;1403;1388;1417;1402;1231;1273;1264;1297;1304;1239;1217;1329;807;813;874;803;1072;980;1068;1082;1112;1071;1125;1154;1092;1112;1042;1057
;21:23:01;37,1;123;127;990;981;992;1041;148;147;1257;1201;1217;1297;1114;1082;1200;1171;1245;1237;1262;1270;1418;1413;1367;1430;1282;1258;1248;1214;1319;1198;1240;1258;854;820;850;860;1066;1037;1049;1092;1122;1090;1094;1109;1109;1101;1095;1120
;21:29:01;37,1;123;131;988;971;1022;966;151;143;1182;1214;1242;1268;1120;1118;1189;1198;1207;1196;1226;1271;1383;1412;1394;1403;1249;1273;1280;1250;1274;1235;1207;1308;792;809;795;855;1037;1042;999;1055;1192;1060;1134;1104;1062;1127;1067;1088
;21:35:01;37,1;116;136;979;948;958;1071;138;139;1271;1223;1234;1307;1092;1142;1199;1176;1195;1319;1246;1321;1437;1411;1377;1389;1341;1275;1273;1215;1351;1282;1282;1341;807;845;840;872;1092;987;1041;1040;1131;1099;1113;1094;1097;1057;1043;1048
;21:41:01;37,1;133;128;925;1010;970;1032;131;139;1226;1207;1237;1289;1134;1123;1162;1195;1203;1214;1235;1307;1370;1374;1373;1359;1233;1280;1257;1247;1293;1302;1278;1285;832;832;856;950;1057;1022;1054;1095;1161;1099;1145;1120;1102;1082;983;1121
;21:47:01;37;124;154;926;1034;1047;1002;143;128;1197;1176;1242;1312;1116;1164;1168;1184;1266;1231;1299;1249;1408;1400;1330;1428;1298;1244;1218;1229;1321;1295;1260;1311;809;883;858;890;1087;1035;1026;1049;1097;1075;1095;1087;1097;1123;1032;1154
;21:53:01;37,1;139;149;960;974;1048;1026;129;136;1232;1159;1287;1308;1127;1149;1150;1242;1309;1190;1320;1266;1417;1358;1429;1478;1269;1250;1252;1221;1313;1247;1223;1283;874;778;875;906;1128;1009;996;1102;1111;1126;1085;1098;1075;1123;1062;1118
;21:59:01;37,1;139;149;976;1000;1026;1022;140;128;1196;1238;1276;1316;1120;1154;1178;1189;1241;1213;1284;1343;1359;1396;1407;1456;1285;1305;1284;1253;1302;1226;1246;1348;865;818;836;908;1079;1002;1048;1118;1159;1103;1082;1100;1093;1132;1024;1126
;22:05:01;37;125;143;944;996;1019;1017;136;153;1204;1242;1285;1330;1130;1141;1166;1219;1201;1207;1286;1309;1382;1357;1425;1486;1210;1280;1231;1209;1260;1257;1243;1306;871;858;950;899;1102;986;1031;1066;1121;1081;1133;1119;1105;1093;1045;1101
;22:11:01;37,1;117;142;916;952;1026;1038;141;139;1271;1178;1220;1328;1169;1170;1150;1215;1239;1252;1262;1254;1433;1492;1342;1423;1266;1271;1276;1216;1318;1232;1296;1328;876;872;908;937;1113;1001;1059;1092;1165;1079;1104;1092;1064;1144;1052;1139
;22:17:01;37;135;136;982;974;1015;1043;151;141;1263;1219;1223;1378;1125;1154;1165;1222;1285;1281;1267;1311;1455;1411;1434;1465;1304;1239;1251;1272;1324;1269;1221;1329;895;888;930;957;1090;1011;1042;1089;1163;1106;1081;1178;1119;1142;1059;1106
;22:23:01;37,1;132;141;953;980;1031;1062;155;137;1247;1266;1288;1302;1176;1166;1190;1177;1293;1271;1288;1319;1443;1378;1481;1408;1273;1254;1185;1228;1272;1260;1291;1313;856;899;886;943;1084;1017;1063;1051;1129;1106;1102;1199;1131;1128;1040;1131
;22:29:01;37,1;145;136;957;930;1050;1053;123;119;1238;1176;1234;1315;1140;1141;1174;1193;1301;1263;1279;1298;1355;1325;1357;1490;1314;1262;1256;1236;1327;1302;1282;1313;935;915;941;976;1102;1011;1024;1056;1137;1106;1174;1111;1066;1103;1093;1109
;22:35:01;37,1;159;135;960;983;1039;1021;144;140;1219;1238;1243;1384;1120;1101;1183;1233;1260;1257;1257;1310;1449;1360;1404;1517;1259;1259;1205;1212;1331;1314;1213;1352;944;938;941;980;1148;985;1059;1057;1077;1139;1116;1157;1124;1165;1030;1116
;22:41:01;37;153;113;964;992;1016;1002;137;130;1211;1226;1280;1308;1115;1161;1158;1215;1276;1244;1293;1336;1410;1369;1395;1443;1194;1214;1274;1293;1308;1269;1248;1317;898;891;947;951;1054;993;1030;1120;1144;1086;1157;1156;1101;1170;1089;1122
;22:47:01;37;130;155;957;1018;1053;1086;148;150;1244;1262;1242;1343;1137;1125;1126;1224;1297;1233;1350;1363;1389;1427;1381;1486;1322;1262;1279;1286;1348;1311;1251;1367;955;963;954;997;1123;986;1008;1127;1148;1061;1139;1086;1114;1170;1067;1111
;22:53:01;37;139;154;961;1015;1019;1068;142;140;1303;1223;1314;1276;1097;1171;1215;1246;1333;1257;1292;1312;1394;1480;1463;1449;1334;1224;1286;1226;1330;1318;1338;1327;998;958;936;996;1075;1012;1097;1101;1163;1067;1093;1162;1144;1160;1081;1124
;22:59:01;37;139;129;997;974;1044;1030;133;134;1266;1308;1277;1332;1131;1132;1170;1219;1292;1292;1313;1387;1428;1411;1444;1452;1352;1302;1223;1265;1326;1300;1311;1362;968;965;1017;957;1153;1066;1013;1090;1195;1095;1132;1118;1078;1197;1058;1077
;23:05:01;37;129;147;902;1025;966;1072;154;135;1271;1238;1295;1346;1164;1128;1177;1227;1247;1252;1318;1387;1463;1407;1449;1483;1316;1288;1361;1286;1335;1337;1294;1331;987;957;1026;1037;1075;1029;1044;1144;1180;1122;1111;1120;1164;1137;1108;1195
;23:11:01;37;137;131;962;986;1025;1080;130;128;1278;1246;1351;1315;1151;1105;1224;1235;1333;1219;1302;1311;1451;1425;1403;1458;1364;1242;1258;1342;1247;1304;1284;1366;1018;988;1061;1041;1096;1046;1134;1108;1146;1155;1151;1104;1119;1178;1082;1179
;23:17:01;37,1;148;150;963;934;1042;1027;137;147;1321;1236;1273;1406;1112;1149;1161;1248;1287;1283;1404;1353;1434;1371;1479;1468;1317;1311;1258;1328;1372;1283;1288;1299;983;974;1052;1036;1090;1075;1089;1102;1202;1133;1144;1140;1148;1153;1086;1160
;23:23:01;37;132;158;994;955;1018;1050;136;152;1271;1259;1336;1379;1146;1148;1160;1264;1230;1220;1324;1328;1421;1436;1425;1519;1340;1271;1348;1255;1378;1315;1297;1326;963;980;987;1023;1115;1045;1085;1088;1121;1109;1132;1108;1142;1113;1138;1206
;23:29:01;37;139;134;966;972;1026;1089;144;156;1305;1276;1213;1343;1195;1209;1193;1189;1310;1263;1345;1417;1464;1406;1414;1433;1262;1310;1283;1286;1336;1307;1273;1301;955;983;1024;1052;1130;1082;1066;1112;1147;1144;1196;1142;1178;1163;1139;1208
;23:35:01;37,1;137;136;995;1016;1030;1062;150;139;1329;1260;1313;1349;1152;1147;1153;1221;1294;1334;1367;1367;1472;1474;1446;1507;1274;1271;1277;1307;1338;1288;1292;1370;1042;996;1073;1058;1073;1012;1034;1103;1174;1090;1134;1105;1099;1122;1137;1179
;23:41:01;37;144;150;1000;1001;1024;1026;132;122;1321;1244;1286;1370;1140;1118;1181;1195;1284;1324;1343;1405;1467;1358;1461;1509;1287;1245;1265;1240;1361;1331;1285;1333;1027;997;1075;1107;1151;1063;1114;1081;1249;1117;1157;1175;1192;1220;1146;1147
;23:47:01;37;126;143;955;984;1050;1060;136;115;1341;1207;1240;1369;1140;1109;1212;1204;1291;1276;1294;1357;1421;1400;1452;1437;1329;1338;1340;1245;1333;1190;1312;1379;1049;1056;1108;1097;1109;1025;1054;1115;1156;1140;1180;1148;1157;1133;1109;1154
;23:53:01;37;166;153;995;1026;1070;1043;144;140;1252;1239;1279;1422;1146;1186;1206;1234;1323;1239;1329;1386;1473;1426;1515;1518;1263;1254;1279;1255;1336;1291;1300;1347;1045;1040;1085;1122;1041;1043;1056;1089;1193;1139;1135;1203;1136;1125;1125;1158
;23:59:01;37,1;119;129;956;1002;1058;1104;144;129;1284;1263;1380;1291;1198;1156;1228;1175;1294;1303;1353;1392;1465;1455;1448;1433;1292;1327;1306;1286;1313;1346;1245;1343;1043;1027;1110;1095;1077;1016;1077;1103;1233;1128;1165;1100;1170;1142;1052;1217
;24:05:01;37,1;155;137;937;972;1021;1053;127;151;1262;1296;1278;1353;1138;1183;1197;1264;1299;1301;1332;1384;1495;1386;1415;1493;1285;1324;1308;1292;1315;1277;1281;1361;998;1034;1079;1134;1124;1108;1021;1085;1236;1154;1140;1181;1123;1223;1124;1127
;24:11:01;37,1;123;125;1012;1028;1071;1048;155;143;1268;1273;1385;1398;1170;1110;1155;1271;1339;1316;1392;1324;1525;1446;1448;1462;1310;1264;1385;1331;1379;1300;1240;1333;1077;1069;1074;1120;1129;1045;1071;1097;1175;1142;1121;1128;1138;1170;1139;1197
;24:17:01;37,1;129;145;1023;1017;1061;1015;119;149;1299;1254;1328;1376;1186;1129;1184;1196;1318;1270;1309;1333;1423;1455;1407;1464;1342;1319;1270;1334;1327;1255;1298;1324;1077;1075;1116;1189;1097;1067;1074;1134;1123;1170;1105;1122;1126;1196;1130;1184
;24:23:01;37,1;117;147;959;1015;1021;1039;120;142;1251;1276;1284;1359;1176;1157;1222;1309;1362;1269;1339;1388;1475;1477;1429;1509;1324;1299;1281;1305;1359;1335;1348;1373;1086;1123;1120;1175;1122;1058;1084;1119;1207;1108;1173;1162;1154;1181;1115;1201
;24:29:01;37,1;148;130;911;990;1058;993;152;139;1303;1304;1300;1331;1200;1199;1198;1288;1335;1301;1337;1365;1457;1406;1432;1446;1312;1276;1306;1280;1324;1326;1282;1373;1079;1057;1158;1167;1104;1061;1110;1073;1199;1150;1125;1152;1084;1126;1093;1149
;24:35:01;37,1;137;132;995;951;1038;1032;161;129;1306;1234;1302;1318;1152;1143;1186;1251;1333;1313;1381;1395;1466;1419;1451;1528;1283;1279;1304;1283;1355;1248;1260;1357;1092;1103;1080;1164;1086;1073;1057;1111;1230;1132;1159;1163;1129;1142;1156;1145
;24:41:01;37,1;122;145;914;968;1074;1047;151;139;1272;1293;1295;1334;1140;1143;1162;1279;1332;1346;1383;1430;1462;1474;1431;1475;1292;1331;1296;1349;1317;1233;1300;1411;1115;1083;1168;1204;1147;1012;1080;1104;1183;1154;1195;1220;1100;1198;1119;1172
;24:47:01;37,1;138;134;1011;1035;1035;1106;135;110;1311;1208;1342;1376;1180;1152;1209;1267;1333;1348;1362;1382;1493;1399;1477;1538;1312;1298;1295;1338;1369;1240;1293;1378;1143;1058;1245;1226;1118;1066;1094;1096;1191;1161;1155;1166;1106;1162;1100;1187
;24:53:01;37;136;145;999;1054;1048;1057;130;137;1341;1288;1369;1398;1212;1141;1242;1249;1261;1299;1333;1448;1443;1426;1461;1492;1335;1301;1272;1292;1390;1304;1233;1371;1153;1103;1233;1172;1102;997;1106;1182;1183;1134;1164;1192;1183;1179;1069;1200
;24:59:01;37;134;133;971;1016;1079;1083;153;143;1323;1345;1357;1394;1183;1155;1186;1298;1320;1315;1372;1406;1409;1483;1488;1520;1399;1335;1361;1301;1474;1263;1308;1378;1095;1169;1179;1283;1178;1057;1117;1100;1215;1164;1224;1149;1174;1195;1086;1216
;25:05:01;37;127;129;986;1014;1060;1101;149;125;1335;1271;1331;1362;1155;1289;1227;1278;1340;1315;1449;1408;1485;1424;1524;1564;1326;1359;1330;1284;1398;1300;1298;1347;1172;1146;1208;1242;1131;1114;1095;1164;1216;1139;1219;1175;1141;1199;1139;1170
;25:11:01;37;138;140;1001;1007;1037;1038;147;135;1284;1261;1328;1365;1216;1157;1247;1315;1387;1308;1385;1476;1454;1462;1439;1506;1341;1329;1338;1341;1432;1314;1329;1341;1180;1160;1236;1222;1139;1040;1118;1194;1198;1195;1201;1177;1159;1190;1154;1187
;25:17:01;37;137;165;1012;1032;1091;1054;133;139;1289;1283;1346;1408;1191;1162;1219;1285;1349;1346;1420;1466;1471;1461;1474;1521;1355;1312;1323;1338;1371;1343;1273;1460;1176;1163;1255;1265;1155;1047;1015;1118;1211;1122;1175;1208;1193;1220;1162;1170
;25:23:01;37;160;152;990;1035;1053;1108;123;139;1294;1333;1355;1409;1151;1143;1222;1322;1355;1296;1399;1443;1502;1500;1522;1586;1347;1329;1356;1311;1343;1289;1355;1365;1203;1212;1258;1223;1168;1060;1049;1130;1202;1108;1181;1197;1178;1195;1132;1224
;25:29:01;37;150;143;981;1018;1058;1077;141;142;1374;1284;1339;1357;1168;1170;1243;1260;1378;1368;1416;1429;1475;1459;1519;1512;1396;1346;1320;1334;1353;1289;1398;1392;1193;1194;1275;1340;1145;1068;1120;1192;1252;1165;1134;1181;1193;1152;1102;1218
;25:35:01;37,1;147;118;935;995;1002;1093;140;132;1330;1234;1350;1395;1155;1176;1284;1238;1406;1336;1417;1416;1481;1482;1505;1510;1349;1351;1333;1289;1397;1298;1373;1355;1205;1201;1290;1278;1143;1091;1119;1167;1213;1168;1192;1174;1161;1205;1149;1205
;25:41:01;37,1;137;126;944;1061;1071;1071;139;133;1307;1226;1330;1437;1152;1112;1248;1262;1332;1344;1422;1476;1504;1509;1560;1557;1388;1340;1313;1323;1351;1272;1325;1358;1256;1233;1226;1314;1167;1056;1050;1105;1230;1165;1162;1157;1181;1170;1092;1219
;25:47:01;37,1;127;152;1005;1012;1084;1078;144;149;1310;1226;1275;1390;1203;1201;1188;1264;1396;1352;1388;1461;1480;1476;1469;1534;1339;1294;1308;1290;1409;1297;1341;1401;1236;1246;1261;1295;1105;1058;1092;1111;1217;1168;1153;1207;1197;1230;1212;1169
;25:53:01;37,1;146;133;982;1011;1045;1051;151;135;1351;1298;1350;1383;1158;1154;1236;1262;1387;1359;1407;1414;1494;1478;1519;1498;1291;1318;1334;1334;1336;1319;1343;1415;1271;1269;1300;1330;1120;1133;1121;1164;1257;1176;1176;1250;1226;1233;1160;1224
;25:59:01;37,1;136;134;1015;1001;1084;1041;137;133;1332;1257;1255;1397;1165;1188;1199;1243;1421;1358;1423;1452;1447;1438;1456;1528;1366;1254;1335;1339;1318;1309;1363;1357;1207;1237;1277;1367;1160;1048;1160;1134;1243;1136;1201;1186;1153;1178;1174;1228
;26:05:01;37,1;159;130;1019;1037;1039;1110;127;120;1336;1289;1377;1405;1126;1142;1210;1261;1427;1404;1421;1459;1405;1427;1483;1502;1313;1329;1362;1338;1460;1269;1345;1348;1231;1304;1260;1379;1159;1075;1072;1197;1230;1196;1129;1210;1151;1187;1126;1233
;26:11:01;37,1;142;148;989;1051;1106;1061;131;144;1303;1272;1303;1415;1123;1107;1283;1229;1404;1392;1392;1497;1520;1472;1523;1512;1377;1353;1331;1353;1306;1290;1300;1422;1247;1264;1330;1355;1148;1075;1091;1132;1264;1145;1214;1208;1234;1190;1170;1175
;26:17:01;37;125;152;988;978;1021;1109;148;133;1277;1344;1343;1413;1189;1209;1232;1279;1454;1351;1486;1448;1490;1513;1523;1560;1410;1297;1327;1334;1335;1278;1325;1386;1319;1287;1345;1448;1111;1086;1127;1227;1248;1167;1188;1209;1195;1178;1130;1262
;26:23:01;37;144;143;1018;1001;1065;1102;140;139;1279;1298;1353;1441;1259;1213;1196;1266;1408;1395;1418;1464;1442;1427;1486;1542;1349;1360;1310;1395;1384;1322;1334;1407;1313;1319;1342;1390;1157;1060;1115;1121;1251;1191;1202;1191;1139;1189;1169;1295
;26:29:01;37;135;133;966;1026;1075;1048;137;155;1349;1292;1284;1428;1190;1205;1213;1280;1397;1336;1380;1437;1469;1499;1443;1520;1353;1379;1317;1312;1422;1357;1361;1409;1323;1321;1408;1403;1169;1088;1159;1181;1206;1188;1148;1210;1166;1200;1133;1230
;26:35:01;37;140;153;1015;1043;1050;1056;150;136;1307;1237;1357;1458;1137;1225;1247;1307;1390;1362;1445;1528;1560;1498;1504;1556;1397;1346;1333;1358;1393;1329;1318;1387;1310;1259;1362;1446;1163;1110;1098;1232;1264;1222;1228;1236;1152;1228;1163;1269
;26:41:01;37,1;142;150;943;994;1051;1100;150;138;1370;1304;1372;1402;1178;1173;1236;1297;1421;1429;1405;1520;1529;1506;1452;1513;1358;1370;1321;1324;1438;1285;1366;1471;1329;1313;1326;1446;1141;1094;1151;1222;1256;1184;1196;1198;1249;1220;1242;1250
;26:47:01;37,1;129;151;1079;1034;1067;1067;133;133;1323;1305;1366;1430;1180;1164;1169;1272;1457;1345;1359;1464;1485;1472;1440;1557;1382;1349;1441;1303;1435;1317;1398;1362;1336;1315;1412;1446;1104;1081;1180;1163;1253;1148;1239;1202;1189;1207;1209;1247
;26:53:01;37,1;135;128;960;1025;1080;1131;128;119;1331;1248;1345;1457;1135;1211;1196;1268;1440;1396;1454;1490;1466;1481;1499;1552;1396;1298;1313;1361;1372;1294;1400;1398;1394;1313;1407;1386;1142;1065;1167;1170;1256;1143;1185;1201;1212;1192;1174;1235
;26:59:01;37,1;140;139;978;1012;1014;1048;144;136;1335;1372;1383;1452;1207;1187;1266;1225;1379;1388;1434;1512;1454;1510;1477;1578;1366;1306;1337;1382;1351;1326;1386;1385;1393;1371;1433;1429;1117;1085;1130;1150;1188;1159;1215;1294;1204;1230;1188;1287
;27:05:01;37,1;132;147;1029;1040;1062;1091;143;148;1329;1297;1348;1392;1223;1172;1175;1263;1384;1360;1461;1511;1472;1533;1476;1550;1369;1350;1406;1357;1369;1413;1346;1388;1346;1376;1452;1489;1131;1100;1113;1244;1212;1216;1220;1217;1223;1213;1114;1247
;27:11:01;37,2;138;132;994;1033;1043;1064;137;149;1320;1315;1350;1380;1173;1239;1179;1248;1415;1331;1441;1509;1546;1448;1476;1538;1360;1346;1356;1334;1325;1276;1304;1419;1429;1444;1391;1481;1165;1092;1090;1176;1283;1238;1200;1189;1141;1205;1193;1262
;27:17:01;37,1;129;127;994;1012;1016;1065;154;131;1383;1298;1325;1421;1170;1216;1206;1238;1427;1355;1490;1531;1490;1480;1476;1569;1351;1312;1362;1297;1412;1314;1356;1344;1420;1407;1446;1514;1194;1079;1093;1148;1234;1201;1199;1182;1247;1224;1158;1257
;27:23:01;37,1;122;150;1053;1093;1035;1115;113;144;1377;1309;1374;1439;1181;1174;1233;1225;1409;1373;1469;1497;1439;1477;1477;1568;1314;1322;1469;1334;1417;1265;1367;1469;1426;1357;1411;1536;1125;1139;1157;1198;1220;1188;1189;1231;1200;1216;1199;1309
;27:29:01;37,1;129;131;1036;1038;1074;1068;130;141;1393;1264;1392;1439;1158;1146;1202;1288;1433;1421;1476;1496;1454;1401;1495;1515;1359;1355;1299;1372;1413;1317;1344;1481;1481;1412;1400;1511;1203;1106;1168;1174;1164;1204;1307;1211;1202;1244;1162;1280
;27:35:01;37;151;144;1016;989;1088;1093;159;137;1348;1336;1325;1460;1173;1226;1178;1336;1428;1385;1481;1529;1543;1497;1509;1555;1412;1378;1356;1390;1422;1329;1379;1429;1462;1423;1473;1537;1130;1084;1105;1148;1289;1196;1174;1231;1181;1258;1143;1260
;27:41:01;37,1;137;141;1053;1050;1032;1109;140;147;1343;1368;1400;1388;1254;1185;1264;1295;1498;1443;1521;1576;1472;1513;1510;1564;1410;1387;1396;1375;1333;1357;1336;1423;1528;1444;1559;1602;1173;1144;1100;1186;1236;1231;1165;1254;1194;1213;1216;1232
;27:47:01;37;128;148;1024;1078;1094;1088;135;132;1342;1334;1323;1474;1182;1234;1249;1262;1464;1424;1458;1500;1489;1528;1470;1551;1342;1355;1380;1354;1395;1329;1334;1390;1464;1431;1474;1533;1164;1086;1155;1242;1257;1222;1193;1293;1219;1210;1161;1270
;27:53:01;37;148;144;974;1053;1089;1137;146;144;1362;1299;1362;1465;1155;1176;1207;1262;1419;1409;1484;1534;1515;1513;1485;1630;1432;1372;1427;1421;1418;1375;1359;1441;1486;1475;1562;1557;1209;1131;1114;1193;1281;1186;1196;1237;1248;1255;1196;1309
;27:59:01;37,1;147;149;979;1032;1079;1118;130;147;1370;1337;1399;1373;1153;1148;1258;1302;1450;1450;1417;1518;1493;1457;1506;1646;1419;1315;1430;1392;1421;1367;1340;1435;1528;1490;1550;1597;1194;1128;1131;1210;1226;1169;1259;1220;1208;1284;1240;1268
;28:05:01;37,1;124;142;971;1016;1060;1062;141;153;1335;1340;1401;1395;1195;1228;1251;1370;1492;1428;1465;1545;1520;1486;1526;1546;1461;1350;1352;1300;1405;1320;1340;1430;1541;1476;1571;1582;1159;1130;1148;1193;1281;1217;1175;1276;1264;1261;1176;1259
;28:11:01;37,1;148;146;1044;994;1122;1146;146;146;1375;1266;1417;1413;1214;1226;1211;1280;1502;1486;1436;1437;1513;1468;1543;1564;1362;1377;1368;1386;1397;1320;1388;1429;1515;1524;1669;1621;1233;1111;1192;1198;1285;1215;1254;1168;1163;1266;1204;1288
;28:17:01;37,1;140;141;997;1078;1094;1072;142;152;1358;1295;1360;1490;1195;1222;1204;1344;1452;1400;1483;1531;1528;1511;1507;1552;1351;1335;1420;1373;1327;1302;1331;1453;1487;1544;1606;1600;1148;1166;1114;1236;1239;1230;1237;1262;1262;1233;1232;1289
;28:23:01;37,1;128;127;1008;982;1046;1076;138;142;1303;1312;1349;1456;1169;1147;1262;1273;1397;1424;1469;1517;1527;1468;1513;1621;1384;1356;1423;1402;1431;1405;1286;1458;1533;1496;1560;1561;1152;1106;1102;1210;1218;1205;1189;1238;1214;1259;1154;1250
;28:29:01;37,1;157;146;1013;1032;1059;1101;134;167;1402;1343;1423;1455;1156;1190;1239;1318;1419;1435;1521;1490;1586;1483;1515;1543;1403;1341;1432;1330;1406;1345;1378;1381;1519;1528;1584;1594;1160;1118;1145;1258;1241;1207;1190;1217;1228;1224;1177;1348
;28:35:01;37;140;147;1032;1055;1047;1125;121;175;1389;1253;1382;1423;1195;1188;1242;1311;1423;1447;1425;1460;1522;1487;1467;1518;1413;1371;1419;1404;1392;1341;1413;1496;1564;1500;1643;1603;1157;1130;1135;1237;1282;1226;1190;1203;1226;1281;1200;1289
;28:41:01;37;154;142;1058;1089;1085;1131;132;146;1385;1290;1357;1402;1190;1250;1186;1306;1515;1484;1542;1533;1528;1486;1497;1617;1375;1340;1455;1417;1406;1414;1374;1420;1597;1566;1600;1598;1240;1031;1184;1241;1292;1196;1222;1207;1272;1286;1213;1280
;28:47:01;37;131;144;995;1027;1120;1164;136;150;1410;1365;1412;1458;1206;1221;1178;1345;1438;1452;1518;1503;1583;1503;1559;1642;1426;1450;1376;1390;1369;1396;1326;1522;1650;1548;1629;1661;1182;1107;1118;1266;1248;1234;1247;1285;1199;1275;1249;1301
;28:53:01;37,1;124;144;1025;994;1049;1116;153;161;1366;1327;1392;1446;1221;1196;1267;1351;1432;1454;1491;1561;1581;1544;1511;1554;1368;1360;1436;1359;1365;1342;1362;1459;1659;1600;1653;1598;1230;1161;1189;1231;1209;1228;1241;1255;1288;1287;1210;1250
;28:59:01;37;146;120;951;1014;1138;1102;148;165;1388;1291;1394;1497;1257;1241;1278;1292;1467;1437;1480;1551;1512;1465;1516;1577;1431;1433;1377;1384;1403;1305;1371;1406;1634;1609;1635;1558;1209;1157;1154;1259;1224;1275;1313;1287;1257;1260;1233;1305
;29:05:01;37;132;171;1012;1027;1077;1106;138;176;1402;1329;1402;1476;1251;1192;1282;1294;1496;1466;1509;1463;1564;1470;1511;1612;1389;1379;1417;1446;1438;1342;1373;1439;1647;1581;1658;1678;1186;1116;1125;1184;1275;1185;1274;1272;1243;1263;1275;1301
;29:11:01;37,1;144;155;993;1074;1068;1094;134;169;1362;1339;1388;1467;1230;1200;1305;1306;1466;1432;1457;1637;1493;1442;1475;1608;1417;1414;1438;1426;1409;1384;1378;1420;1666;1590;1680;1675;1232;1092;1136;1246;1287;1177;1250;1278;1267;1305;1259;1307
;29:17:01;37,1;135;161;1039;982;1082;1141;128;160;1369;1388;1446;1458;1263;1222;1174;1325;1469;1413;1542;1526;1541;1483;1571;1568;1444;1404;1433;1424;1438;1349;1391;1447;1652;1645;1709;1571;1234;1171;1153;1218;1296;1190;1243;1281;1242;1195;1195;1343
;29:23:01;37,1;118;156;1044;1010;1060;1153;138;193;1351;1280;1398;1472;1235;1207;1214;1322;1476;1476;1561;1568;1522;1501;1466;1546;1448;1450;1388;1345;1385;1341;1374;1440;1743;1689;1609;1680;1214;1108;1210;1226;1284;1254;1228;1278;1215;1245;1235;1249
;29:29:01;37,1;118;144;993;1051;1091;1132;148;139;1358;1268;1359;1471;1171;1165;1299;1269;1455;1431;1526;1510;1506;1474;1481;1610;1400;1454;1402;1385;1367;1374;1386;1429;1660;1659;1704;1663;1215;1097;1138;1261;1247;1201;1244;1243;1309;1232;1250;1290
;29:35:01;37,1;146;156;970;1088;1050;1042;135;164;1295;1310;1393;1417;1171;1119;1297;1294;1435;1435;1501;1519;1549;1524;1559;1608;1415;1392;1366;1297;1356;1285;1390;1448;1712;1647;1669;1644;1222;1119;1133;1217;1231;1177;1265;1182;1218;1273;1277;1305
;29:41:01;37;109;155;1050;1075;1129;1084;132;182;1326;1341;1375;1440;1184;1267;1197;1365;1535;1475;1532;1574;1455;1492;1534;1550;1409;1453;1459;1387;1401;1352;1381;1419;1703;1647;1697;1654;1220;1129;1177;1263;1263;1222;1235;1300;1267;1270;1283;1287
;29:47:01;37;147;154;1001;1018;1140;1168;140;174;1388;1336;1314;1446;1161;1151;1270;1360;1484;1459;1495;1533;1554;1546;1480;1633;1427;1366;1507;1378;1405;1347;1430;1481;1782;1711;1678;1643;1242;1138;1191;1228;1227;1205;1328;1238;1305;1276;1266;1284
;29:53:01;37;117;139;1011;1046;1085;1127;142;189;1356;1345;1367;1415;1257;1224;1257;1341;1526;1485;1518;1599;1560;1463;1558;1648;1478;1350;1387;1404;1477;1348;1377;1477;1713;1744;1679;1665;1184;1140;1206;1305;1300;1287;1229;1266;1274;1321;1283;1341
;29:59:01;37,1;138;146;1016;983;1092;1082;155;199;1308;1280;1425;1473;1198;1229;1256;1340;1472;1450;1531;1589;1558;1462;1502;1565;1465;1406;1407;1396;1364;1356;1409;1507;1725;1691;1718;1650;1207;1155;1145;1222;1244;1175;1259;1192;1268;1306;1259;1380
;30:05:01;37,1;123;164;1066;1027;1101;1137;139;167;1412;1302;1381;1460;1203;1215;1280;1303;1508;1504;1521;1537;1536;1497;1555;1525;1478;1422;1469;1446;1423;1329;1420;1444;1666;1696;1710;1624;1173;1148;1179;1300;1281;1203;1270;1271;1298;1310;1257;1331
;30:11:01;37,1;130;150;1010;1062;1119;1080;121;186;1386;1329;1361;1405;1220;1251;1240;1397;1514;1451;1541;1584;1558;1466;1527;1616;1441;1425;1451;1394;1468;1336;1336;1473;1748;1772;1707;1654;1226;1133;1145;1229;1311;1202;1264;1308;1254;1351;1266;1347
;30:17:01;37,1;144;126;1000;1101;1065;1196;145;183;1362;1351;1435;1431;1164;1209;1237;1340;1466;1472;1558;1642;1518;1523;1499;1570;1456;1424;1403;1407;1479;1390;1387;1521;1780;1731;1673;1670;1257;1097;1192;1282;1302;1286;1301;1290;1308;1251;1220;1280
;30:23:01;37,1;123;145;1023;1088;1134;1107;153;189;1352;1257;1431;1423;1220;1182;1266;1310;1531;1405;1495;1629;1525;1491;1511;1665;1448;1440;1435;1434;1431;1367;1333;1462;1734;1655;1736;1642;1215;1203;1147;1305;1249;1192;1222;1310;1247;1302;1223;1334
;30:29:01;37,1;139;152;1043;1068;1096;1104;110;209;1385;1312;1384;1531;1197;1220;1268;1332;1490;1417;1593;1573;1555;1565;1560;1639;1424;1420;1396;1425;1375;1315;1407;1477;1713;1688;1718;1651;1165;1164;1214;1264;1325;1226;1227;1247;1262;1264;1223;1340
;30:35:01;37,1;128;130;1037;1057;1064;1108;148;220;1379;1382;1366;1489;1230;1277;1285;1309;1474;1399;1573;1509;1548;1498;1499;1637;1485;1421;1429;1434;1426;1322;1415;1502;1822;1728;1745;1631;1162;1117;1205;1223;1215;1219;1256;1257;1248;1349;1310;1261
;30:41:01;37,1;130;157;984;1016;1071;1122;150;238;1353;1313;1406;1443;1215;1211;1251;1312;1468;1426;1485;1559;1564;1518;1499;1608;1448;1424;1396;1434;1415;1358;1386;1563;1854;1664;1721;1596;1193;1160;1205;1251;1315;1208;1245;1280;1266;1303;1266;1280
;30:47:01;37,1;132;134;979;1037;1129;1118;151;221;1392;1334;1440;1431;1199;1234;1241;1330;1506;1496;1603;1627;1590;1490;1530;1560;1454;1390;1418;1412;1408;1319;1404;1413;1840;1701;1666;1699;1231;1113;1174;1251;1323;1176;1274;1238;1226;1338;1314;1340
;30:53:01;37;139;143;1060;1013;1094;1103;148;217;1441;1317;1431;1477;1211;1210;1268;1349;1533;1441;1524;1592;1576;1505;1505;1663;1436;1475;1462;1413;1485;1370;1426;1452;1805;1735;1645;1649;1190;1177;1205;1279;1256;1239;1289;1287;1323;1284;1274;1333
;30:59:01;37;124;123;1012;1111;1100;1101;135;225;1428;1312;1457;1429;1187;1254;1228;1396;1536;1467;1508;1652;1498;1493;1553;1622;1523;1415;1493;1446;1456;1362;1362;1475;1750;1756;1696;1627;1264;1147;1267;1293;1325;1213;1248;1330;1259;1383;1258;1297
;31:05:01;37;129;148;1054;1067;1157;1137;125;239;1445;1327;1357;1513;1228;1169;1255;1353;1520;1427;1573;1643;1540;1532;1551;1607;1461;1388;1443;1499;1423;1393;1383;1459;1826;1779;1719;1672;1250;1159;1195;1289;1291;1230;1303;1264;1357;1374;1267;1371
;31:11:01;37;134;142;1037;1029;1148;1147;156;253;1392;1293;1445;1442;1231;1272;1315;1405;1495;1526;1551;1562;1559;1545;1551;1649;1421;1427;1505;1451;1434;1345;1373;1502;1801;1755;1686;1693;1230;1156;1172;1301;1284;1279;1245;1279;1273;1342;1281;1352
;00:00:00;;;;;;;;;;;;;;;;;;;;;;;;;;;;;;;;;;;;;;;;;;;;;;;;;
;00:00:00;;;;;;;;;;;;;;;;;;;;;;;;;;;;;;;;;;;;;;;;;;;;;;;;;
;00:00:00;;;;;;;;;;;;;;;;;;;;;;;;;;;;;;;;;;;;;;;;;;;;;;;;;
;00:00:00;;;;;;;;;;;;;;;;;;;;;;;;;;;;;;;;;;;;;;;;;;;;;;;;;
;00:00:00;;;;;;;;;;;;;;;;;;;;;;;;;;;;;;;;;;;;;;;;;;;;;;;;;
;00:00:00;;;;;;;;;;;;;;;;;;;;;;;;;;;;;;;;;;;;;;;;;;;;;;;;;
;00:00:00;;;;;;;;;;;;;;;;;;;;;;;;;;;;;;;;;;;;;;;;;;;;;;;;;
;00:00:00;;;;;;;;;;;;;;;;;;;;;;;;;;;;;;;;;;;;;;;;;;;;;;;;;
;00:00:00;;;;;;;;;;;;;;;;;;;;;;;;;;;;;;;;;;;;;;;;;;;;;;;;;
;00:00:00;;;;;;;;;;;;;;;;;;;;;;;;;;;;;;;;;;;;;;;;;;;;;;;;;
;00:00:00;;;;;;;;;;;;;;;;;;;;;;;;;;;;;;;;;;;;;;;;;;;;;;;;;
;00:00:00;;;;;;;;;;;;;;;;;;;;;;;;;;;;;;;;;;;;;;;;;;;;;;;;;
;00:00:00;;;;;;;;;;;;;;;;;;;;;;;;;;;;;;;;;;;;;;;;;;;;;;;;;
;00:00:00;;;;;;;;;;;;;;;;;;;;;;;;;;;;;;;;;;;;;;;;;;;;;;;;;
;00:00:00;;;;;;;;;;;;;;;;;;;;;;;;;;;;;;;;;;;;;;;;;;;;;;;;;
;00:00:00;;;;;;;;;;;;;;;;;;;;;;;;;;;;;;;;;;;;;;;;;;;;;;;;;
;00:00:00;;;;;;;;;;;;;;;;;;;;;;;;;;;;;;;;;;;;;;;;;;;;;;;;;
;00:00:00;;;;;;;;;;;;;;;;;;;;;;;;;;;;;;;;;;;;;;;;;;;;;;;;;
;00:00:00;;;;;;;;;;;;;;;;;;;;;;;;;;;;;;;;;;;;;;;;;;;;;;;;;
;00:00:00;;;;;;;;;;;;;;;;;;;;;;;;;;;;;;;;;;;;;;;;;;;;;;;;;
;00:00:00;;;;;;;;;;;;;;;;;;;;;;;;;;;;;;;;;;;;;;;;;;;;;;;;;
;00:00:00;;;;;;;;;;;;;;;;;;;;;;;;;;;;;;;;;;;;;;;;;;;;;;;;;
;00:00:00;;;;;;;;;;;;;;;;;;;;;;;;;;;;;;;;;;;;;;;;;;;;;;;;;
;00:00:00;;;;;;;;;;;;;;;;;;;;;;;;;;;;;;;;;;;;;;;;;;;;;;;;;
;00:00:00;;;;;;;;;;;;;;;;;;;;;;;;;;;;;;;;;;;;;;;;;;;;;;;;;
;00:00:00;;;;;;;;;;;;;;;;;;;;;;;;;;;;;;;;;;;;;;;;;;;;;;;;;
;00:00:00;;;;;;;;;;;;;;;;;;;;;;;;;;;;;;;;;;;;;;;;;;;;;;;;;
;00:00:00;;;;;;;;;;;;;;;;;;;;;;;;;;;;;;;;;;;;;;;;;;;;;;;;;
;00:00:00;;;;;;;;;;;;;;;;;;;;;;;;;;;;;;;;;;;;;;;;;;;;;;;;;
;00:00:00;;;;;;;;;;;;;;;;;;;;;;;;;;;;;;;;;;;;;;;;;;;;;;;;;
;00:00:00;;;;;;;;;;;;;;;;;;;;;;;;;;;;;;;;;;;;;;;;;;;;;;;;;
;00:00:00;;;;;;;;;;;;;;;;;;;;;;;;;;;;;;;;;;;;;;;;;;;;;;;;;
;00:00:00;;;;;;;;;;;;;;;;;;;;;;;;;;;;;;;;;;;;;;;;;;;;;;;;;
;00:00:00;;;;;;;;;;;;;;;;;;;;;;;;;;;;;;;;;;;;;;;;;;;;;;;;;
;00:00:00;;;;;;;;;;;;;;;;;;;;;;;;;;;;;;;;;;;;;;;;;;;;;;;;;
;00:00:00;;;;;;;;;;;;;;;;;;;;;;;;;;;;;;;;;;;;;;;;;;;;;;;;;
;00:00:00;;;;;;;;;;;;;;;;;;;;;;;;;;;;;;;;;;;;;;;;;;;;;;;;;
;00:00:00;;;;;;;;;;;;;;;;;;;;;;;;;;;;;;;;;;;;;;;;;;;;;;;;;
;00:00:00;;;;;;;;;;;;;;;;;;;;;;;;;;;;;;;;;;;;;;;;;;;;;;;;;
;00:00:00;;;;;;;;;;;;;;;;;;;;;;;;;;;;;;;;;;;;;;;;;;;;;;;;;
;00:00:00;;;;;;;;;;;;;;;;;;;;;;;;;;;;;;;;;;;;;;;;;;;;;;;;;
;00:00:00;;;;;;;;;;;;;;;;;;;;;;;;;;;;;;;;;;;;;;;;;;;;;;;;;
;00:00:00;;;;;;;;;;;;;;;;;;;;;;;;;;;;;;;;;;;;;;;;;;;;;;;;;
;00:00:00;;;;;;;;;;;;;;;;;;;;;;;;;;;;;;;;;;;;;;;;;;;;;;;;;
;00:00:00;;;;;;;;;;;;;;;;;;;;;;;;;;;;;;;;;;;;;;;;;;;;;;;;;
;00:00:00;;;;;;;;;;;;;;;;;;;;;;;;;;;;;;;;;;;;;;;;;;;;;;;;;
;00:00:00;;;;;;;;;;;;;;;;;;;;;;;;;;;;;;;;;;;;;;;;;;;;;;;;;
;00:00:00;;;;;;;;;;;;;;;;;;;;;;;;;;;;;;;;;;;;;;;;;;;;;;;;;
;00:00:00;;;;;;;;;;;;;;;;;;;;;;;;;;;;;;;;;;;;;;;;;;;;;;;;;
;00:00:00;;;;;;;;;;;;;;;;;;;;;;;;;;;;;;;;;;;;;;;;;;;;;;;;;
;00:00:00;;;;;;;;;;;;;;;;;;;;;;;;;;;;;;;;;;;;;;;;;;;;;;;;;
;00:00:00;;;;;;;;;;;;;;;;;;;;;;;;;;;;;;;;;;;;;;;;;;;;;;;;;
;00:00:00;;;;;;;;;;;;;;;;;;;;;;;;;;;;;;;;;;;;;;;;;;;;;;;;;
;00:00:00;;;;;;;;;;;;;;;;;;;;;;;;;;;;;;;;;;;;;;;;;;;;;;;;;
;00:00:00;;;;;;;;;;;;;;;;;;;;;;;;;;;;;;;;;;;;;;;;;;;;;;;;;
;00:00:00;;;;;;;;;;;;;;;;;;;;;;;;;;;;;;;;;;;;;;;;;;;;;;;;;
;00:00:00;;;;;;;;;;;;;;;;;;;;;;;;;;;;;;;;;;;;;;;;;;;;;;;;;
;00:00:00;;;;;;;;;;;;;;;;;;;;;;;;;;;;;;;;;;;;;;;;;;;;;;;;;
;00:00:00;;;;;;;;;;;;;;;;;;;;;;;;;;;;;;;;;;;;;;;;;;;;;;;;;
;00:00:00;;;;;;;;;;;;;;;;;;;;;;;;;;;;;;;;;;;;;;;;;;;;;;;;;
;00:00:00;;;;;;;;;;;;;;;;;;;;;;;;;;;;;;;;;;;;;;;;;;;;;;;;;
;00:00:00;;;;;;;;;;;;;;;;;;;;;;;;;;;;;;;;;;;;;;;;;;;;;;;;;
;00:00:00;;;;;;;;;;;;;;;;;;;;;;;;;;;;;;;;;;;;;;;;;;;;;;;;;
;00:00:00;;;;;;;;;;;;;;;;;;;;;;;;;;;;;;;;;;;;;;;;;;;;;;;;;
;00:00:00;;;;;;;;;;;;;;;;;;;;;;;;;;;;;;;;;;;;;;;;;;;;;;;;;
;00:00:00;;;;;;;;;;;;;;;;;;;;;;;;;;;;;;;;;;;;;;;;;;;;;;;;;
;00:00:00;;;;;;;;;;;;;;;;;;;;;;;;;;;;;;;;;;;;;;;;;;;;;;;;;
;00:00:00;;;;;;;;;;;;;;;;;;;;;;;;;;;;;;;;;;;;;;;;;;;;;;;;;
;00:00:00;;;;;;;;;;;;;;;;;;;;;;;;;;;;;;;;;;;;;;;;;;;;;;;;;
;00:00:00;;;;;;;;;;;;;;;;;;;;;;;;;;;;;;;;;;;;;;;;;;;;;;;;;
;00:00:00;;;;;;;;;;;;;;;;;;;;;;;;;;;;;;;;;;;;;;;;;;;;;;;;;
;00:00:00;;;;;;;;;;;;;;;;;;;;;;;;;;;;;;;;;;;;;;;;;;;;;;;;;
;00:00:00;;;;;;;;;;;;;;;;;;;;;;;;;;;;;;;;;;;;;;;;;;;;;;;;;
;00:00:00;;;;;;;;;;;;;;;;;;;;;;;;;;;;;;;;;;;;;;;;;;;;;;;;;
;00:00:00;;;;;;;;;;;;;;;;;;;;;;;;;;;;;;;;;;;;;;;;;;;;;;;;;
;00:00:00;;;;;;;;;;;;;;;;;;;;;;;;;;;;;;;;;;;;;;;;;;;;;;;;;
;00:00:00;;;;;;;;;;;;;;;;;;;;;;;;;;;;;;;;;;;;;;;;;;;;;;;;;
;00:00:00;;;;;;;;;;;;;;;;;;;;;;;;;;;;;;;;;;;;;;;;;;;;;;;;;
;00:00:00;;;;;;;;;;;;;;;;;;;;;;;;;;;;;;;;;;;;;;;;;;;;;;;;;
;00:00:00;;;;;;;;;;;;;;;;;;;;;;;;;;;;;;;;;;;;;;;;;;;;;;;;;
;00:00:00;;;;;;;;;;;;;;;;;;;;;;;;;;;;;;;;;;;;;;;;;;;;;;;;;
;00:00:00;;;;;;;;;;;;;;;;;;;;;;;;;;;;;;;;;;;;;;;;;;;;;;;;;
;00:00:00;;;;;;;;;;;;;;;;;;;;;;;;;;;;;;;;;;;;;;;;;;;;;;;;;
;00:00:00;;;;;;;;;;;;;;;;;;;;;;;;;;;;;;;;;;;;;;;;;;;;;;;;;
;00:00:00;;;;;;;;;;;;;;;;;;;;;;;;;;;;;;;;;;;;;;;;;;;;;;;;;
;00:00:00;;;;;;;;;;;;;;;;;;;;;;;;;;;;;;;;;;;;;;;;;;;;;;;;;
;00:00:00;;;;;;;;;;;;;;;;;;;;;;;;;;;;;;;;;;;;;;;;;;;;;;;;;
;00:00:00;;;;;;;;;;;;;;;;;;;;;;;;;;;;;;;;;;;;;;;;;;;;;;;;;
;00:00:00;;;;;;;;;;;;;;;;;;;;;;;;;;;;;;;;;;;;;;;;;;;;;;;;;
;00:00:00;;;;;;;;;;;;;;;;;;;;;;;;;;;;;;;;;;;;;;;;;;;;;;;;;
;00:00:00;;;;;;;;;;;;;;;;;;;;;;;;;;;;;;;;;;;;;;;;;;;;;;;;;
;00:00:00;;;;;;;;;;;;;;;;;;;;;;;;;;;;;;;;;;;;;;;;;;;;;;;;;
;00:00:00;;;;;;;;;;;;;;;;;;;;;;;;;;;;;;;;;;;;;;;;;;;;;;;;;
;00:00:00;;;;;;;;;;;;;;;;;;;;;;;;;;;;;;;;;;;;;;;;;;;;;;;;;
;00:00:00;;;;;;;;;;;;;;;;;;;;;;;;;;;;;;;;;;;;;;;;;;;;;;;;;
;00:00:00;;;;;;;;;;;;;;;;;;;;;;;;;;;;;;;;;;;;;;;;;;;;;;;;;
;00:00:00;;;;;;;;;;;;;;;;;;;;;;;;;;;;;;;;;;;;;;;;;;;;;;;;;
;00:00:00;;;;;;;;;;;;;;;;;;;;;;;;;;;;;;;;;;;;;;;;;;;;;;;;;
;00:00:00;;;;;;;;;;;;;;;;;;;;;;;;;;;;;;;;;;;;;;;;;;;;;;;;;
;00:00:00;;;;;;;;;;;;;;;;;;;;;;;;;;;;;;;;;;;;;;;;;;;;;;;;;
;00:00:00;;;;;;;;;;;;;;;;;;;;;;;;;;;;;;;;;;;;;;;;;;;;;;;;;
;00:00:00;;;;;;;;;;;;;;;;;;;;;;;;;;;;;;;;;;;;;;;;;;;;;;;;;
;00:00:00;;;;;;;;;;;;;;;;;;;;;;;;;;;;;;;;;;;;;;;;;;;;;;;;;
;00:00:00;;;;;;;;;;;;;;;;;;;;;;;;;;;;;;;;;;;;;;;;;;;;;;;;;
;00:00:00;;;;;;;;;;;;;;;;;;;;;;;;;;;;;;;;;;;;;;;;;;;;;;;;;
;00:00:00;;;;;;;;;;;;;;;;;;;;;;;;;;;;;;;;;;;;;;;;;;;;;;;;;
;00:00:00;;;;;;;;;;;;;;;;;;;;;;;;;;;;;;;;;;;;;;;;;;;;;;;;;
;00:00:00;;;;;;;;;;;;;;;;;;;;;;;;;;;;;;;;;;;;;;;;;;;;;;;;;
;00:00:00;;;;;;;;;;;;;;;;;;;;;;;;;;;;;;;;;;;;;;;;;;;;;;;;;
;00:00:00;;;;;;;;;;;;;;;;;;;;;;;;;;;;;;;;;;;;;;;;;;;;;;;;;
;00:00:00;;;;;;;;;;;;;;;;;;;;;;;;;;;;;;;;;;;;;;;;;;;;;;;;;
;00:00:00;;;;;;;;;;;;;;;;;;;;;;;;;;;;;;;;;;;;;;;;;;;;;;;;;
;00:00:00;;;;;;;;;;;;;;;;;;;;;;;;;;;;;;;;;;;;;;;;;;;;;;;;;
;00:00:00;;;;;;;;;;;;;;;;;;;;;;;;;;;;;;;;;;;;;;;;;;;;;;;;;
;00:00:00;;;;;;;;;;;;;;;;;;;;;;;;;;;;;;;;;;;;;;;;;;;;;;;;;
;00:00:00;;;;;;;;;;;;;;;;;;;;;;;;;;;;;;;;;;;;;;;;;;;;;;;;;
;00:00:00;;;;;;;;;;;;;;;;;;;;;;;;;;;;;;;;;;;;;;;;;;;;;;;;;
;00:00:00;;;;;;;;;;;;;;;;;;;;;;;;;;;;;;;;;;;;;;;;;;;;;;;;;
;00:00:00;;;;;;;;;;;;;;;;;;;;;;;;;;;;;;;;;;;;;;;;;;;;;;;;;
;00:00:00;;;;;;;;;;;;;;;;;;;;;;;;;;;;;;;;;;;;;;;;;;;;;;;;;
;00:00:00;;;;;;;;;;;;;;;;;;;;;;;;;;;;;;;;;;;;;;;;;;;;;;;;;
;00:00:00;;;;;;;;;;;;;;;;;;;;;;;;;;;;;;;;;;;;;;;;;;;;;;;;;
;00:00:00;;;;;;;;;;;;;;;;;;;;;;;;;;;;;;;;;;;;;;;;;;;;;;;;;
;00:00:00;;;;;;;;;;;;;;;;;;;;;;;;;;;;;;;;;;;;;;;;;;;;;;;;;
;00:00:00;;;;;;;;;;;;;;;;;;;;;;;;;;;;;;;;;;;;;;;;;;;;;;;;;
;00:00:00;;;;;;;;;;;;;;;;;;;;;;;;;;;;;;;;;;;;;;;;;;;;;;;;;
;00:00:00;;;;;;;;;;;;;;;;;;;;;;;;;;;;;;;;;;;;;;;;;;;;;;;;;
;00:00:00;;;;;;;;;;;;;;;;;;;;;;;;;;;;;;;;;;;;;;;;;;;;;;;;;
;00:00:00;;;;;;;;;;;;;;;;;;;;;;;;;;;;;;;;;;;;;;;;;;;;;;;;;
;00:00:00;;;;;;;;;;;;;;;;;;;;;;;;;;;;;;;;;;;;;;;;;;;;;;;;;
;00:00:00;;;;;;;;;;;;;;;;;;;;;;;;;;;;;;;;;;;;;;;;;;;;;;;;;
;00:00:00;;;;;;;;;;;;;;;;;;;;;;;;;;;;;;;;;;;;;;;;;;;;;;;;;
;00:00:00;;;;;;;;;;;;;;;;;;;;;;;;;;;;;;;;;;;;;;;;;;;;;;;;;
;00:00:00;;;;;;;;;;;;;;;;;;;;;;;;;;;;;;;;;;;;;;;;;;;;;;;;;
;00:00:00;;;;;;;;;;;;;;;;;;;;;;;;;;;;;;;;;;;;;;;;;;;;;;;;;
;00:00:00;;;;;;;;;;;;;;;;;;;;;;;;;;;;;;;;;;;;;;;;;;;;;;;;;
;00:00:00;;;;;;;;;;;;;;;;;;;;;;;;;;;;;;;;;;;;;;;;;;;;;;;;;
;00:00:00;;;;;;;;;;;;;;;;;;;;;;;;;;;;;;;;;;;;;;;;;;;;;;;;;
;00:00:00;;;;;;;;;;;;;;;;;;;;;;;;;;;;;;;;;;;;;;;;;;;;;;;;;
;00:00:00;;;;;;;;;;;;;;;;;;;;;;;;;;;;;;;;;;;;;;;;;;;;;;;;;
;00:00:00;;;;;;;;;;;;;;;;;;;;;;;;;;;;;;;;;;;;;;;;;;;;;;;;;
;00:00:00;;;;;;;;;;;;;;;;;;;;;;;;;;;;;;;;;;;;;;;;;;;;;;;;;
;00:00:00;;;;;;;;;;;;;;;;;;;;;;;;;;;;;;;;;;;;;;;;;;;;;;;;;
;00:00:00;;;;;;;;;;;;;;;;;;;;;;;;;;;;;;;;;;;;;;;;;;;;;;;;;
;00:00:00;;;;;;;;;;;;;;;;;;;;;;;;;;;;;;;;;;;;;;;;;;;;;;;;;
;00:00:00;;;;;;;;;;;;;;;;;;;;;;;;;;;;;;;;;;;;;;;;;;;;;;;;;
;00:00:00;;;;;;;;;;;;;;;;;;;;;;;;;;;;;;;;;;;;;;;;;;;;;;;;;
;00:00:00;;;;;;;;;;;;;;;;;;;;;;;;;;;;;;;;;;;;;;;;;;;;;;;;;
;00:00:00;;;;;;;;;;;;;;;;;;;;;;;;;;;;;;;;;;;;;;;;;;;;;;;;;
;00:00:00;;;;;;;;;;;;;;;;;;;;;;;;;;;;;;;;;;;;;;;;;;;;;;;;;
;00:00:00;;;;;;;;;;;;;;;;;;;;;;;;;;;;;;;;;;;;;;;;;;;;;;;;;
;00:00:00;;;;;;;;;;;;;;;;;;;;;;;;;;;;;;;;;;;;;;;;;;;;;;;;;
;00:00:00;;;;;;;;;;;;;;;;;;;;;;;;;;;;;;;;;;;;;;;;;;;;;;;;;
;00:00:00;;;;;;;;;;;;;;;;;;;;;;;;;;;;;;;;;;;;;;;;;;;;;;;;;
;00:00:00;;;;;;;;;;;;;;;;;;;;;;;;;;;;;;;;;;;;;;;;;;;;;;;;;
;00:00:00;;;;;;;;;;;;;;;;;;;;;;;;;;;;;;;;;;;;;;;;;;;;;;;;;
;00:00:00;;;;;;;;;;;;;;;;;;;;;;;;;;;;;;;;;;;;;;;;;;;;;;;;;
;00:00:00;;;;;;;;;;;;;;;;;;;;;;;;;;;;;;;;;;;;;;;;;;;;;;;;;
;00:00:00;;;;;;;;;;;;;;;;;;;;;;;;;;;;;;;;;;;;;;;;;;;;;;;;;
;00:00:00;;;;;;;;;;;;;;;;;;;;;;;;;;;;;;;;;;;;;;;;;;;;;;;;;
;00:00:00;;;;;;;;;;;;;;;;;;;;;;;;;;;;;;;;;;;;;;;;;;;;;;;;;
;00:00:00;;;;;;;;;;;;;;;;;;;;;;;;;;;;;;;;;;;;;;;;;;;;;;;;;
;00:00:00;;;;;;;;;;;;;;;;;;;;;;;;;;;;;;;;;;;;;;;;;;;;;;;;;
;00:00:00;;;;;;;;;;;;;;;;;;;;;;;;;;;;;;;;;;;;;;;;;;;;;;;;;
;00:00:00;;;;;;;;;;;;;;;;;;;;;;;;;;;;;;;;;;;;;;;;;;;;;;;;;
;00:00:00;;;;;;;;;;;;;;;;;;;;;;;;;;;;;;;;;;;;;;;;;;;;;;;;;
;00:00:00;;;;;;;;;;;;;;;;;;;;;;;;;;;;;;;;;;;;;;;;;;;;;;;;;
;00:00:00;;;;;;;;;;;;;;;;;;;;;;;;;;;;;;;;;;;;;;;;;;;;;;;;;
;00:00:00;;;;;;;;;;;;;;;;;;;;;;;;;;;;;;;;;;;;;;;;;;;;;;;;;
;00:00:00;;;;;;;;;;;;;;;;;;;;;;;;;;;;;;;;;;;;;;;;;;;;;;;;;
;00:00:00;;;;;;;;;;;;;;;;;;;;;;;;;;;;;;;;;;;;;;;;;;;;;;;;;
;00:00:00;;;;;;;;;;;;;;;;;;;;;;;;;;;;;;;;;;;;;;;;;;;;;;;;;
;00:00:00;;;;;;;;;;;;;;;;;;;;;;;;;;;;;;;;;;;;;;;;;;;;;;;;;
;00:00:00;;;;;;;;;;;;;;;;;;;;;;;;;;;;;;;;;;;;;;;;;;;;;;;;;
;00:00:00;;;;;;;;;;;;;;;;;;;;;;;;;;;;;;;;;;;;;;;;;;;;;;;;;
;00:00:00;;;;;;;;;;;;;;;;;;;;;;;;;;;;;;;;;;;;;;;;;;;;;;;;;
;00:00:00;;;;;;;;;;;;;;;;;;;;;;;;;;;;;;;;;;;;;;;;;;;;;;;;;
;00:00:00;;;;;;;;;;;;;;;;;;;;;;;;;;;;;;;;;;;;;;;;;;;;;;;;;
;00:00:00;;;;;;;;;;;;;;;;;;;;;;;;;;;;;;;;;;;;;;;;;;;;;;;;;
;00:00:00;;;;;;;;;;;;;;;;;;;;;;;;;;;;;;;;;;;;;;;;;;;;;;;;;
;00:00:00;;;;;;;;;;;;;;;;;;;;;;;;;;;;;;;;;;;;;;;;;;;;;;;;;
;00:00:00;;;;;;;;;;;;;;;;;;;;;;;;;;;;;;;;;;;;;;;;;;;;;;;;;
;00:00:00;;;;;;;;;;;;;;;;;;;;;;;;;;;;;;;;;;;;;;;;;;;;;;;;;
;00:00:00;;;;;;;;;;;;;;;;;;;;;;;;;;;;;;;;;;;;;;;;;;;;;;;;;
;00:00:00;;;;;;;;;;;;;;;;;;;;;;;;;;;;;;;;;;;;;;;;;;;;;;;;;
;00:00:00;;;;;;;;;;;;;;;;;;;;;;;;;;;;;;;;;;;;;;;;;;;;;;;;;
;00:00:00;;;;;;;;;;;;;;;;;;;;;;;;;;;;;;;;;;;;;;;;;;;;;;;;;
;00:00:00;;;;;;;;;;;;;;;;;;;;;;;;;;;;;;;;;;;;;;;;;;;;;;;;;
;00:00:00;;;;;;;;;;;;;;;;;;;;;;;;;;;;;;;;;;;;;;;;;;;;;;;;;
;00:00:00;;;;;;;;;;;;;;;;;;;;;;;;;;;;;;;;;;;;;;;;;;;;;;;;;
;00:00:00;;;;;;;;;;;;;;;;;;;;;;;;;;;;;;;;;;;;;;;;;;;;;;;;;
;00:00:00;;;;;;;;;;;;;;;;;;;;;;;;;;;;;;;;;;;;;;;;;;;;;;;;;
;00:00:00;;;;;;;;;;;;;;;;;;;;;;;;;;;;;;;;;;;;;;;;;;;;;;;;;
;00:00:00;;;;;;;;;;;;;;;;;;;;;;;;;;;;;;;;;;;;;;;;;;;;;;;;;
;00:00:00;;;;;;;;;;;;;;;;;;;;;;;;;;;;;;;;;;;;;;;;;;;;;;;;;
;00:00:00;;;;;;;;;;;;;;;;;;;;;;;;;;;;;;;;;;;;;;;;;;;;;;;;;
;00:00:00;;;;;;;;;;;;;;;;;;;;;;;;;;;;;;;;;;;;;;;;;;;;;;;;;
;00:00:00;;;;;;;;;;;;;;;;;;;;;;;;;;;;;;;;;;;;;;;;;;;;;;;;;
;00:00:00;;;;;;;;;;;;;;;;;;;;;;;;;;;;;;;;;;;;;;;;;;;;;;;;;
;00:00:00;;;;;;;;;;;;;;;;;;;;;;;;;;;;;;;;;;;;;;;;;;;;;;;;;
;00:00:00;;;;;;;;;;;;;;;;;;;;;;;;;;;;;;;;;;;;;;;;;;;;;;;;;
;00:00:00;;;;;;;;;;;;;;;;;;;;;;;;;;;;;;;;;;;;;;;;;;;;;;;;;
;00:00:00;;;;;;;;;;;;;;;;;;;;;;;;;;;;;;;;;;;;;;;;;;;;;;;;;
;00:00:00;;;;;;;;;;;;;;;;;;;;;;;;;;;;;;;;;;;;;;;;;;;;;;;;;
;00:00:00;;;;;;;;;;;;;;;;;;;;;;;;;;;;;;;;;;;;;;;;;;;;;;;;;
;00:00:00;;;;;;;;;;;;;;;;;;;;;;;;;;;;;;;;;;;;;;;;;;;;;;;;;
;00:00:00;;;;;;;;;;;;;;;;;;;;;;;;;;;;;;;;;;;;;;;;;;;;;;;;;
;00:00:00;;;;;;;;;;;;;;;;;;;;;;;;;;;;;;;;;;;;;;;;;;;;;;;;;
;00:00:00;;;;;;;;;;;;;;;;;;;;;;;;;;;;;;;;;;;;;;;;;;;;;;;;;
;00:00:00;;;;;;;;;;;;;;;;;;;;;;;;;;;;;;;;;;;;;;;;;;;;;;;;;
;00:00:00;;;;;;;;;;;;;;;;;;;;;;;;;;;;;;;;;;;;;;;;;;;;;;;;;
;00:00:00;;;;;;;;;;;;;;;;;;;;;;;;;;;;;;;;;;;;;;;;;;;;;;;;;
;00:00:00;;;;;;;;;;;;;;;;;;;;;;;;;;;;;;;;;;;;;;;;;;;;;;;;;
;00:00:00;;;;;;;;;;;;;;;;;;;;;;;;;;;;;;;;;;;;;;;;;;;;;;;;;
;00:00:00;;;;;;;;;;;;;;;;;;;;;;;;;;;;;;;;;;;;;;;;;;;;;;;;;
;00:00:00;;;;;;;;;;;;;;;;;;;;;;;;;;;;;;;;;;;;;;;;;;;;;;;;;
;00:00:00;;;;;;;;;;;;;;;;;;;;;;;;;;;;;;;;;;;;;;;;;;;;;;;;;
;00:00:00;;;;;;;;;;;;;;;;;;;;;;;;;;;;;;;;;;;;;;;;;;;;;;;;;
;00:00:00;;;;;;;;;;;;;;;;;;;;;;;;;;;;;;;;;;;;;;;;;;;;;;;;;
;00:00:00;;;;;;;;;;;;;;;;;;;;;;;;;;;;;;;;;;;;;;;;;;;;;;;;;
;00:00:00;;;;;;;;;;;;;;;;;;;;;;;;;;;;;;;;;;;;;;;;;;;;;;;;;
;00:00:00;;;;;;;;;;;;;;;;;;;;;;;;;;;;;;;;;;;;;;;;;;;;;;;;;
;00:00:00;;;;;;;;;;;;;;;;;;;;;;;;;;;;;;;;;;;;;;;;;;;;;;;;;
;00:00:00;;;;;;;;;;;;;;;;;;;;;;;;;;;;;;;;;;;;;;;;;;;;;;;;;
;00:00:00;;;;;;;;;;;;;;;;;;;;;;;;;;;;;;;;;;;;;;;;;;;;;;;;;
;00:00:00;;;;;;;;;;;;;;;;;;;;;;;;;;;;;;;;;;;;;;;;;;;;;;;;;
;00:00:00;;;;;;;;;;;;;;;;;;;;;;;;;;;;;;;;;;;;;;;;;;;;;;;;;
;00:00:00;;;;;;;;;;;;;;;;;;;;;;;;;;;;;;;;;;;;;;;;;;;;;;;;;
;00:00:00;;;;;;;;;;;;;;;;;;;;;;;;;;;;;;;;;;;;;;;;;;;;;;;;;
;00:00:00;;;;;;;;;;;;;;;;;;;;;;;;;;;;;;;;;;;;;;;;;;;;;;;;;
;00:00:00;;;;;;;;;;;;;;;;;;;;;;;;;;;;;;;;;;;;;;;;;;;;;;;;;
;00:00:00;;;;;;;;;;;;;;;;;;;;;;;;;;;;;;;;;;;;;;;;;;;;;;;;;
;00:00:00;;;;;;;;;;;;;;;;;;;;;;;;;;;;;;;;;;;;;;;;;;;;;;;;;
;00:00:00;;;;;;;;;;;;;;;;;;;;;;;;;;;;;;;;;;;;;;;;;;;;;;;;;
;00:00:00;;;;;;;;;;;;;;;;;;;;;;;;;;;;;;;;;;;;;;;;;;;;;;;;;
;00:00:00;;;;;;;;;;;;;;;;;;;;;;;;;;;;;;;;;;;;;;;;;;;;;;;;;
;00:00:00;;;;;;;;;;;;;;;;;;;;;;;;;;;;;;;;;;;;;;;;;;;;;;;;;
;00:00:00;;;;;;;;;;;;;;;;;;;;;;;;;;;;;;;;;;;;;;;;;;;;;;;;;
;00:00:00;;;;;;;;;;;;;;;;;;;;;;;;;;;;;;;;;;;;;;;;;;;;;;;;;
;00:00:00;;;;;;;;;;;;;;;;;;;;;;;;;;;;;;;;;;;;;;;;;;;;;;;;;
;00:00:00;;;;;;;;;;;;;;;;;;;;;;;;;;;;;;;;;;;;;;;;;;;;;;;;;
;00:00:00;;;;;;;;;;;;;;;;;;;;;;;;;;;;;;;;;;;;;;;;;;;;;;;;;
;00:00:00;;;;;;;;;;;;;;;;;;;;;;;;;;;;;;;;;;;;;;;;;;;;;;;;;
;00:00:00;;;;;;;;;;;;;;;;;;;;;;;;;;;;;;;;;;;;;;;;;;;;;;;;;
;00:00:00;;;;;;;;;;;;;;;;;;;;;;;;;;;;;;;;;;;;;;;;;;;;;;;;;
;00:00:00;;;;;;;;;;;;;;;;;;;;;;;;;;;;;;;;;;;;;;;;;;;;;;;;;
;00:00:00;;;;;;;;;;;;;;;;;;;;;;;;;;;;;;;;;;;;;;;;;;;;;;;;;
;00:00:00;;;;;;;;;;;;;;;;;;;;;;;;;;;;;;;;;;;;;;;;;;;;;;;;;
;00:00:00;;;;;;;;;;;;;;;;;;;;;;;;;;;;;;;;;;;;;;;;;;;;;;;;;
;00:00:00;;;;;;;;;;;;;;;;;;;;;;;;;;;;;;;;;;;;;;;;;;;;;;;;;
;00:00:00;;;;;;;;;;;;;;;;;;;;;;;;;;;;;;;;;;;;;;;;;;;;;;;;;
;00:00:00;;;;;;;;;;;;;;;;;;;;;;;;;;;;;;;;;;;;;;;;;;;;;;;;;
;00:00:00;;;;;;;;;;;;;;;;;;;;;;;;;;;;;;;;;;;;;;;;;;;;;;;;;
;00:00:00;;;;;;;;;;;;;;;;;;;;;;;;;;;;;;;;;;;;;;;;;;;;;;;;;
;00:00:00;;;;;;;;;;;;;;;;;;;;;;;;;;;;;;;;;;;;;;;;;;;;;;;;;
;00:00:00;;;;;;;;;;;;;;;;;;;;;;;;;;;;;;;;;;;;;;;;;;;;;;;;;
;00:00:00;;;;;;;;;;;;;;;;;;;;;;;;;;;;;;;;;;;;;;;;;;;;;;;;;
;00:00:00;;;;;;;;;;;;;;;;;;;;;;;;;;;;;;;;;;;;;;;;;;;;;;;;;
;00:00:00;;;;;;;;;;;;;;;;;;;;;;;;;;;;;;;;;;;;;;;;;;;;;;;;;
;00:00:00;;;;;;;;;;;;;;;;;;;;;;;;;;;;;;;;;;;;;;;;;;;;;;;;;
;00:00:00;;;;;;;;;;;;;;;;;;;;;;;;;;;;;;;;;;;;;;;;;;;;;;;;;
;00:00:00;;;;;;;;;;;;;;;;;;;;;;;;;;;;;;;;;;;;;;;;;;;;;;;;;
;00:00:00;;;;;;;;;;;;;;;;;;;;;;;;;;;;;;;;;;;;;;;;;;;;;;;;;
;00:00:00;;;;;;;;;;;;;;;;;;;;;;;;;;;;;;;;;;;;;;;;;;;;;;;;;
;00:00:00;;;;;;;;;;;;;;;;;;;;;;;;;;;;;;;;;;;;;;;;;;;;;;;;;
;00:00:00;;;;;;;;;;;;;;;;;;;;;;;;;;;;;;;;;;;;;;;;;;;;;;;;;
;00:00:00;;;;;;;;;;;;;;;;;;;;;;;;;;;;;;;;;;;;;;;;;;;;;;;;;
;00:00:00;;;;;;;;;;;;;;;;;;;;;;;;;;;;;;;;;;;;;;;;;;;;;;;;;
;00:00:00;;;;;;;;;;;;;;;;;;;;;;;;;;;;;;;;;;;;;;;;;;;;;;;;;
;00:00:00;;;;;;;;;;;;;;;;;;;;;;;;;;;;;;;;;;;;;;;;;;;;;;;;;
;00:00:00;;;;;;;;;;;;;;;;;;;;;;;;;;;;;;;;;;;;;;;;;;;;;;;;;
;00:00:00;;;;;;;;;;;;;;;;;;;;;;;;;;;;;;;;;;;;;;;;;;;;;;;;;
;00:00:00;;;;;;;;;;;;;;;;;;;;;;;;;;;;;;;;;;;;;;;;;;;;;;;;;
;00:00:00;;;;;;;;;;;;;;;;;;;;;;;;;;;;;;;;;;;;;;;;;;;;;;;;;
;00:00:00;;;;;;;;;;;;;;;;;;;;;;;;;;;;;;;;;;;;;;;;;;;;;;;;;
;00:00:00;;;;;;;;;;;;;;;;;;;;;;;;;;;;;;;;;;;;;;;;;;;;;;;;;
;00:00:00;;;;;;;;;;;;;;;;;;;;;;;;;;;;;;;;;;;;;;;;;;;;;;;;;
;00:00:00;;;;;;;;;;;;;;;;;;;;;;;;;;;;;;;;;;;;;;;;;;;;;;;;;
;00:00:00;;;;;;;;;;;;;;;;;;;;;;;;;;;;;;;;;;;;;;;;;;;;;;;;;
;00:00:00;;;;;;;;;;;;;;;;;;;;;;;;;;;;;;;;;;;;;;;;;;;;;;;;;
;00:00:00;;;;;;;;;;;;;;;;;;;;;;;;;;;;;;;;;;;;;;;;;;;;;;;;;
;00:00:00;;;;;;;;;;;;;;;;;;;;;;;;;;;;;;;;;;;;;;;;;;;;;;;;;
;00:00:00;;;;;;;;;;;;;;;;;;;;;;;;;;;;;;;;;;;;;;;;;;;;;;;;;
;00:00:00;;;;;;;;;;;;;;;;;;;;;;;;;;;;;;;;;;;;;;;;;;;;;;;;;
;00:00:00;;;;;;;;;;;;;;;;;;;;;;;;;;;;;;;;;;;;;;;;;;;;;;;;;
;00:00:00;;;;;;;;;;;;;;;;;;;;;;;;;;;;;;;;;;;;;;;;;;;;;;;;;
;00:00:00;;;;;;;;;;;;;;;;;;;;;;;;;;;;;;;;;;;;;;;;;;;;;;;;;
;00:00:00;;;;;;;;;;;;;;;;;;;;;;;;;;;;;;;;;;;;;;;;;;;;;;;;;
;00:00:00;;;;;;;;;;;;;;;;;;;;;;;;;;;;;;;;;;;;;;;;;;;;;;;;;
;00:00:00;;;;;;;;;;;;;;;;;;;;;;;;;;;;;;;;;;;;;;;;;;;;;;;;;
;00:00:00;;;;;;;;;;;;;;;;;;;;;;;;;;;;;;;;;;;;;;;;;;;;;;;;;
;00:00:00;;;;;;;;;;;;;;;;;;;;;;;;;;;;;;;;;;;;;;;;;;;;;;;;;
;00:00:00;;;;;;;;;;;;;;;;;;;;;;;;;;;;;;;;;;;;;;;;;;;;;;;;;
;00:00:00;;;;;;;;;;;;;;;;;;;;;;;;;;;;;;;;;;;;;;;;;;;;;;;;;
;00:00:00;;;;;;;;;;;;;;;;;;;;;;;;;;;;;;;;;;;;;;;;;;;;;;;;;
;00:00:00;;;;;;;;;;;;;;;;;;;;;;;;;;;;;;;;;;;;;;;;;;;;;;;;;
;00:00:00;;;;;;;;;;;;;;;;;;;;;;;;;;;;;;;;;;;;;;;;;;;;;;;;;
;00:00:00;;;;;;;;;;;;;;;;;;;;;;;;;;;;;;;;;;;;;;;;;;;;;;;;;
;00:00:00;;;;;;;;;;;;;;;;;;;;;;;;;;;;;;;;;;;;;;;;;;;;;;;;;
;00:00:00;;;;;;;;;;;;;;;;;;;;;;;;;;;;;;;;;;;;;;;;;;;;;;;;;
;00:00:00;;;;;;;;;;;;;;;;;;;;;;;;;;;;;;;;;;;;;;;;;;;;;;;;;
;00:00:00;;;;;;;;;;;;;;;;;;;;;;;;;;;;;;;;;;;;;;;;;;;;;;;;;
;00:00:00;;;;;;;;;;;;;;;;;;;;;;;;;;;;;;;;;;;;;;;;;;;;;;;;;
;00:00:00;;;;;;;;;;;;;;;;;;;;;;;;;;;;;;;;;;;;;;;;;;;;;;;;;
;00:00:00;;;;;;;;;;;;;;;;;;;;;;;;;;;;;;;;;;;;;;;;;;;;;;;;;
;00:00:00;;;;;;;;;;;;;;;;;;;;;;;;;;;;;;;;;;;;;;;;;;;;;;;;;
;00:00:00;;;;;;;;;;;;;;;;;;;;;;;;;;;;;;;;;;;;;;;;;;;;;;;;;
;00:00:00;;;;;;;;;;;;;;;;;;;;;;;;;;;;;;;;;;;;;;;;;;;;;;;;;
;00:00:00;;;;;;;;;;;;;;;;;;;;;;;;;;;;;;;;;;;;;;;;;;;;;;;;;
;00:00:00;;;;;;;;;;;;;;;;;;;;;;;;;;;;;;;;;;;;;;;;;;;;;;;;;
;00:00:00;;;;;;;;;;;;;;;;;;;;;;;;;;;;;;;;;;;;;;;;;;;;;;;;;
;00:00:00;;;;;;;;;;;;;;;;;;;;;;;;;;;;;;;;;;;;;;;;;;;;;;;;;
;00:00:00;;;;;;;;;;;;;;;;;;;;;;;;;;;;;;;;;;;;;;;;;;;;;;;;;
;00:00:00;;;;;;;;;;;;;;;;;;;;;;;;;;;;;;;;;;;;;;;;;;;;;;;;;
;00:00:00;;;;;;;;;;;;;;;;;;;;;;;;;;;;;;;;;;;;;;;;;;;;;;;;;
;00:00:00;;;;;;;;;;;;;;;;;;;;;;;;;;;;;;;;;;;;;;;;;;;;;;;;;
;00:00:00;;;;;;;;;;;;;;;;;;;;;;;;;;;;;;;;;;;;;;;;;;;;;;;;;
;00:00:00;;;;;;;;;;;;;;;;;;;;;;;;;;;;;;;;;;;;;;;;;;;;;;;;;
;00:00:00;;;;;;;;;;;;;;;;;;;;;;;;;;;;;;;;;;;;;;;;;;;;;;;;;
;00:00:00;;;;;;;;;;;;;;;;;;;;;;;;;;;;;;;;;;;;;;;;;;;;;;;;;
;00:00:00;;;;;;;;;;;;;;;;;;;;;;;;;;;;;;;;;;;;;;;;;;;;;;;;;
;00:00:00;;;;;;;;;;;;;;;;;;;;;;;;;;;;;;;;;;;;;;;;;;;;;;;;;
;00:00:00;;;;;;;;;;;;;;;;;;;;;;;;;;;;;;;;;;;;;;;;;;;;;;;;;
;00:00:00;;;;;;;;;;;;;;;;;;;;;;;;;;;;;;;;;;;;;;;;;;;;;;;;;
;00:00:00;;;;;;;;;;;;;;;;;;;;;;;;;;;;;;;;;;;;;;;;;;;;;;;;;
;00:00:00;;;;;;;;;;;;;;;;;;;;;;;;;;;;;;;;;;;;;;;;;;;;;;;;;
;00:00:00;;;;;;;;;;;;;;;;;;;;;;;;;;;;;;;;;;;;;;;;;;;;;;;;;
;00:00:00;;;;;;;;;;;;;;;;;;;;;;;;;;;;;;;;;;;;;;;;;;;;;;;;;
;00:00:00;;;;;;;;;;;;;;;;;;;;;;;;;;;;;;;;;;;;;;;;;;;;;;;;;
;00:00:00;;;;;;;;;;;;;;;;;;;;;;;;;;;;;;;;;;;;;;;;;;;;;;;;;
;00:00:00;;;;;;;;;;;;;;;;;;;;;;;;;;;;;;;;;;;;;;;;;;;;;;;;;
;00:00:00;;;;;;;;;;;;;;;;;;;;;;;;;;;;;;;;;;;;;;;;;;;;;;;;;
;00:00:00;;;;;;;;;;;;;;;;;;;;;;;;;;;;;;;;;;;;;;;;;;;;;;;;;
;00:00:00;;;;;;;;;;;;;;;;;;;;;;;;;;;;;;;;;;;;;;;;;;;;;;;;;
;00:00:00;;;;;;;;;;;;;;;;;;;;;;;;;;;;;;;;;;;;;;;;;;;;;;;;;
;00:00:00;;;;;;;;;;;;;;;;;;;;;;;;;;;;;;;;;;;;;;;;;;;;;;;;;
;00:00:00;;;;;;;;;;;;;;;;;;;;;;;;;;;;;;;;;;;;;;;;;;;;;;;;;
;00:00:00;;;;;;;;;;;;;;;;;;;;;;;;;;;;;;;;;;;;;;;;;;;;;;;;;
;00:00:00;;;;;;;;;;;;;;;;;;;;;;;;;;;;;;;;;;;;;;;;;;;;;;;;;
;00:00:00;;;;;;;;;;;;;;;;;;;;;;;;;;;;;;;;;;;;;;;;;;;;;;;;;
;00:00:00;;;;;;;;;;;;;;;;;;;;;;;;;;;;;;;;;;;;;;;;;;;;;;;;;
;00:00:00;;;;;;;;;;;;;;;;;;;;;;;;;;;;;;;;;;;;;;;;;;;;;;;;;
;00:00:00;;;;;;;;;;;;;;;;;;;;;;;;;;;;;;;;;;;;;;;;;;;;;;;;;
;00:00:00;;;;;;;;;;;;;;;;;;;;;;;;;;;;;;;;;;;;;;;;;;;;;;;;;
;00:00:00;;;;;;;;;;;;;;;;;;;;;;;;;;;;;;;;;;;;;;;;;;;;;;;;;
;00:00:00;;;;;;;;;;;;;;;;;;;;;;;;;;;;;;;;;;;;;;;;;;;;;;;;;
;00:00:00;;;;;;;;;;;;;;;;;;;;;;;;;;;;;;;;;;;;;;;;;;;;;;;;;
;00:00:00;;;;;;;;;;;;;;;;;;;;;;;;;;;;;;;;;;;;;;;;;;;;;;;;;
;00:00:00;;;;;;;;;;;;;;;;;;;;;;;;;;;;;;;;;;;;;;;;;;;;;;;;;
;;;;;;;;;;;;;;;;;;;;;;;;;;;;;;;;;;;;;;;;;;;;;;;;;;
Read 3:587,610;;;;;;;;;;;;;;;;;;;;;;;;;;;;;;;;;;;;;;;;;;;;;;;;;;
;;;;;;;;;;;;;;;;;;;;;;;;;;;;;;;;;;;;;;;;;;;;;;;;;;
;Time;T° Read 3:587,610;A1;A2;A3;A4;A5;A6;A7;A8;B1;B2;B3;B4;B5;B6;B7;B8;C1;C2;C3;C4;C5;C6;C7;C8;D1;D2;D3;D4;D5;D6;D7;D8;E1;E2;E3;E4;E5;E6;E7;E8;F1;F2;F3;F4;F5;F6;F7;F8
;00:05:30;37;290;280;375;256;384;323;282;298;279;291;222;293;269;342;285;333;217;321;347;141;188;270;236;249;248;315;365;282;188;235;295;429;207;183;252;242;199;317;273;209;282;413;278;359;198;152;214;270
;00:11:30;36,9;131;371;323;250;291;308;272;158;257;250;349;279;280;293;272;288;312;278;261;228;223;278;187;243;209;277;416;367;401;210;415;286;284;285;302;359;326;222;281;311;214;361;279;364;310;244;247;435
;00:17:30;37;323;290;211;332;233;259;261;220;252;346;279;347;216;354;192;187;316;290;272;358;321;401;281;194;236;265;375;312;264;273;261;226;293;340;278;251;342;172;253;135;293;286;391;171;188;364;322;215
;00:23:30;37;153;372;352;338;238;371;267;317;232;154;275;245;228;161;352;330;295;330;244;282;213;239;181;216;231;294;367;183;296;308;363;395;329;270;287;259;270;159;261;154;280;270;343;149;291;246;349;230
;00:29:30;37;200;390;148;276;259;255;234;262;373;455;372;356;251;276;416;192;372;285;330;290;232;323;388;419;239;266;352;381;170;289;200;265;193;297;293;323;366;432;220;275;168;283;179;245;207;300;474;389
;00:35:30;37;263;239;226;152;241;153;432;267;256;266;280;244;291;178;286;409;282;267;317;263;277;312;183;287;309;280;241;198;232;255;287;262;307;269;206;306;325;322;264;404;187;251;404;361;319;316;271;185
;00:41:30;37;240;396;256;219;353;251;234;151;220;324;288;221;182;320;270;246;339;256;274;173;195;274;238;304;235;208;259;227;301;227;289;225;248;259;317;185;291;271;306;237;284;272;149;270;276;262;287;195
;00:47:30;37;204;81;253;272;249;233;247;273;210;255;197;443;285;249;133;304;284;240;333;374;348;266;366;151;279;251;189;221;459;167;167;274;263;404;345;334;175;284;339;260;309;176;179;303;214;301;380;211
;00:53:30;37;283;225;249;294;302;301;339;251;194;214;196;211;320;284;212;299;163;275;236;233;202;251;298;261;281;463;217;167;346;360;334;247;138;170;341;167;309;289;338;317;374;266;165;200;360;240;260;334
;00:59:30;37,1;271;352;153;293;332;225;190;283;182;238;234;202;279;311;283;269;396;221;346;227;304;327;212;256;290;289;248;191;219;342;223;260;259;220;189;226;253;187;267;293;235;242;162;325;307;209;323;209
;01:05:30;37;289;260;214;303;257;286;261;375;322;277;310;289;221;218;322;429;214;380;361;315;232;370;358;266;244;241;326;250;330;214;249;294;233;256;291;286;262;233;186;293;295;451;366;267;251;208;180;315
;01:11:30;37;355;382;147;263;165;180;212;315;272;198;267;217;276;273;308;237;350;197;240;297;284;195;255;263;130;167;198;144;234;200;314;261;347;245;285;306;206;246;370;202;229;256;311;243;185;278;202;150
;01:17:30;37;139;227;214;252;248;266;232;226;200;391;319;123;293;255;146;190;326;133;238;251;340;276;228;200;159;212;431;246;211;248;237;189;160;123;216;333;202;265;125;300;310;265;238;216;174;85;184;218
;01:23:30;37,1;259;348;250;217;244;309;145;323;280;320;296;229;328;319;168;217;205;210;348;247;347;296;323;281;223;150;186;255;166;259;129;253;306;197;221;229;242;262;346;242;186;228;221;253;315;438;195;295
;01:29:30;37;201;238;344;194;223;275;252;414;250;209;133;250;303;294;264;243;328;278;171;232;285;310;209;341;209;273;322;291;207;223;319;311;371;207;248;397;139;185;312;203;240;281;272;147;319;308;280;196
;01:35:30;37;103;219;222;244;279;208;314;362;328;308;268;289;256;248;272;268;305;240;253;298;147;253;273;284;248;174;333;320;290;258;295;189;301;261;209;332;364;272;374;231;254;281;219;246;430;255;185;291
;01:41:30;37;246;278;232;124;198;257;318;322;208;414;176;193;159;203;237;182;343;216;174;249;234;227;337;348;431;293;276;343;174;333;252;210;288;372;368;338;234;357;255;218;319;190;215;282;255;272;223;405
;01:47:30;37;174;313;210;209;243;281;287;110;249;300;278;331;320;156;294;149;284;237;236;271;215;197;168;319;202;233;243;357;224;202;147;254;392;257;212;293;214;222;192;211;368;256;220;216;287;193;130;202
;01:53:30;37;260;254;132;324;223;175;410;243;311;178;209;188;250;225;268;239;300;293;265;306;179;210;297;206;273;309;229;260;278;274;332;335;197;213;296;248;178;334;152;216;350;298;317;290;162;131;162;290
;01:59:30;37,1;174;373;279;312;251;381;296;275;225;232;246;319;235;128;173;352;174;268;189;251;251;251;132;256;284;165;210;244;178;230;240;221;195;254;341;243;230;149;225;287;217;223;163;272;366;271;250;201
;02:05:30;37;299;329;282;298;183;295;243;360;147;240;270;302;196;260;257;227;262;228;193;237;287;308;235;169;309;283;301;275;232;192;260;246;234;160;238;324;188;438;165;161;236;112;280;219;296;140;320;303
;02:11:30;37;202;159;288;269;215;273;190;249;188;165;252;236;238;239;285;326;283;267;163;209;309;211;314;188;156;312;150;136;243;225;238;328;217;230;362;321;245;277;262;287;321;203;213;232;166;267;225;304
;02:17:30;37;207;174;316;268;266;178;251;122;236;237;186;202;260;277;222;145;109;257;228;237;197;332;149;234;248;146;353;184;156;352;169;335;243;281;301;239;255;264;283;388;216;200;487;167;220;229;216;326
;02:23:30;37;293;302;264;292;216;294;199;304;286;176;213;209;193;270;134;374;249;218;254;333;298;251;262;127;387;218;392;207;171;288;195;251;161;261;173;303;258;191;164;167;291;265;296;384;372;231;185;408
;02:29:30;37,1;215;223;161;382;247;270;277;235;186;279;210;145;327;265;264;260;195;259;190;228;167;327;263;227;164;191;211;182;220;234;118;249;253;233;216;296;299;330;189;312;328;277;170;290;303;232;322;271
;02:35:30;37,1;227;443;117;163;226;306;196;220;163;157;278;315;325;95;286;158;242;207;164;283;169;153;182;270;272;225;293;267;298;231;206;267;190;204;222;356;290;240;184;219;237;260;214;249;445;288;249;401
;02:41:30;37;194;333;305;223;283;180;232;237;145;323;272;190;373;240;274;340;333;206;222;287;189;328;273;254;299;248;88;124;224;235;186;185;173;184;150;343;267;198;331;380;177;457;253;165;273;352;184;158
;02:47:30;37;171;193;206;258;320;114;152;191;209;324;211;199;228;256;196;301;250;164;130;144;272;148;313;266;270;290;162;166;333;271;240;305;246;290;210;139;340;279;176;236;272;303;295;197;275;284;175;175
;02:53:30;37;241;341;248;180;151;184;383;133;226;370;229;205;234;266;298;271;297;236;171;188;410;178;232;183;231;321;267;255;214;210;209;315;274;335;285;252;275;266;185;287;159;234;304;195;199;311;250;229
;02:59:30;37;261;399;244;147;106;137;196;318;117;163;334;196;258;301;221;332;344;280;246;236;139;245;170;177;227;314;276;330;225;234;257;200;258;169;270;167;328;201;252;272;234;258;194;229;253;217;250;279
;03:05:30;37;259;241;206;182;240;223;162;152;225;158;314;236;245;237;179;291;203;366;271;183;247;306;205;235;342;233;242;274;280;208;363;215;188;304;188;501;256;241;139;207;158;170;317;278;268;268;436;321
;03:11:30;37;214;289;334;272;171;317;180;187;151;188;198;183;96;227;281;139;213;224;243;180;264;178;132;242;161;362;280;187;195;225;299;220;259;245;236;247;250;235;164;242;107;232;202;175;246;257;248;226
;03:17:30;37,1;342;282;280;158;277;185;255;197;206;259;333;259;286;215;242;235;213;174;153;279;314;144;199;273;280;259;161;199;246;256;158;236;273;298;168;202;223;354;106;292;131;241;218;275;82;340;230;335
;03:23:30;37,1;221;158;211;170;370;139;341;286;276;154;215;222;238;95;219;162;211;184;182;279;261;261;166;250;173;212;229;259;231;190;270;190;222;191;210;353;177;244;281;199;190;204;247;297;253;163;227;242
;03:29:30;37,1;236;256;303;228;151;236;269;211;175;278;322;273;121;179;220;195;330;186;196;208;220;232;170;207;149;230;220;301;203;257;231;159;246;239;204;240;240;196;143;271;132;112;230;227;166;178;227;222
;03:35:30;37,1;231;242;218;213;252;192;232;203;314;308;291;236;175;297;257;278;159;206;292;335;356;255;271;229;364;245;282;256;319;272;196;188;288;180;181;240;211;360;249;218;150;272;198;242;287;257;322;260
;03:41:30;37,1;215;294;152;190;186;292;292;308;155;206;300;194;226;222;273;173;268;172;203;192;157;179;189;187;225;260;260;224;220;229;284;292;224;275;297;245;211;148;275;280;224;286;179;160;359;193;214;297
;03:47:30;37,1;258;281;212;200;263;299;166;233;335;297;308;173;371;204;207;202;229;204;167;216;280;203;202;184;255;190;240;154;195;293;171;204;261;216;236;370;209;336;148;240;283;135;302;193;390;226;195;217
;03:53:30;37,1;310;259;180;150;225;163;151;247;277;169;283;161;237;192;211;224;253;242;197;236;280;272;177;105;174;280;206;202;250;202;315;232;136;178;250;307;343;192;278;218;253;208;332;269;222;184;184;261
;03:59:30;37;238;247;231;290;200;174;237;252;66;239;180;214;158;198;237;97;122;257;52;110;285;228;153;374;230;268;279;343;210;306;163;195;307;262;266;314;70;184;228;255;123;389;244;176;189;195;156;268
;04:05:30;37;327;351;93;187;284;231;225;346;312;212;188;216;316;206;122;198;292;208;208;207;277;224;191;181;222;153;296;226;198;281;286;246;252;435;192;237;220;187;229;178;217;279;284;259;253;215;243;193
;04:11:30;37,1;246;371;122;217;109;218;295;286;229;213;218;180;274;169;172;202;116;120;205;208;213;168;212;206;218;136;172;429;381;206;138;252;234;127;300;276;235;154;192;209;150;257;244;197;120;279;234;96
;04:17:30;37;182;379;184;201;148;218;228;327;249;218;306;175;287;199;270;308;229;322;150;256;148;93;398;225;172;193;232;294;219;230;168;245;231;160;192;386;175;217;176;269;269;188;201;260;222;203;169;90
;04:23:30;37;192;220;195;328;139;237;247;194;215;232;241;207;163;99;154;200;165;241;227;318;131;229;163;160;128;246;297;289;154;244;208;278;187;218;361;227;111;136;129;155;288;186;135;236;297;258;331;329
;04:29:30;37,1;322;301;180;231;146;206;142;301;203;196;181;188;232;172;178;151;318;241;230;196;177;212;92;108;257;320;224;228;243;139;238;239;225;205;284;189;210;286;141;320;248;227;165;279;151;278;227;213
;04:35:30;37,1;231;254;165;318;216;152;188;161;119;199;180;266;220;263;324;168;236;252;308;243;253;266;174;221;324;91;198;316;284;162;130;243;293;310;221;223;157;196;240;198;332;197;340;250;209;221;184;115
;04:41:30;37,1;231;225;236;148;243;78;228;263;96;226;228;184;166;197;160;165;254;214;99;110;278;82;243;222;268;206;219;158;209;172;210;175;229;176;106;290;271;197;219;222;341;253;161;229;274;234;411;215
;04:47:30;37,1;247;200;138;224;213;332;257;316;231;256;184;284;227;142;205;114;136;93;203;158;209;173;125;165;148;213;213;227;227;209;246;283;193;182;228;239;315;218;153;145;217;158;233;251;206;280;291;234
;04:53:30;37,1;356;231;153;146;151;207;226;287;253;213;165;96;133;153;239;186;224;185;249;135;162;136;239;143;406;167;207;210;142;224;253;198;179;264;244;456;138;196;239;180;267;260;227;246;186;197;268;315
;04:59:30;37,1;184;267;130;186;205;181;186;215;257;152;247;199;111;248;152;159;233;267;198;158;221;197;223;237;201;184;179;216;134;194;331;242;330;194;228;436;147;183;164;129;256;300;220;307;282;214;233;181
;05:05:30;37,1;318;266;195;241;278;230;219;181;296;212;140;148;188;163;290;190;192;239;156;274;281;163;252;155;238;352;201;287;422;176;233;146;218;311;290;156;224;157;309;232;228;266;253;244;299;184;275;246
;05:11:30;37;131;198;198;161;173;153;234;169;232;171;193;89;245;235;195;210;171;162;156;245;295;230;207;114;120;224;170;256;212;186;132;192;145;124;220;178;204;243;223;210;186;185;235;260;216;163;274;326
;05:17:30;37;271;219;151;136;102;238;190;230;200;273;162;181;223;189;151;311;298;263;136;207;183;153;122;170;226;156;315;208;295;166;232;144;248;244;241;329;136;212;196;253;125;157;284;131;150;161;180;339
;05:23:30;37,1;204;236;175;143;98;82;258;263;190;210;214;204;170;224;170;190;282;223;184;183;97;189;188;207;134;213;178;226;235;140;180;164;396;170;204;214;211;229;277;129;292;263;255;199;215;207;178;180
;05:29:30;37;290;307;108;143;225;209;187;276;260;240;260;107;100;51;193;60;158;271;243;123;113;211;158;184;171;160;242;175;166;196;100;140;257;205;340;348;249;247;272;208;155;169;223;97;151;197;275;171
;05:35:30;37,1;306;286;186;124;187;107;337;213;292;214;224;143;80;222;216;208;194;374;213;220;214;99;198;180;241;153;190;141;265;194;156;319;254;345;248;308;121;251;153;141;172;219;219;146;316;105;229;148
;05:41:30;37;268;257;120;192;64;132;283;79;155;141;122;186;106;128;264;122;206;263;175;277;145;200;202;144;147;334;236;213;110;194;207;245;117;236;330;238;341;214;238;313;322;210;195;183;152;187;232;194
;05:47:30;37,1;315;277;139;182;128;153;201;225;191;247;238;118;89;213;113;91;247;218;270;149;221;81;81;200;207;114;120;327;260;193;279;134;194;283;201;273;93;227;207;219;162;160;111;123;239;161;256;253
;05:53:30;37,1;242;261;112;149;138;92;180;265;180;157;193;278;191;112;105;122;244;259;210;213;120;116;191;273;231;252;244;281;261;180;186;160;186;195;214;215;290;193;222;161;200;316;195;161;261;244;135;202
;05:59:30;37,1;315;398;79;85;64;209;287;275;300;146;126;150;128;149;101;96;100;160;150;177;271;99;200;216;189;215;327;283;141;227;211;121;183;347;204;226;411;216;276;269;170;227;186;240;242;154;252;149
;06:05:30;37,1;201;315;103;277;103;100;296;241;159;171;217;170;149;102;136;130;275;351;162;374;198;158;178;123;296;263;139;335;180;152;150;69;221;262;265;297;190;293;167;214;253;190;233;245;184;128;162;459
;06:11:30;37,1;442;197;158;97;130;109;79;209;208;199;190;146;133;143;128;148;240;185;177;221;192;172;219;108;249;286;200;257;115;293;149;257;103;234;252;310;241;234;194;221;186;139;183;203;242;217;152;289
;06:17:30;37,1;243;194;190;101;68;73;175;305;155;152;133;201;106;110;140;113;261;162;237;174;241;132;171;142;187;245;252;200;188;150;251;256;261;116;280;262;350;211;193;156;264;211;207;186;174;143;208;188
;06:23:30;37;288;285;123;198;57;184;199;280;173;131;128;107;150;148;157;115;117;209;205;138;155;286;204;234;328;278;217;154;123;121;185;84;147;283;201;236;270;226;280;148;253;250;306;251;251;239;251;249
;06:29:30;37,1;373;351;161;119;127;93;253;380;197;137;143;70;142;154;120;111;141;188;321;219;149;214;125;157;290;157;292;244;226;96;181;130;192;267;324;212;212;165;150;257;181;229;244;158;203;140;97;217
;06:35:30;37;275;451;117;145;3;146;170;280;164;179;262;266;206;140;80;152;236;214;171;334;102;141;338;191;144;120;178;151;221;116;75;99;171;284;131;197;155;253;206;222;181;194;123;218;171;197;197;129
;06:41:30;37,1;245;316;129;168;142;97;243;286;187;125;166;154;125;248;140;38;177;185;151;183;109;169;79;253;251;176;237;267;160;74;270;175;205;207;135;254;181;244;151;229;259;198;194;226;128;146;253;180
;06:47:30;37,1;288;308;110;191;188;130;141;361;199;125;170;108;124;194;154;124;175;142;228;214;60;95;201;115;298;200;360;282;174;224;217;107;329;193;183;162;252;116;256;210;241;227;88;238;189;241;132;318
;06:53:30;37,1;412;274;87;7;83;100;183;330;202;156;139;137;190;196;45;102;195;183;200;192;180;150;188;55;144;199;406;77;122;43;113;278;308;232;193;208;237;90;287;159;152;194;120;245;126;168;198;240
;06:59:30;37,1;183;328;157;135;99;206;290;231;237;104;155;223;209;104;130;185;198;120;258;220;173;101;262;122;252;271;195;115;183;165;128;132;233;273;209;189;184;154;149;256;252;239;227;245;112;199;190;190
;07:05:30;37,1;235;257;131;91;109;170;268;204;173;156;125;175;155;185;105;95;92;179;304;163;118;97;109;127;198;301;123;232;192;199;194;148;108;287;258;237;174;127;237;175;233;198;189;202;120;111;242;107
;07:11:30;37,1;192;276;149;65;127;161;306;126;49;154;125;218;162;155;78;206;124;81;186;157;154;102;141;161;160;150;197;192;143;88;255;191;173;321;262;253;201;274;199;172;204;188;175;245;182;301;171;241
;07:17:30;37,1;291;242;129;112;69;168;137;208;129;124;140;99;79;96;118;173;222;160;152;273;119;135;64;122;171;209;242;169;205;84;152;164;154;266;337;165;154;154;179;161;221;162;256;176;228;181;164;215
;07:23:30;37,1;206;273;133;162;93;148;198;184;142;213;159;144;102;185;151;128;194;200;175;187;52;260;176;108;300;212;252;185;144;85;129;183;217;250;152;242;260;196;200;99;264;222;259;100;170;202;231;269
;07:29:30;37;226;218;163;163;75;99;194;278;193;135;72;135;51;44;254;191;72;234;209;100;105;175;130;240;208;128;123;242;121;161;222;215;355;260;312;234;221;277;98;192;204;130;197;135;225;209;358;153
;07:35:30;37;295;210;171;82;66;123;289;373;106;150;56;119;143;125;174;154;102;191;240;206;170;190;69;82;130;215;240;237;200;154;184;181;302;154;255;188;114;248;207;264;252;45;386;184;258;247;103;185
;07:41:30;37;182;237;180;137;193;137;257;231;74;152;203;142;89;58;81;171;126;189;188;133;163;131;166;58;127;161;228;306;128;204;157;211;171;193;122;238;211;287;109;92;185;91;237;205;276;126;277;230
;07:47:30;37,1;351;333;71;147;172;122;171;360;85;98;124;173;166;131;82;72;193;279;172;127;58;103;105;128;94;247;263;282;139;219;89;116;171;197;176;157;211;178;111;147;232;142;117;169;192;189;141;158
;07:53:30;37,1;209;222;145;113;68;131;261;233;100;130;91;57;134;147;104;195;222;257;237;78;120;149;160;126;246;165;128;98;249;183;124;173;227;245;279;296;258;112;282;205;134;199;153;122;144;217;195;204
;07:59:30;37,1;225;177;74;85;134;38;365;211;155;40;119;108;152;192;195;119;182;133;136;121;219;239;132;79;211;307;277;218;148;118;123;162;161;189;170;291;163;107;156;220;183;162;65;147;242;149;197;205
;08:05:30;37;283;189;45;56;102;100;197;200;158;143;164;110;97;134;118;123;140;224;179;149;80;150;149;143;215;217;268;172;149;169;102;66;239;228;317;223;221;158;156;215;143;260;164;199;191;156;138;168
;08:11:30;37,1;236;247;112;123;67;100;200;200;171;103;74;177;143;111;125;116;58;201;290;113;69;162;140;111;184;177;268;210;85;160;168;87;302;124;318;160;98;145;143;161;97;107;189;193;204;73;247;215
;08:17:30;37,1;233;192;97;54;65;90;262;340;122;84;138;98;44;116;59;133;150;156;169;168;124;83;107;184;334;236;169;206;60;151;249;137;240;215;207;181;138;83;152;212;136;147;93;121;220;187;135;107
;08:23:30;37,1;311;302;97;109;43;89;272;285;150;50;122;120;72;64;163;106;155;220;194;98;109;254;129;175;225;119;289;272;218;226;140;136;146;238;312;245;193;206;153;178;226;228;134;70;139;222;171;295
;08:29:30;37,1;261;143;81;81;117;125;203;203;132;117;73;134;161;200;39;144;187;105;80;145;107;211;121;142;220;207;324;216;80;81;96;102;180;228;298;266;112;176;110;92;213;173;175;39;120;160;172;117
;08:35:30;37,1;294;183;94;48;24;77;209;295;75;91;82;173;140;79;141;115;119;186;159;165;195;132;82;107;151;220;125;93;120;242;88;189;223;177;217;138;155;191;153;196;108;202;190;216;168;261;194;304
;08:41:30;37;150;179;116;103;90;80;135;236;90;100;153;76;120;71;82;104;91;156;310;141;120;130;144;124;218;221;135;143;69;98;130;130;91;143;184;164;151;134;204;162;132;246;179;201;153;149;180;190
;08:47:30;37;256;146;94;116;129;23;139;279;81;90;137;124;55;161;96;111;160;198;233;181;124;142;89;124;296;263;152;126;186;73;182;119;256;181;268;223;253;111;170;262;171;178;133;204;142;220;106;205
;08:53:30;37;183;199;133;111;32;56;272;256;84;72;112;141;91;68;113;176;168;167;82;171;236;144;257;146;262;247;240;226;129;117;162;150;338;221;179;135;198;156;156;100;133;84;85;206;193;139;149;273
;08:59:30;37;204;196;106;66;85;70;270;195;114;79;162;42;74;183;125;102;178;146;141;165;123;96;106;91;119;303;194;182;238;130;153;88;246;90;180;277;195;164;137;150;169;88;235;155;204;206;200;182
;09:05:30;37;157;215;41;36;70;141;269;193;95;132;56;83;55;111;105;131;112;97;166;120;210;189;222;92;177;134;307;220;153;196;113;50;231;211;202;191;160;162;161;150;149;162;84;194;181;203;177;163
;09:11:30;37,1;215;94;162;75;136;43;223;227;96;93;111;112;67;71;108;155;94;144;114;133;160;118;104;177;184;230;215;129;151;97;57;144;177;280;225;193;159;105;148;93;70;170;177;204;157;82;108;119
;09:17:30;37;261;195;92;38;59;100;283;195;153;112;117;90;56;62;104;65;152;172;163;103;176;102;55;68;202;81;283;171;117;167;78;115;188;135;253;234;102;251;147;109;175;167;129;112;223;285;280;161
;09:23:30;37;234;171;54;102;45;64;227;208;158;91;106;43;27;59;110;98;162;186;109;138;136;120;163;84;127;225;154;173;175;75;175;193;228;211;172;261;220;218;125;167;171;161;204;106;241;244;322;203
;09:29:30;37,1;216;265;157;117;58;58;213;309;91;168;118;155;124;121;41;80;151;180;262;141;98;60;128;146;132;120;113;109;213;211;96;130;235;297;100;169;232;173;89;115;163;100;189;137;240;178;201;242
;09:35:30;37,1;223;145;123;68;47;9;212;324;81;109;117;80;89;83;104;54;129;178;91;142;232;82;90;110;151;95;179;154;156;155;99;110;276;236;185;255;211;149;140;99;140;109;172;232;50;231;96;174
;09:41:30;37;250;259;29;117;109;36;220;191;107;105;114;62;35;107;134;61;221;111;163;225;171;70;139;153;122;202;195;140;259;171;153;96;189;209;187;155;256;143;245;207;262;174;198;135;132;100;71;134
;09:47:30;37,1;173;337;18;49;60;116;299;143;66;152;104;90;81;99;116;202;108;152;79;146;74;54;118;175;122;160;226;150;140;120;230;213;115;246;154;267;161;152;211;196;244;107;118;134;244;88;137;240
;09:53:30;37,1;240;329;70;60;125;90;268;319;116;115;172;155;68;95;42;70;77;163;96;131;160;55;110;187;175;176;71;100;134;98;167;159;248;297;285;306;117;199;205;108;190;199;144;193;149;217;139;179
;09:59:30;37,1;268;279;90;120;99;47;272;332;132;63;79;69;113;168;112;66;114;133;96;167;102;77;140;160;212;285;232;141;124;102;191;131;116;214;263;139;233;163;98;281;161;96;123;87;151;220;286;186
;10:05:30;37,1;275;266;111;151;107;90;239;188;124;144;119;113;45;112;93;184;119;190;110;85;206;94;82;67;117;240;165;202;180;187;160;196;144;143;171;267;149;183;184;85;180;157;146;151;130;193;123;116
;10:11:30;37;275;230;67;49;103;183;165;213;184;115;146;61;103;183;14;154;153;152;130;80;76;187;51;125;189;246;150;181;179;162;117;182;246;146;223;259;159;162;182;166;134;146;212;94;151;142;201;111
;10:17:30;37;229;233;83;48;64;18;145;261;88;0;64;118;43;83;73;84;126;130;68;177;134;56;167;17;250;214;135;205;198;217;207;132;247;201;109;350;165;125;142;109;80;188;100;211;168;64;120;131
;10:23:30;37;245;154;94;76;87;57;291;212;38;76;79;161;65;69;165;78;90;103;64;105;63;92;34;123;138;146;238;198;136;70;219;144;258;219;155;230;169;129;124;153;86;226;87;144;111;108;176;149
;10:29:30;37;255;221;82;126;38;90;203;216;184;70;58;38;84;197;120;63;70;182;196;111;28;142;134;56;279;203;145;119;146;139;180;125;299;250;200;205;123;168;160;212;182;186;239;143;140;187;247;153
;10:35:30;37;279;154;76;88;77;67;266;175;148;49;91;48;91;129;59;121;119;156;68;165;143;115;48;67;179;145;82;74;45;192;226;126;150;129;212;166;82;70;175;164;135;63;92;116;189;121;133;197
;10:41:30;37;263;251;114;85;99;86;239;206;73;164;18;74;62;95;82;99;86;147;105;92;104;104;86;87;103;243;222;166;91;233;59;98;218;180;169;211;108;159;146;240;149;175;147;232;206;193;151;185
;10:47:30;37;229;244;79;99;83;105;366;384;55;190;111;159;64;107;175;71;131;147;80;22;99;114;110;52;92;246;146;206;105;137;60;98;195;182;273;292;233;175;128;134;273;98;102;94;124;227;238;172
;10:53:30;37;212;228;33;224;51;39;320;210;78;100;55;130;60;119;75;89;130;116;62;187;178;148;117;77;171;238;178;105;178;201;117;245;257;118;332;268;153;132;75;150;71;123;105;134;145;120;171;144
;10:59:30;37,1;336;264;96;97;93;8;199;199;89;87;111;97;100;120;93;96;127;116;158;72;45;43;62;139;229;289;194;174;76;115;151;74;191;113;239;193;138;130;157;161;110;76;200;140;265;157;125;168
;11:05:30;37,1;199;191;59;119;73;24;187;190;123;88;33;142;99;120;112;61;108;39;103;136;97;120;58;49;164;228;184;166;104;105;245;122;313;196;118;83;284;100;193;143;125;31;48;102;130;149;163;173
;11:11:30;37;232;227;82;71;29;108;272;204;92;31;73;107;115;131;104;81;128;95;171;90;81;104;170;142;105;106;127;183;151;198;155;245;262;169;201;265;61;61;122;274;201;132;176;192;127;115;152;68
;11:17:30;37,1;320;265;74;90;74;138;168;204;91;110;121;107;141;88;190;78;182;104;58;114;41;132;98;17;177;141;149;222;159;126;90;145;206;217;161;189;112;136;112;147;133;118;200;117;147;107;113;200
;11:23:30;37,1;309;242;70;111;86;67;305;240;124;128;111;100;108;143;119;79;110;241;75;56;127;83;96;137;160;155;159;258;90;193;277;78;184;194;166;226;167;126;150;87;143;152;71;149;117;142;118;138
;11:29:30;37,1;252;224;91;110;66;129;355;292;91;97;143;94;93;52;98;130;192;81;54;75;150;157;155;54;108;158;143;78;113;164;138;138;185;236;223;241;214;104;133;216;161;101;56;119;127;119;167;116
;11:35:30;37,1;190;294;124;111;155;112;171;191;29;134;140;161;92;82;99;153;62;81;144;108;56;107;155;102;260;276;122;115;166;150;124;106;189;275;260;208;136;167;269;74;149;134;159;167;113;100;119;162
;11:41:30;37,1;228;240;70;44;158;72;256;342;88;160;88;108;155;112;124;106;109;117;103;70;106;137;98;93;204;97;233;240;57;217;111;166;208;125;227;277;98;65;179;112;83;112;91;134;97;171;97;64
;11:47:30;37,1;230;338;45;64;92;112;219;214;61;84;56;101;156;126;28;76;27;63;113;22;96;133;86;140;148;71;174;140;84;47;159;98;208;205;238;282;115;95;146;107;104;115;162;165;162;107;184;121
;11:53:30;37,1;501;209;76;107;62;84;212;164;88;121;58;122;114;101;92;80;98;69;142;155;74;83;36;102;64;192;133;137;120;154;127;85;203;167;141;239;102;201;121;277;39;148;127;69;50;136;208;134
;11:59:30;37,1;268;265;103;64;102;70;221;315;23;47;159;112;50;78;107;119;142;107;60;109;42;34;121;131;135;184;169;120;125;178;77;130;149;273;212;353;176;137;104;96;155;134;122;75;185;166;191;139
;12:05:30;37,1;181;245;73;141;105;158;230;184;132;96;89;126;27;167;53;162;84;148;92;73;61;109;77;100;159;117;84;249;108;178;92;175;216;217;150;220;115;130;87;90;248;46;180;50;214;79;206;83
;12:11:30;37;318;288;236;74;44;92;244;206;73;162;120;123;126;34;71;118;69;141;37;98;71;46;116;161;172;159;207;184;168;44;118;64;120;280;130;263;88;173;114;88;120;54;97;158;123;252;148;130
;12:17:30;37;196;222;130;121;67;134;352;226;91;181;70;83;84;19;145;64;131;49;108;137;125;137;94;82;162;170;144;119;112;201;43;119;233;170;296;307;105;123;216;61;138;171;158;162;171;139;206;26
;12:23:30;37,1;271;331;89;91;82;40;274;248;101;103;102;76;34;21;179;62;97;81;157;144;136;92;106;144;143;135;119;119;60;159;97;106;192;234;301;153;119;100;76;68;190;107;94;158;96;173;178;179
;12:29:30;37;202;212;127;116;118;94;222;171;83;68;84;50;57;27;32;62;102;89;59;88;89;174;44;141;82;127;124;195;94;158;143;113;311;246;177;171;97;158;233;141;96;63;94;96;90;230;121;97
;12:35:30;37;269;260;74;69;46;47;193;230;164;71;87;60;148;40;112;62;99;132;108;62;106;88;117;105;105;121;110;198;95;147;142;128;257;289;186;279;124;99;253;235;198;124;99;119;96;116;160;106
;12:41:30;37;86;414;69;9;113;102;383;348;65;51;56;92;59;117;104;178;100;67;75;81;73;113;87;78;218;153;169;151;36;137;175;69;247;237;164;235;168;146;129;141;123;214;95;128;82;102;127;83
;12:47:30;37;302;246;128;61;55;153;212;233;69;67;141;33;127;90;107;83;109;101;23;62;151;109;137;93;199;127;159;111;140;113;155;105;121;129;188;183;199;159;106;183;155;100;102;128;120;96;164;88
;12:53:30;37,1;263;275;104;72;96;126;220;400;78;53;50;105;78;67;117;157;132;113;156;84;205;233;187;186;182;84;147;208;136;83;62;144;172;171;190;212;111;204;144;104;120;260;91;107;204;224;156;91
;12:59:30;37;295;224;74;72;86;74;186;153;118;269;57;46;93;70;124;32;120;56;87;96;147;77;106;76;208;42;120;182;110;163;99;123;190;247;122;222;175;63;122;132;106;175;221;101;97;163;188;248
;13:05:30;37;264;268;84;107;101;109;298;219;165;210;82;118;56;58;36;106;100;157;168;106;152;109;16;120;269;152;212;186;95;142;204;87;212;314;139;186;103;199;214;157;82;152;116;150;204;97;101;114
;13:11:30;37;270;218;145;84;106;28;161;255;110;122;95;98;41;57;188;95;119;76;139;64;147;42;120;115;113;157;108;187;105;130;153;131;190;266;277;224;147;144;163;139;217;135;107;195;114;121;124;151
;13:17:30;37;121;254;79;31;150;135;215;278;97;74;94;193;37;57;181;81;43;37;92;107;111;109;98;34;170;151;187;164;92;102;29;190;202;171;257;196;95;84;218;183;120;120;148;171;122;84;32;112
;13:23:30;37;274;308;100;97;79;46;222;322;19;129;78;105;68;157;129;66;123;111;42;138;80;50;147;124;74;152;188;192;196;101;104;124;104;274;146;205;116;74;99;128;109;126;167;87;192;151;116;207
;13:29:30;37;208;183;98;74;53;79;176;321;194;90;164;96;146;77;177;152;64;61;116;83;134;95;67;169;211;131;119;121;38;99;188;101;235;82;102;146;126;170;199;119;138;108;182;157;130;194;97;159
;13:35:30;37,1;257;357;61;93;85;101;212;276;51;125;73;77;133;86;70;81;154;102;109;102;144;191;83;111;105;133;126;77;118;59;168;87;203;153;229;261;197;164;100;122;184;222;95;135;140;185;125;205
;13:41:30;37,1;377;358;81;181;81;75;145;308;119;56;108;124;84;128;71;59;44;132;37;126;114;112;82;104;199;163;199;249;67;111;81;184;113;130;207;170;160;185;119;94;139;101;63;104;120;90;100;142
;13:47:30;37,1;176;259;84;85;78;105;238;240;168;65;51;74;109;151;87;64;63;108;91;96;181;49;108;112;133;162;217;118;71;148;132;163;203;125;199;127;71;141;79;165;140;49;89;99;158;158;79;112
;13:53:30;37,1;200;222;80;106;122;57;255;149;88;103;125;61;104;133;111;50;88;122;89;22;81;118;124;72;55;146;71;108;75;88;138;176;173;141;129;273;165;118;127;128;97;182;205;121;179;139;77;211
;13:59:30;37,1;319;248;146;42;136;43;308;127;174;198;154;223;129;153;116;107;46;85;66;200;151;120;87;59;102;188;64;119;74;139;170;138;250;173;235;119;166;239;167;175;143;171;157;127;90;159;109;144
;14:05:30;37,1;223;342;142;104;72;58;247;119;74;69;79;46;61;47;106;62;61;91;54;115;61;43;64;109;95;133;230;56;104;97;56;152;241;163;165;219;79;267;97;122;174;41;158;278;107;168;104;142
;14:11:30;37,1;346;301;110;88;129;118;216;316;115;101;86;151;43;87;98;112;58;49;172;77;94;106;81;78;98;139;113;167;106;41;84;91;245;134;117;208;133;61;152;113;234;146;95;125;202;114;161;210
;14:17:30;37,1;253;252;139;67;131;66;237;249;125;54;96;49;89;168;106;69;124;84;37;113;162;103;189;74;34;53;68;110;178;47;184;94;223;218;139;304;61;189;44;217;130;121;104;177;155;134;100;147
;14:23:30;37,1;196;254;89;49;126;70;329;214;82;81;146;173;125;115;193;141;138;136;84;121;61;177;160;120;186;85;125;93;42;158;149;145;250;209;235;249;167;156;137;125;45;203;118;242;150;151;137;127
;14:29:30;37,1;260;264;127;61;98;0;253;340;101;112;105;110;59;141;97;63;74;123;50;108;96;45;154;62;175;129;91;85;155;74;83;159;231;133;296;157;66;147;205;111;159;88;195;151;117;195;184;221
;14:35:30;37,1;147;219;71;46;47;82;184;273;20;68;144;133;31;50;37;44;83;114;113;123;89;171;112;72;93;146;147;57;103;136;219;119;277;201;246;250;47;190;148;155;165;38;16;233;64;162;184;214
;14:41:30;37,1;371;286;171;86;77;117;285;234;171;46;82;113;116;112;37;132;95;110;123;57;108;165;167;80;175;92;170;136;192;241;149;86;170;308;216;185;169;79;100;70;172;120;101;114;197;135;110;156
;14:47:30;37,1;285;224;24;55;129;55;350;227;84;101;32;77;62;76;86;144;52;105;65;116;145;216;133;159;83;208;151;40;93;117;105;78;206;211;244;152;126;89;170;86;139;91;77;79;108;102;109;227
;14:53:30;37,1;271;215;60;117;68;77;268;307;146;72;87;55;112;78;63;58;145;139;33;75;87;127;112;147;84;108;235;193;129;85;125;146;227;269;161;237;246;74;89;179;114;199;99;135;127;108;115;80
;14:59:30;37,1;281;141;79;93;112;71;388;173;73;79;167;90;77;78;128;98;68;76;98;86;185;77;79;189;56;84;63;118;112;186;220;133;249;269;75;251;142;191;162;96;136;141;76;189;167;156;50;199
;15:05:30;37;266;213;92;108;56;157;334;223;72;114;228;67;95;86;115;116;122;44;111;51;103;47;185;217;102;133;147;112;165;108;142;161;223;202;181;164;156;127;116;73;170;179;178;232;112;91;128;113
;15:11:30;37;152;166;145;52;62;111;190;229;137;80;136;64;158;33;123;84;133;121;127;24;270;168;100;94;118;140;127;170;132;68;87;205;149;239;100;180;189;143;134;107;201;147;161;93;264;76;67;181
;15:17:30;37;202;380;41;101;107;125;241;175;4;89;61;206;80;115;67;125;65;135;38;25;84;119;131;108;134;37;152;118;101;105;67;126;211;165;229;187;70;170;181;129;151;202;167;154;135;341;153;183
;15:23:30;37;166;281;109;110;104;203;317;294;47;81;61;88;170;93;98;109;59;94;98;104;108;65;85;137;204;142;105;87;119;96;110;155;242;149;224;301;122;186;221;228;67;92;243;141;254;174;175;192
;15:29:30;37;309;344;53;96;57;73;221;265;74;106;56;38;26;79;109;87;130;106;193;74;135;112;121;123;93;156;67;113;96;136;93;115;189;143;200;140;139;198;157;194;94;145;98;93;109;92;84;189
;15:35:30;37;219;186;145;58;162;51;223;281;109;149;239;79;137;59;26;81;105;51;14;160;126;214;81;183;185;125;107;53;133;116;87;59;168;167;196;256;135;140;115;142;144;246;93;176;58;244;154;81
;15:41:30;37,1;183;268;87;151;80;96;195;266;68;152;116;154;90;44;77;193;140;121;121;123;60;86;39;104;140;51;125;82;143;94;194;176;277;188;106;233;144;183;194;127;57;204;193;112;133;90;225;114
;15:47:30;37;209;183;78;126;18;66;181;191;119;79;84;46;74;96;59;91;168;68;99;108;122;84;158;166;48;119;188;69;189;104;76;57;253;159;254;167;189;138;113;163;90;136;125;150;148;208;90;87
;15:53:30;37,1;234;250;113;54;109;21;281;250;54;105;40;90;68;153;101;116;117;78;79;96;54;45;124;79;113;181;35;141;58;190;180;177;220;242;240;175;148;227;149;71;168;265;222;159;68;161;159;199
;15:59:30;37,1;160;272;71;46;81;70;179;230;190;71;97;85;101;106;77;66;120;149;127;83;185;250;134;91;119;90;130;153;182;68;221;100;201;232;147;267;141;217;157;145;172;181;155;156;89;107;139;167
;16:05:30;37;217;204;89;98;63;62;252;248;85;142;92;36;20;69;21;61;192;102;149;125;38;33;86;44;184;176;94;63;198;179;148;91;218;159;211;179;67;59;93;149;179;199;209;123;96;239;73;131
;16:11:30;37;162;366;82;44;124;40;208;255;94;57;82;118;54;32;136;88;119;88;65;74;65;131;101;122;34;81;68;158;105;118;183;72;151;259;124;163;112;180;168;130;67;127;225;136;100;95;129;141
;16:17:30;37;151;230;135;56;127;89;321;279;44;118;83;104;119;74;73;209;59;37;94;147;25;129;109;144;86;119;114;71;135;186;168;115;212;180;156;79;137;188;127;114;180;147;127;120;156;95;95;232
;16:23:30;37,1;237;147;65;36;52;27;201;306;0;130;79;75;101;105;118;51;149;206;44;152;74;66;134;67;119;105;72;103;126;102;168;86;149;109;275;198;181;146;171;170;124;182;74;175;140;151;159;168
;16:29:30;37;221;186;52;117;44;137;195;170;81;70;141;74;124;45;76;64;85;102;180;102;78;125;42;148;77;59;123;184;139;111;197;169;231;224;173;246;121;193;134;108;148;130;212;110;143;140;116;293
;16:35:30;37;336;343;51;95;82;66;222;219;72;108;121;124;40;103;74;101;138;96;64;60;164;133;60;88;215;170;131;174;117;170;74;189;185;154;207;285;215;135;158;188;137;214;210;151;161;140;214;61
;16:41:30;37,1;188;197;84;86;49;66;219;211;168;79;69;91;109;82;102;135;75;75;159;47;49;67;89;122;82;166;131;110;98;63;107;130;201;120;136;200;65;174;155;242;138;123;122;157;22;123;133;119
;16:47:30;37;236;235;88;91;55;52;142;223;148;165;62;139;73;166;39;34;78;140;101;91;117;66;62;36;90;68;147;158;175;151;159;110;143;214;146;205;171;176;95;71;169;68;180;126;79;191;179;153
;16:53:30;37;205;193;69;94;89;133;272;145;133;138;64;104;16;105;152;158;29;47;63;186;67;85;121;84;195;85;175;141;106;67;250;173;225;127;127;181;190;81;198;89;174;139;119;147;125;196;94;95
;16:59:30;37,1;194;247;78;28;77;45;129;228;92;70;59;49;47;70;115;71;120;138;136;103;129;138;191;148;120;101;75;77;167;170;129;96;194;154;250;165;216;73;210;255;174;134;127;116;139;201;73;98
;17:05:30;37,1;227;253;108;94;76;100;307;368;139;110;91;97;67;130;71;104;147;74;184;144;103;49;76;73;86;80;105;59;92;96;150;107;148;213;169;206;209;122;156;110;116;144;104;157;192;127;172;85
;17:11:30;37,1;223;221;95;39;132;60;196;316;61;80;75;116;81;40;42;144;70;92;51;68;29;111;104;44;69;87;117;151;106;84;221;131;225;194;160;152;147;127;161;97;123;99;126;122;148;132;210;151
;17:17:30;37,1;239;282;58;62;61;165;258;377;57;83;175;94;60;37;159;115;103;80;67;197;115;137;130;76;122;113;135;53;142;172;217;77;141;203;220;196;98;182;214;161;60;134;175;109;223;105;125;112
;17:23:30;37;174;182;50;92;111;52;263;178;118;91;60;58;38;99;94;176;120;184;74;68;199;94;121;107;115;67;167;105;109;119;227;171;158;182;218;287;148;93;161;173;123;82;85;142;128;123;68;201
;17:29:30;37,1;197;234;148;39;89;65;300;147;80;50;84;101;82;68;61;42;158;133;119;43;65;156;147;147;50;106;127;158;65;100;110;148;168;310;59;163;152;178;186;132;107;115;220;183;178;149;108;155
;17:35:30;37;207;281;74;153;113;70;152;237;108;141;132;135;49;86;96;143;112;111;33;111;94;76;222;76;60;39;65;111;159;97;178;132;144;177;122;178;85;156;218;142;140;166;122;76;154;116;106;82
;17:41:30;37,1;293;225;53;22;87;78;275;185;67;136;29;23;113;22;148;83;73;96;30;44;63;129;93;124;80;83;44;64;260;109;129;228;194;189;200;180;151;129;128;76;77;112;133;56;214;101;145;181
;17:47:30;37,1;165;331;90;80;81;77;187;210;165;79;58;30;65;148;94;190;134;55;19;91;143;151;73;102;58;73;125;146;124;124;54;83;133;66;214;164;148;144;127;145;201;130;178;166;129;224;71;155
;17:53:30;37,1;255;161;75;122;90;72;208;304;120;64;35;99;109;51;50;50;127;114;79;69;39;106;103;106;165;57;110;103;155;122;207;210;48;322;259;153;153;66;50;130;149;98;77;159;106;128;168;132
;17:59:30;37,1;257;261;65;67;154;114;278;371;73;73;164;94;50;59;74;118;116;141;120;98;132;106;68;119;132;60;94;82;135;132;178;90;167;110;81;221;204;137;167;93;71;141;83;123;157;168;100;141
;18:05:30;37,1;227;234;38;80;53;130;349;190;101;115;78;106;61;102;69;80;109;53;115;122;92;48;60;245;60;119;115;146;104;116;202;225;182;150;190;173;137;127;185;102;147;131;141;156;257;171;187;158
;18:11:30;37,1;295;166;90;67;60;76;262;294;40;107;108;94;111;13;62;25;124;70;136;77;121;148;150;135;66;196;109;33;79;218;121;151;168;177;235;152;164;125;170;177;128;199;187;127;218;70;140;174
;18:17:30;37,1;194;310;177;169;64;109;228;170;128;112;69;67;100;87;134;106;230;51;53;65;134;39;83;150;131;108;69;129;212;108;77;128;246;218;194;77;157;116;130;92;139;196;108;101;151;206;120;86
;18:23:30;37,1;231;347;82;90;110;128;252;303;129;132;134;103;183;38;130;58;55;172;109;83;109;76;115;60;101;86;87;83;175;100;81;199;214;342;207;118;78;203;135;179;82;179;145;138;146;214;127;211
;18:29:30;37;171;117;78;84;60;139;210;212;53;85;46;107;119;116;81;58;103;88;102;136;78;229;80;146;136;80;134;175;186;167;115;133;176;137;247;212;160;166;188;145;149;77;83;232;256;108;306;180
;18:35:30;37,1;169;173;150;148;117;73;194;266;99;135;133;40;92;85;183;46;60;147;97;83;78;150;152;75;187;73;133;119;123;156;164;141;166;176;194;219;205;90;77;129;110;129;117;160;129;157;108;134
;18:41:30;37,1;281;257;41;65;144;90;163;216;127;125;151;54;86;94;90;120;58;52;143;91;118;88;103;162;84;136;111;114;115;121;164;189;112;215;127;131;133;132;164;169;103;90;200;56;79;138;128;169
;18:47:30;37,1;258;254;85;108;82;119;199;247;77;44;120;57;20;39;43;139;36;106;112;88;92;149;87;111;182;164;169;229;186;153;161;86;202;194;132;132;30;263;152;128;91;126;172;85;142;124;138;115
;18:53:30;37,1;221;283;77;65;143;143;167;197;5;103;95;87;37;68;127;190;81;109;83;81;112;54;117;115;102;54;163;54;141;138;125;102;139;211;131;225;115;182;108;141;102;147;266;175;109;185;81;209
;18:59:30;37,1;132;169;92;154;76;79;155;260;54;18;113;43;39;96;68;80;71;152;99;94;149;120;52;57;93;111;106;96;93;82;66;116;110;128;45;194;186;131;96;181;66;164;161;122;107;108;214;224
;19:05:30;37,1;190;242;136;126;131;110;186;213;60;95;98;70;121;108;88;92;86;98;99;108;108;33;135;70;132;146;84;117;207;74;67;155;116;211;149;139;106;141;193;59;86;89;144;186;161;101;140;192
;19:11:30;37,1;219;244;49;108;49;95;238;360;139;119;91;96;29;70;54;103;142;90;111;81;142;93;69;87;147;142;94;71;126;78;172;150;240;125;187;172;166;190;49;202;167;88;105;130;106;194;240;183
;19:17:30;37,1;175;304;76;147;128;63;178;193;93;77;93;86;28;111;71;79;153;133;159;79;107;133;140;78;124;138;85;36;54;167;167;72;202;176;234;138;165;122;89;183;100;176;171;63;155;234;197;173
;19:23:30;37,1;245;231;72;58;87;144;218;184;88;50;32;63;73;105;155;36;149;25;83;134;121;53;128;103;168;118;110;143;96;61;144;105;256;195;227;215;156;126;313;235;181;213;147;139;207;127;187;116
;19:29:30;37,1;146;249;27;105;55;127;207;251;76;78;65;78;79;68;97;148;125;112;73;116;103;56;188;120;102;161;118;108;95;138;89;182;92;231;170;131;223;175;143;205;161;133;131;140;102;191;148;134
;19:35:30;37,1;199;312;121;103;148;23;216;271;54;103;94;146;120;78;102;63;112;181;115;111;148;96;69;66;147;119;62;73;71;119;106;150;183;56;124;165;101;112;157;264;67;122;118;76;124;221;188;180
;19:41:30;37,1;222;188;49;110;59;47;228;233;104;58;38;133;142;98;100;66;103;137;34;179;130;31;124;104;110;85;70;128;73;86;177;56;140;151;195;160;183;143;123;141;151;72;134;92;255;151;118;146
;19:47:30;37;215;287;68;25;31;20;237;175;105;115;162;41;62;94;87;56;45;118;96;134;87;89;112;125;178;97;124;148;180;154;59;140;115;114;186;74;107;168;85;232;165;123;206;207;134;170;94;113
;19:53:30;37,1;188;260;142;74;82;29;295;248;121;97;70;103;103;143;77;141;33;101;182;115;163;93;68;170;125;113;47;38;138;65;73;78;151;219;162;184;205;184;157;119;171;170;171;142;174;147;123;174
;19:59:30;37,1;137;206;47;74;89;38;273;257;137;93;117;74;144;84;36;133;82;96;131;123;102;85;91;105;125;68;194;68;89;111;51;95;212;167;135;136;142;134;144;115;91;99;160;148;129;103;181;134
;20:05:30;37,1;253;342;91;85;30;58;279;96;115;103;116;120;105;72;147;44;89;106;122;87;161;108;139;110;104;175;128;99;118;86;115;104;112;111;164;85;163;87;210;135;198;205;103;180;173;190;216;148
;20:11:30;37,1;308;276;27;119;83;109;300;179;75;170;63;85;64;84;159;124;44;127;132;79;107;105;130;129;110;85;91;76;125;200;188;125;69;146;159;127;168;159;200;178;225;128;157;26;134;130;180;142
;20:17:30;37,1;334;185;90;58;58;60;176;274;115;113;65;105;93;79;160;42;92;62;38;70;91;129;167;114;129;84;131;66;139;139;67;165;111;155;129;162;209;106;143;174;96;82;77;110;137;108;104;159
;20:23:30;37,1;263;258;99;36;56;79;275;209;121;127;96;58;88;58;95;53;74;91;169;145;79;161;66;98;138;136;142;94;161;98;55;148;157;254;167;91;128;160;189;231;134;131;160;203;117;209;214;173
;20:29:30;37,1;277;196;112;78;69;84;181;137;61;97;93;100;90;66;93;143;93;130;116;34;187;189;108;174;95;78;90;176;145;89;124;103;190;224;128;209;141;114;181;174;154;133;182;74;187;200;88;110
;20:35:30;37,1;245;244;132;82;13;148;253;310;69;107;115;75;118;67;75;131;125;121;85;95;138;91;130;85;76;97;128;156;106;69;147;166;250;123;212;229;162;222;93;150;187;114;161;214;162;190;153;164
;20:41:30;37,1;328;234;131;120;149;80;198;162;136;126;216;110;119;114;50;96;135;131;68;82;74;43;108;73;62;53;115;61;113;104;49;130;126;143;116;189;176;92;132;119;128;133;154;156;96;210;217;175
;20:47:30;37,1;326;318;73;133;80;64;286;276;82;124;66;56;75;117;167;74;138;42;44;73;134;60;174;87;116;137;160;91;117;68;180;66;213;138;90;162;192;101;158;115;127;170;164;98;106;136;188;119
;20:53:30;37,1;404;207;103;107;78;43;125;334;153;159;74;166;68;120;98;58;104;88;57;187;117;110;121;45;180;66;181;83;73;153;121;123;153;166;148;115;145;117;183;91;167;82;156;73;135;106;176;107
;20:59:30;37,1;201;197;154;95;82;60;250;279;57;141;136;53;39;97;2;62;143;85;112;47;81;101;192;12;115;25;73;187;137;147;123;114;138;128;215;140;59;103;154;147;123;139;151;174;118;42;170;134
;21:05:30;37,1;150;264;117;134;110;119;255;307;84;83;78;64;107;89;81;31;145;92;90;73;49;124;144;113;100;115;121;85;166;119;146;46;86;77;242;150;89;210;128;102;248;167;148;62;138;127;167;163
;21:11:30;37,1;319;296;44;34;96;112;187;215;115;82;105;108;24;80;22;114;149;123;77;110;71;59;99;117;157;143;63;71;87;114;194;141;175;154;120;115;96;102;169;207;121;123;125;107;149;131;162;137
;21:17:30;37;242;231;77;119;91;85;200;341;97;143;51;168;73;32;58;137;116;125;98;111;74;95;46;78;57;71;150;133;187;80;121;169;99;190;151;157;186;111;181;168;149;128;98;84;145;206;189;161
;21:23:30;37,1;206;287;105;76;43;120;340;244;103;60;140;71;51;99;131;62;143;77;5;85;62;146;77;74;133;93;117;85;141;143;90;126;115;145;132;178;136;94;166;215;115;131;167;170;208;113;81;144
;21:29:30;37,1;235;265;106;33;65;79;199;195;106;137;130;76;124;55;136;132;85;51;46;83;51;157;83;57;109;125;67;76;85;131;106;123;139;148;136;132;173;158;122;124;60;154;156;247;220;112;226;195
;21:35:30;37;330;350;39;96;16;49;246;281;60;92;70;2;97;95;33;82;135;118;176;79;59;113;50;51;118;97;157;108;107;77;160;78;162;166;221;177;129;168;196;166;161;117;135;131;100;148;154;88
;21:41:30;37,1;291;161;92;136;69;78;254;260;42;95;66;159;92;137;99;71;151;119;117;81;131;92;73;96;81;54;69;99;160;145;108;188;284;142;86;175;102;133;107;208;95;126;202;158;66;127;106;135
;21:47:30;37,1;227;235;102;39;77;52;109;252;63;146;123;82;59;68;92;110;69;56;118;57;129;116;161;22;79;109;81;52;133;121;145;214;145;116;156;132;152;139;184;241;143;135;204;169;151;84;148;132
;21:53:30;37,1;347;190;88;95;110;56;249;223;48;168;113;84;74;97;74;152;43;121;80;80;58;182;99;142;169;119;46;117;56;156;122;144;170;36;124;154;119;158;90;35;153;104;106;116;208;119;137;244
;21:59:30;37,1;341;257;70;63;97;46;278;300;60;87;52;121;94;64;71;31;140;73;100;71;84;109;102;53;124;115;102;152;52;107;174;140;306;119;93;138;139;90;167;282;92;123;145;118;143;145;183;207
;22:05:30;37,1;182;211;51;154;99;34;297;298;88;82;129;97;37;66;26;44;36;53;83;97;86;123;130;89;112;107;156;147;149;88;148;182;115;178;178;229;140;137;224;143;140;133;224;135;218;33;222;136
;22:11:30;37,1;173;174;83;70;90;58;249;253;176;109;123;50;93;79;62;110;109;107;78;104;177;68;57;136;117;150;93;139;155;82;216;101;207;111;128;98;220;163;170;230;155;129;154;139;121;116;101;188
;22:17:30;37,1;291;245;131;69;37;115;174;154;110;53;105;70;58;138;89;159;116;77;104;126;38;24;158;14;106;180;71;149;92;96;164;59;238;196;169;162;121;197;156;140;174;72;62;154;161;263;123;146
;22:23:30;37;229;208;46;144;76;107;227;192;135;89;123;133;66;140;62;76;61;75;61;153;163;126;80;95;191;226;86;69;113;138;126;104;113;163;226;215;150;127;120;211;139;124;81;201;132;71;223;102
;22:29:30;37,1;353;270;43;70;47;48;255;345;109;150;105;85;129;70;96;56;112;105;140;220;74;83;134;115;132;128;27;117;140;170;104;144;195;217;129;198;149;84;76;113;118;217;102;180;128;140;101;178
;22:35:30;37,1;119;231;90;79;92;81;241;267;93;111;101;83;53;59;57;175;143;83;73;130;113;6;80;169;147;68;74;124;145;95;131;128;114;131;170;185;102;188;81;185;116;206;172;98;219;115;138;199
;22:41:30;37,1;290;305;123;56;107;55;350;374;125;65;93;54;88;154;74;31;125;100;107;148;200;105;47;177;129;110;115;81;99;109;92;122;212;170;136;189;217;120;152;164;105;187;157;147;133;176;179;86
;22:47:30;37,1;281;266;15;38;64;135;75;170;39;97;57;32;124;66;53;67;118;90;111;123;58;121;71;92;90;115;125;28;168;161;191;193;184;126;112;153;49;86;128;127;258;124;175;135;178;123;172;81
;22:53:30;37;180;157;135;18;83;82;314;223;28;98;68;71;42;98;78;44;107;59;76;85;118;73;33;118;131;179;87;61;126;96;130;38;161;145;175;117;162;152;216;114;136;145;181;75;221;205;128;99
;22:59:30;37;176;150;66;105;157;87;199;193;87;58;93;46;166;24;81;114;116;147;50;42;76;60;77;126;157;138;68;160;56;95;29;100;117;161;102;192;94;93;89;50;166;203;96;189;148;155;171;77
;23:05:30;37;240;269;45;47;121;156;335;172;88;96;108;141;73;71;60;120;152;28;72;49;45;153;149;138;75;146;113;84;118;162;144;110;88;199;212;127;122;235;139;125;121;116;83;185;72;151;113;179
;23:11:30;37;227;275;33;44;67;54;238;390;70;76;57;87;43;76;76;49;134;49;94;53;137;144;149;108;90;70;136;88;70;210;116;129;64;276;118;137;110;87;139;49;197;111;101;194;210;147;153;146
;23:17:30;37;194;181;127;144;85;95;255;138;118;108;110;94;139;56;65;80;85;75;73;20;209;116;80;122;100;90;76;202;46;132;105;169;173;117;87;125;170;161;244;92;220;127;128;249;92;350;137;118
;23:23:30;37;207;267;92;72;105;189;276;259;132;148;84;99;47;36;49;104;179;115;88;173;115;132;96;78;104;165;128;136;175;44;187;206;138;181;155;84;177;181;165;184;186;121;188;145;168;114;205;164
;23:29:30;37;300;234;30;54;36;84;441;265;24;49;153;53;70;135;34;53;91;44;95;96;109;90;158;80;54;185;160;125;111;132;70;233;71;185;106;132;125;205;158;136;158;75;125;189;199;216;206;183
;23:35:30;37,1;277;202;31;51;70;140;126;203;47;120;91;45;80;57;116;117;48;104;120;104;230;97;106;80;136;144;70;111;90;79;155;108;254;160;108;92;29;132;188;179;85;121;206;108;163;149;86;187
;23:41:30;37;174;234;111;63;55;69;300;262;51;121;140;76;86;63;88;125;128;70;55;121;78;222;53;123;106;120;119;207;92;102;175;165;160;127;216;52;149;97;162;141;106;168;178;121;113;120;126;100
;23:47:30;37,1;373;264;73;73;66;167;261;202;76;61;68;118;60;76;94;112;98;89;116;185;81;125;67;139;135;95;50;79;81;88;98;154;145;117;175;146;176;87;184;80;153;124;139;96;71;150;151;136
;23:53:30;37;174;313;79;70;9;104;197;192;66;152;143;62;15;46;120;107;111;140;122;117;74;120;115;106;50;149;88;134;173;117;93;162;170;120;154;80;175;150;196;126;93;116;110;228;102;138;131;77
;23:59:30;37,1;287;128;175;26;135;73;311;232;47;80;7;82;100;44;34;139;56;141;219;70;138;112;62;136;87;68;105;71;77;140;57;116;231;189;173;144;146;160;82;106;84;147;180;73;97;107;100;70
;24:05:30;37,1;243;318;77;64;101;22;275;331;193;66;110;79;50;80;97;138;111;83;22;100;187;123;18;121;103;142;109;117;139;77;133;136;175;100;162;79;146;116;139;180;123;94;168;142;172;179;141;123
;24:11:30;37;235;224;169;59;91;134;206;147;40;18;68;74;63;9;83;50;35;112;123;97;79;54;180;23;108;137;127;111;79;109;180;85;165;144;132;227;144;107;182;114;130;168;88;156;111;141;120;136
;24:17:30;37,1;259;442;72;46;107;65;135;237;85;65;145;120;78;103;94;57;205;89;30;125;56;144;57;88;159;162;167;147;161;111;135;198;123;150;47;147;137;127;192;124;97;99;87;166;120;106;131;127
;24:23:30;37,1;300;182;79;99;86;44;256;251;97;83;34;80;113;140;130;130;74;88;226;136;99;94;115;90;54;104;109;55;67;27;96;105;50;305;153;185;173;261;152;199;159;161;110;147;184;164;196;136
;24:29:30;37,2;218;214;92;86;53;33;217;351;86;124;67;36;127;84;39;126;46;109;159;30;7;177;100;66;127;143;156;91;138;189;94;150;154;163;70;143;99;96;162;81;162;121;169;118;134;110;145;112
;24:35:30;37,1;148;261;68;119;88;59;155;181;146;100;165;114;50;32;125;86;179;113;73;38;105;159;75;45;103;172;173;108;75;170;240;78;172;114;132;191;204;198;185;112;118;133;213;140;200;148;152;117
;24:41:30;37;156;175;45;35;55;149;290;260;129;99;78;81;77;112;84;12;90;168;121;124;110;40;73;122;169;85;112;33;190;149;84;158;125;188;145;99;133;96;96;207;182;155;153;52;96;177;84;134
;24:47:30;37;263;130;84;25;68;17;265;331;86;84;89;68;162;111;108;70;227;82;103;36;19;82;79;88;128;76;157;102;96;46;151;144;151;84;57;129;150;224;103;187;121;114;157;193;171;137;65;125
;24:53:30;37;184;202;130;82;72;53;240;324;53;120;62;61;88;157;64;185;132;101;69;77;66;154;102;102;122;138;100;178;75;128;93;153;164;196;189;126;237;231;214;61;118;87;163;47;166;132;174;108
;24:59:30;37;215;331;112;154;31;50;238;212;206;40;110;117;134;81;46;75;149;106;78;164;117;127;143;77;79;37;74;138;182;119;90;82;174;178;131;119;172;73;217;242;134;150;123;77;109;160;119;234
;25:05:30;37,1;322;323;107;67;62;84;237;150;110;128;65;0;87;148;52;63;82;95;137;138;33;145;41;171;82;172;48;91;93;43;43;121;92;99;222;136;205;96;69;167;84;235;66;230;105;199;128;179
;25:11:30;37,1;285;118;69;113;113;50;421;313;69;146;91;96;127;42;47;54;110;111;105;148;85;93;99;53;75;62;181;160;107;154;138;121;151;173;161;114;147;130;60;39;168;86;96;190;204;142;215;108
;25:17:30;37,1;213;232;169;141;53;90;160;258;36;92;120;125;85;55;77;97;63;121;80;145;95;63;145;48;145;192;165;175;137;153;87;55;172;255;80;128;186;103;115;87;90;119;168;154;175;166;78;87
;25:23:30;37,1;259;294;107;71;66;36;252;242;61;77;138;107;63;66;90;100;82;54;76;90;80;46;116;98;72;104;122;100;41;186;108;99;83;162;123;125;64;73;164;156;147;252;156;164;85;127;210;59
;25:29:30;37,1;233;240;108;115;91;71;176;256;71;39;142;78;204;119;82;77;109;37;29;65;114;91;77;58;161;98;108;47;138;117;154;205;186;160;87;141;179;198;63;153;191;101;92;178;65;97;173;134
;25:35:30;37,1;193;135;49;107;75;88;219;314;33;134;87;50;52;63;35;200;89;77;112;61;105;120;61;93;101;86;143;68;118;85;145;85;109;116;83;170;124;136;98;82;107;84;143;154;95;162;147;216
;25:41:30;37,1;142;345;11;122;51;51;356;309;98;92;63;154;66;100;126;93;79;119;125;69;69;78;32;106;93;117;86;111;124;126;74;164;126;147;97;56;142;156;75;150;177;83;175;110;110;144;193;130
;25:47:30;37,1;251;271;68;95;68;81;205;260;51;139;75;95;182;116;110;115;116;122;32;102;94;96;105;175;72;194;132;157;124;49;61;63;178;116;144;160;112;173;142;119;101;118;123;117;107;159;133;300
;25:53:30;37,1;249;240;66;45;89;94;273;181;25;82;84;122;53;41;81;15;81;94;72;85;128;84;152;82;117;142;123;67;31;212;75;79;231;116;106;15;172;97;167;138;181;133;97;181;216;184;169;154
;25:59:30;37,1;192;77;92;62;45;65;220;362;88;73;66;112;73;95;64;104;149;83;67;91;76;82;100;92;88;88;136;119;70;68;82;145;150;159;184;161;82;94;159;242;92;143;138;140;151;236;184;128
;26:05:30;37,1;252;305;79;99;15;130;261;272;116;98;71;83;67;73;189;157;68;143;79;55;154;180;114;152;139;107;136;114;112;47;122;167;120;123;67;190;224;77;243;136;221;108;121;198;163;133;119;231
;26:11:30;37;359;340;145;45;135;190;180;281;129;112;92;93;153;65;29;117;80;143;59;45;73;119;71;146;142;34;145;125;89;228;101;148;217;96;165;80;95;152;105;75;119;112;141;259;163;136;118;188
;26:17:30;37;184;183;72;135;52;114;128;187;102;56;129;63;81;37;65;55;48;99;115;150;82;167;97;66;122;109;43;134;141;96;144;79;188;157;197;117;107;114;118;98;83;83;134;93;111;141;191;59
;26:23:30;37;376;239;69;68;70;144;155;254;91;168;139;115;102;71;34;75;55;69;40;98;161;34;54;120;81;109;105;89;129;128;141;107;203;210;192;115;133;200;90;152;127;108;183;59;198;144;134;165
;26:29:30;37;162;174;73;40;56;56;202;265;51;98;104;12;114;124;93;110;100;112;31;116;118;93;94;81;86;244;91;99;79;92;163;89;98;79;79;96;167;91;133;117;186;116;175;141;95;184;121;151
;26:35:30;37;214;242;72;73;110;94;263;202;67;17;130;47;125;34;119;68;94;128;105;37;123;77;114;85;152;117;107;83;124;116;190;28;64;121;139;103;101;105;137;156;139;200;144;178;95;155;154;90
;26:41:30;37,1;296;236;90;90;63;30;358;255;67;118;109;132;81;46;94;102;106;64;164;115;82;121;155;181;110;98;75;76;74;149;191;88;56;207;69;168;160;124;77;167;79;153;103;89;155;121;96;153
;26:47:30;37;216;274;74;88;98;111;280;236;83;37;222;153;107;137;67;81;193;61;106;13;74;109;77;46;152;115;205;99;196;80;33;54;139;155;614;163;79;127;139;142;186;214;121;64;83;179;223;122
;26:53:30;37,1;241;256;83;103;121;159;325;261;73;99;124;67;63;59;71;100;98;86;83;88;77;149;82;174;100;74;130;81;104;144;127;104;180;75;94;107;57;195;94;166;63;97;95;124;90;160;62;158
;26:59:30;37;312;260;73;72;39;104;305;176;68;102;110;56;66;96;88;143;69;47;126;71;68;88;52;86;100;145;70;105;87;132;134;109;143;169;206;78;101;123;149;150;151;135;150;115;141;187;181;49
;27:05:30;37,1;277;216;67;68;68;154;331;188;120;17;122;87;13;58;58;99;76;47;91;31;118;75;88;71;186;96;91;192;77;115;140;96;183;102;133;100;98;113;89;232;134;113;288;108;112;177;134;185
;27:11:30;37,1;159;250;117;86;79;48;78;265;134;138;47;83;70;49;108;75;67;126;101;125;80;53;73;141;88;150;104;66;163;96;147;163;97;41;98;213;128;75;104;255;173;142;96;150;156;60;82;166
;27:17:30;37,1;237;200;58;15;75;86;193;215;106;99;83;92;94;122;158;107;66;80;83;54;89;125;67;100;82;154;79;104;114;81;167;58;114;136;151;117;186;153;166;143;179;231;132;112;156;55;266;148
;27:23:30;37,1;173;275;141;64;43;156;250;201;127;0;108;77;109;82;124;125;84;68;122;188;97;109;131;189;100;136;80;68;89;34;100;205;169;161;151;68;25;170;120;104;232;125;153;53;160;213;146;57
;27:29:30;37,1;231;254;137;67;125;123;353;295;105;67;111;48;64;117;72;89;99;120;42;85;131;117;53;113;65;103;192;172;117;131;119;95;157;38;123;78;154;75;126;79;140;114;63;163;71;90;87;156
;27:35:30;37;295;311;44;117;55;86;265;196;68;66;56;112;69;126;102;97;108;65;55;82;28;78;130;68;66;28;88;51;168;125;73;159;107;187;179;129;128;104;108;245;121;93;186;169;122;120;114;62
;27:41:30;37;244;226;63;29;67;80;281;199;67;222;57;59;61;22;70;132;124;168;102;202;32;148;129;109;100;148;103;82;73;82;147;178;91;153;135;194;203;188;104;199;115;112;26;216;153;167;150;137
;27:47:30;37;270;270;65;80;130;107;249;182;91;74;101;88;100;55;31;128;181;105;77;144;50;114;66;47;155;64;170;137;116;199;89;75;140;155;101;99;76;143;163;162;223;122;125;202;149;66;70;161
;27:53:30;37;297;81;76;108;85;89;314;198;99;99;52;129;104;58;99;119;114;167;47;162;64;130;67;43;146;116;82;148;90;211;152;104;123;47;139;218;97;210;130;109;171;163;184;272;106;171;75;120
;27:59:30;37,1;219;168;159;83;154;23;242;340;109;96;83;59;118;78;73;104;91;36;156;57;167;111;74;133;63;161;142;98;81;102;87;85;189;157;235;66;51;112;155;184;177;98;104;88;135;89;114;135
;28:05:30;37,1;239;212;117;102;99;131;102;281;58;44;84;66;111;173;136;82;178;162;67;85;151;24;83;97;129;154;70;47;51;226;130;155;89;142;46;134;162;131;154;193;139;141;134;154;296;171;159;118
;28:11:30;37,1;414;214;39;96;90;113;308;218;92;85;58;125;86;223;68;141;41;83;166;102;53;32;172;36;86;116;154;176;126;70;110;101;140;175;193;122;56;154;150;167;108;150;185;166;118;142;123;109
;28:17:30;37,1;189;212;105;99;53;16;280;192;63;117;94;27;97;73;57;139;69;69;148;111;140;70;50;100;137;168;114;216;53;51;246;166;145;143;86;103;140;197;54;218;112;120;76;143;195;133;96;60
;28:23:30;37,1;261;318;57;94;19;18;219;232;77;81;149;54;70;57;112;75;127;70;100;62;30;89;144;149;118;73;84;88;80;144;114;114;107;168;106;9;70;194;92;138;139;123;90;108;110;130;130;104
;28:29:30;37,1;245;200;84;107;83;58;186;219;94;64;99;65;85;68;48;56;61;98;65;70;172;62;84;149;87;182;145;59;36;136;97;204;132;157;116;152;165;81;155;151;68;86;104;134;116;149;178;158
;28:35:30;37,1;288;264;65;32;143;72;257;253;148;60;50;140;71;21;63;135;51;86;110;32;70;108;64;85;103;178;93;161;210;91;107;72;83;85;103;148;127;70;148;103;100;118;158;100;160;159;204;160
;28:41:30;37;248;252;74;50;86;38;182;174;110;133;148;90;61;84;43;79;53;92;68;169;90;105;94;83;124;125;97;34;105;125;63;141;70;65;115;98;149;175;151;158;71;95;125;147;183;180;123;170
;28:47:30;37;188;253;136;67;103;155;218;248;71;158;61;62;66;42;79;53;69;116;68;82;144;136;102;137;94;101;74;90;135;184;91;79;113;169;151;179;81;105;162;152;97;108;83;190;95;135;134;209
;28:53:30;37;257;219;64;43;58;99;247;104;142;25;28;119;106;90;109;143;109;170;110;42;100;74;86;132;70;122;103;126;79;117;108;164;171;178;84;128;242;134;124;196;105;73;85;205;114;143;125;203
;28:59:30;37,1;358;284;96;82;85;86;218;370;96;122;45;95;88;113;45;206;146;111;98;202;58;79;57;138;181;41;91;62;110;112;45;163;56;125;103;122;129;189;126;116;113;75;158;191;127;153;134;159
;29:05:30;37,1;195;268;102;69;39;65;231;208;76;119;150;89;71;106;79;54;78;76;81;97;80;80;56;109;98;79;110;103;44;106;70;59;102;130;71;85;144;95;109;157;65;68;127;144;147;55;115;93
;29:11:30;37,1;208;245;52;146;134;94;228;204;128;38;46;35;149;92;78;51;94;57;142;84;138;43;106;159;103;135;150;121;153;178;109;189;106;92;138;134;59;84;129;240;143;112;211;170;193;55;87;133
;29:17:30;37,1;228;267;61;93;110;120;216;246;106;169;82;82;117;52;114;67;98;85;70;54;34;63;42;122;146;128;189;128;79;117;137;149;101;140;142;136;75;114;75;110;192;205;78;209;191;162;136;108
;29:23:30;37,1;185;274;107;71;49;73;278;204;70;94;67;131;32;128;61;49;44;81;75;139;80;113;125;80;108;74;103;145;86;118;192;149;100;62;122;89;168;169;157;121;113;111;49;70;58;118;120;101
;29:29:30;37,1;237;128;85;78;129;57;356;220;67;85;70;137;126;74;130;42;116;209;122;97;62;69;52;81;119;115;28;223;35;95;159;157;117;162;158;175;241;129;155;110;99;132;101;125;66;142;123;83
;29:35:30;37,1;281;239;69;129;8;78;314;257;38;111;107;121;72;103;112;37;214;96;114;130;71;94;91;84;77;121;128;116;117;150;126;190;111;111;63;94;144;215;166;143;102;110;112;158;48;122;136;213
;29:41:30;37,1;149;412;29;48;22;54;132;159;109;94;96;141;93;80;77;51;88;203;109;55;52;54;93;136;115;184;62;85;159;116;70;124;132;146;95;116;146;109;87;219;72;86;204;65;106;11;193;184
;29:47:30;37;318;243;71;77;206;152;252;171;96;132;87;105;88;33;106;98;86;127;93;60;38;173;81;215;84;175;120;93;85;193;163;131;175;169;190;157;109;156;137;115;185;113;71;108;80;110;151;85
;29:53:30;37;266;243;27;120;123;95;223;112;74;91;63;52;52;128;153;84;53;161;101;139;81;103;128;144;85;39;76;157;138;152;113;63;169;91;154;181;66;152;49;112;127;82;158;83;138;127;143;71
;29:59:30;37;261;250;83;65;128;77;240;155;50;52;54;12;47;131;86;88;111;43;46;80;116;92;98;78;87;103;112;131;145;188;169;78;204;151;188;93;97;127;163;102;106;79;163;108;170;132;276;136
;30:05:30;37;226;346;132;105;69;80;206;206;112;93;86;111;155;109;72;150;127;98;90;135;76;162;128;70;104;87;137;141;199;134;141;132;158;77;103;76;115;102;85;205;80;114;198;112;160;247;219;201
;30:11:30;37,1;333;218;79;47;105;147;255;124;51;118;109;221;47;110;116;58;64;94;99;58;67;132;55;113;115;194;117;231;166;56;126;122;182;197;174;124;77;102;108;101;142;163;216;101;149;178;142;166
;30:17:30;37,1;195;276;95;33;109;63;234;175;137;164;114;97;39;91;49;161;79;145;37;138;73;114;98;69;203;75;141;55;101;155;28;99;150;142;118;87;137;186;129;128;132;123;125;206;136;199;205;176
;30:23:30;37,1;271;195;63;74;105;75;311;155;88;132;86;165;73;71;46;109;102;66;48;80;69;94;82;119;112;213;175;153;180;110;117;150;92;69;123;155;135;148;147;137;127;132;141;142;166;87;156;130
;30:29:30;37,1;132;271;60;107;57;74;353;258;99;138;75;48;19;107;209;114;131;91;144;145;35;72;85;124;34;92;86;108;92;161;127;106;179;102;112;147;43;147;118;154;65;155;116;151;112;216;73;124
;30:35:30;37,1;343;258;57;33;93;102;266;214;84;159;67;61;110;56;87;111;193;88;114;94;117;138;42;126;108;140;87;89;108;82;81;155;71;144;104;137;113;116;82;103;85;53;106;131;124;127;174;105
;30:41:30;37,1;260;175;68;65;66;80;271;107;118;87;85;153;67;91;51;26;177;118;115;73;85;84;94;179;62;157;198;190;139;243;126;71;123;154;122;178;176;132;55;157;276;148;93;156;158;122;81;132
;30:47:30;37,1;288;136;146;54;87;36;260;178;72;125;85;197;128;78;155;71;74;84;98;85;77;88;25;215;172;121;126;177;72;98;117;80;153;22;93;147;84;126;188;152;92;128;130;185;100;95;146;119
;30:53:30;37;192;286;48;82;47;132;333;209;118;79;124;59;72;76;81;54;205;106;84;42;83;77;142;126;66;112;103;114;73;70;100;136;134;92;154;85;84;115;143;196;232;204;107;85;195;110;200;169
;30:59:30;37;285;238;48;70;101;37;196;286;125;89;57;97;12;102;67;78;57;28;62;61;24;81;130;113;118;198;134;111;143;77;67;150;135;124;144;88;117;88;143;124;177;135;107;127;209;153;138;133
;31:05:30;37;212;157;130;21;161;68;244;169;58;137;89;87;88;79;59;130;93;116;132;66;184;122;179;130;120;110;140;108;110;108;108;44;197;96;132;44;61;145;148;195;185;95;79;143;188;208;98;111
;31:11:30;37,1;261;333;109;37;72;105;248;152;67;125;114;92;136;99;110;61;126;16;59;63;118;112;79;72;118;106;216;63;132;88;148;71;132;110;113;99;94;244;174;104;106;118;44;137;71;155;117;150
;00:00:00;;;;;;;;;;;;;;;;;;;;;;;;;;;;;;;;;;;;;;;;;;;;;;;;;
;00:00:00;;;;;;;;;;;;;;;;;;;;;;;;;;;;;;;;;;;;;;;;;;;;;;;;;
;00:00:00;;;;;;;;;;;;;;;;;;;;;;;;;;;;;;;;;;;;;;;;;;;;;;;;;
;00:00:00;;;;;;;;;;;;;;;;;;;;;;;;;;;;;;;;;;;;;;;;;;;;;;;;;
;00:00:00;;;;;;;;;;;;;;;;;;;;;;;;;;;;;;;;;;;;;;;;;;;;;;;;;
;00:00:00;;;;;;;;;;;;;;;;;;;;;;;;;;;;;;;;;;;;;;;;;;;;;;;;;
;00:00:00;;;;;;;;;;;;;;;;;;;;;;;;;;;;;;;;;;;;;;;;;;;;;;;;;
;00:00:00;;;;;;;;;;;;;;;;;;;;;;;;;;;;;;;;;;;;;;;;;;;;;;;;;
;00:00:00;;;;;;;;;;;;;;;;;;;;;;;;;;;;;;;;;;;;;;;;;;;;;;;;;
;00:00:00;;;;;;;;;;;;;;;;;;;;;;;;;;;;;;;;;;;;;;;;;;;;;;;;;
;00:00:00;;;;;;;;;;;;;;;;;;;;;;;;;;;;;;;;;;;;;;;;;;;;;;;;;
;00:00:00;;;;;;;;;;;;;;;;;;;;;;;;;;;;;;;;;;;;;;;;;;;;;;;;;
;00:00:00;;;;;;;;;;;;;;;;;;;;;;;;;;;;;;;;;;;;;;;;;;;;;;;;;
;00:00:00;;;;;;;;;;;;;;;;;;;;;;;;;;;;;;;;;;;;;;;;;;;;;;;;;
;00:00:00;;;;;;;;;;;;;;;;;;;;;;;;;;;;;;;;;;;;;;;;;;;;;;;;;
;00:00:00;;;;;;;;;;;;;;;;;;;;;;;;;;;;;;;;;;;;;;;;;;;;;;;;;
;00:00:00;;;;;;;;;;;;;;;;;;;;;;;;;;;;;;;;;;;;;;;;;;;;;;;;;
;00:00:00;;;;;;;;;;;;;;;;;;;;;;;;;;;;;;;;;;;;;;;;;;;;;;;;;
;00:00:00;;;;;;;;;;;;;;;;;;;;;;;;;;;;;;;;;;;;;;;;;;;;;;;;;
;00:00:00;;;;;;;;;;;;;;;;;;;;;;;;;;;;;;;;;;;;;;;;;;;;;;;;;
;00:00:00;;;;;;;;;;;;;;;;;;;;;;;;;;;;;;;;;;;;;;;;;;;;;;;;;
;00:00:00;;;;;;;;;;;;;;;;;;;;;;;;;;;;;;;;;;;;;;;;;;;;;;;;;
;00:00:00;;;;;;;;;;;;;;;;;;;;;;;;;;;;;;;;;;;;;;;;;;;;;;;;;
;00:00:00;;;;;;;;;;;;;;;;;;;;;;;;;;;;;;;;;;;;;;;;;;;;;;;;;
;00:00:00;;;;;;;;;;;;;;;;;;;;;;;;;;;;;;;;;;;;;;;;;;;;;;;;;
;00:00:00;;;;;;;;;;;;;;;;;;;;;;;;;;;;;;;;;;;;;;;;;;;;;;;;;
;00:00:00;;;;;;;;;;;;;;;;;;;;;;;;;;;;;;;;;;;;;;;;;;;;;;;;;
;00:00:00;;;;;;;;;;;;;;;;;;;;;;;;;;;;;;;;;;;;;;;;;;;;;;;;;
;00:00:00;;;;;;;;;;;;;;;;;;;;;;;;;;;;;;;;;;;;;;;;;;;;;;;;;
;00:00:00;;;;;;;;;;;;;;;;;;;;;;;;;;;;;;;;;;;;;;;;;;;;;;;;;
;00:00:00;;;;;;;;;;;;;;;;;;;;;;;;;;;;;;;;;;;;;;;;;;;;;;;;;
;00:00:00;;;;;;;;;;;;;;;;;;;;;;;;;;;;;;;;;;;;;;;;;;;;;;;;;
;00:00:00;;;;;;;;;;;;;;;;;;;;;;;;;;;;;;;;;;;;;;;;;;;;;;;;;
;00:00:00;;;;;;;;;;;;;;;;;;;;;;;;;;;;;;;;;;;;;;;;;;;;;;;;;
;00:00:00;;;;;;;;;;;;;;;;;;;;;;;;;;;;;;;;;;;;;;;;;;;;;;;;;
;00:00:00;;;;;;;;;;;;;;;;;;;;;;;;;;;;;;;;;;;;;;;;;;;;;;;;;
;00:00:00;;;;;;;;;;;;;;;;;;;;;;;;;;;;;;;;;;;;;;;;;;;;;;;;;
;00:00:00;;;;;;;;;;;;;;;;;;;;;;;;;;;;;;;;;;;;;;;;;;;;;;;;;
;00:00:00;;;;;;;;;;;;;;;;;;;;;;;;;;;;;;;;;;;;;;;;;;;;;;;;;
;00:00:00;;;;;;;;;;;;;;;;;;;;;;;;;;;;;;;;;;;;;;;;;;;;;;;;;
;00:00:00;;;;;;;;;;;;;;;;;;;;;;;;;;;;;;;;;;;;;;;;;;;;;;;;;
;00:00:00;;;;;;;;;;;;;;;;;;;;;;;;;;;;;;;;;;;;;;;;;;;;;;;;;
;00:00:00;;;;;;;;;;;;;;;;;;;;;;;;;;;;;;;;;;;;;;;;;;;;;;;;;
;00:00:00;;;;;;;;;;;;;;;;;;;;;;;;;;;;;;;;;;;;;;;;;;;;;;;;;
;00:00:00;;;;;;;;;;;;;;;;;;;;;;;;;;;;;;;;;;;;;;;;;;;;;;;;;
;00:00:00;;;;;;;;;;;;;;;;;;;;;;;;;;;;;;;;;;;;;;;;;;;;;;;;;
;00:00:00;;;;;;;;;;;;;;;;;;;;;;;;;;;;;;;;;;;;;;;;;;;;;;;;;
;00:00:00;;;;;;;;;;;;;;;;;;;;;;;;;;;;;;;;;;;;;;;;;;;;;;;;;
;00:00:00;;;;;;;;;;;;;;;;;;;;;;;;;;;;;;;;;;;;;;;;;;;;;;;;;
;00:00:00;;;;;;;;;;;;;;;;;;;;;;;;;;;;;;;;;;;;;;;;;;;;;;;;;
;00:00:00;;;;;;;;;;;;;;;;;;;;;;;;;;;;;;;;;;;;;;;;;;;;;;;;;
;00:00:00;;;;;;;;;;;;;;;;;;;;;;;;;;;;;;;;;;;;;;;;;;;;;;;;;
;00:00:00;;;;;;;;;;;;;;;;;;;;;;;;;;;;;;;;;;;;;;;;;;;;;;;;;
;00:00:00;;;;;;;;;;;;;;;;;;;;;;;;;;;;;;;;;;;;;;;;;;;;;;;;;
;00:00:00;;;;;;;;;;;;;;;;;;;;;;;;;;;;;;;;;;;;;;;;;;;;;;;;;
;00:00:00;;;;;;;;;;;;;;;;;;;;;;;;;;;;;;;;;;;;;;;;;;;;;;;;;
;00:00:00;;;;;;;;;;;;;;;;;;;;;;;;;;;;;;;;;;;;;;;;;;;;;;;;;
;00:00:00;;;;;;;;;;;;;;;;;;;;;;;;;;;;;;;;;;;;;;;;;;;;;;;;;
;00:00:00;;;;;;;;;;;;;;;;;;;;;;;;;;;;;;;;;;;;;;;;;;;;;;;;;
;00:00:00;;;;;;;;;;;;;;;;;;;;;;;;;;;;;;;;;;;;;;;;;;;;;;;;;
;00:00:00;;;;;;;;;;;;;;;;;;;;;;;;;;;;;;;;;;;;;;;;;;;;;;;;;
;00:00:00;;;;;;;;;;;;;;;;;;;;;;;;;;;;;;;;;;;;;;;;;;;;;;;;;
;00:00:00;;;;;;;;;;;;;;;;;;;;;;;;;;;;;;;;;;;;;;;;;;;;;;;;;
;00:00:00;;;;;;;;;;;;;;;;;;;;;;;;;;;;;;;;;;;;;;;;;;;;;;;;;
;00:00:00;;;;;;;;;;;;;;;;;;;;;;;;;;;;;;;;;;;;;;;;;;;;;;;;;
;00:00:00;;;;;;;;;;;;;;;;;;;;;;;;;;;;;;;;;;;;;;;;;;;;;;;;;
;00:00:00;;;;;;;;;;;;;;;;;;;;;;;;;;;;;;;;;;;;;;;;;;;;;;;;;
;00:00:00;;;;;;;;;;;;;;;;;;;;;;;;;;;;;;;;;;;;;;;;;;;;;;;;;
;00:00:00;;;;;;;;;;;;;;;;;;;;;;;;;;;;;;;;;;;;;;;;;;;;;;;;;
;00:00:00;;;;;;;;;;;;;;;;;;;;;;;;;;;;;;;;;;;;;;;;;;;;;;;;;
;00:00:00;;;;;;;;;;;;;;;;;;;;;;;;;;;;;;;;;;;;;;;;;;;;;;;;;
;00:00:00;;;;;;;;;;;;;;;;;;;;;;;;;;;;;;;;;;;;;;;;;;;;;;;;;
;00:00:00;;;;;;;;;;;;;;;;;;;;;;;;;;;;;;;;;;;;;;;;;;;;;;;;;
;00:00:00;;;;;;;;;;;;;;;;;;;;;;;;;;;;;;;;;;;;;;;;;;;;;;;;;
;00:00:00;;;;;;;;;;;;;;;;;;;;;;;;;;;;;;;;;;;;;;;;;;;;;;;;;
;00:00:00;;;;;;;;;;;;;;;;;;;;;;;;;;;;;;;;;;;;;;;;;;;;;;;;;
;00:00:00;;;;;;;;;;;;;;;;;;;;;;;;;;;;;;;;;;;;;;;;;;;;;;;;;
;00:00:00;;;;;;;;;;;;;;;;;;;;;;;;;;;;;;;;;;;;;;;;;;;;;;;;;
;00:00:00;;;;;;;;;;;;;;;;;;;;;;;;;;;;;;;;;;;;;;;;;;;;;;;;;
;00:00:00;;;;;;;;;;;;;;;;;;;;;;;;;;;;;;;;;;;;;;;;;;;;;;;;;
;00:00:00;;;;;;;;;;;;;;;;;;;;;;;;;;;;;;;;;;;;;;;;;;;;;;;;;
;00:00:00;;;;;;;;;;;;;;;;;;;;;;;;;;;;;;;;;;;;;;;;;;;;;;;;;
;00:00:00;;;;;;;;;;;;;;;;;;;;;;;;;;;;;;;;;;;;;;;;;;;;;;;;;
;00:00:00;;;;;;;;;;;;;;;;;;;;;;;;;;;;;;;;;;;;;;;;;;;;;;;;;
;00:00:00;;;;;;;;;;;;;;;;;;;;;;;;;;;;;;;;;;;;;;;;;;;;;;;;;
;00:00:00;;;;;;;;;;;;;;;;;;;;;;;;;;;;;;;;;;;;;;;;;;;;;;;;;
;00:00:00;;;;;;;;;;;;;;;;;;;;;;;;;;;;;;;;;;;;;;;;;;;;;;;;;
;00:00:00;;;;;;;;;;;;;;;;;;;;;;;;;;;;;;;;;;;;;;;;;;;;;;;;;
;00:00:00;;;;;;;;;;;;;;;;;;;;;;;;;;;;;;;;;;;;;;;;;;;;;;;;;
;00:00:00;;;;;;;;;;;;;;;;;;;;;;;;;;;;;;;;;;;;;;;;;;;;;;;;;
;00:00:00;;;;;;;;;;;;;;;;;;;;;;;;;;;;;;;;;;;;;;;;;;;;;;;;;
;00:00:00;;;;;;;;;;;;;;;;;;;;;;;;;;;;;;;;;;;;;;;;;;;;;;;;;
;00:00:00;;;;;;;;;;;;;;;;;;;;;;;;;;;;;;;;;;;;;;;;;;;;;;;;;
;00:00:00;;;;;;;;;;;;;;;;;;;;;;;;;;;;;;;;;;;;;;;;;;;;;;;;;
;00:00:00;;;;;;;;;;;;;;;;;;;;;;;;;;;;;;;;;;;;;;;;;;;;;;;;;
;00:00:00;;;;;;;;;;;;;;;;;;;;;;;;;;;;;;;;;;;;;;;;;;;;;;;;;
;00:00:00;;;;;;;;;;;;;;;;;;;;;;;;;;;;;;;;;;;;;;;;;;;;;;;;;
;00:00:00;;;;;;;;;;;;;;;;;;;;;;;;;;;;;;;;;;;;;;;;;;;;;;;;;
;00:00:00;;;;;;;;;;;;;;;;;;;;;;;;;;;;;;;;;;;;;;;;;;;;;;;;;
;00:00:00;;;;;;;;;;;;;;;;;;;;;;;;;;;;;;;;;;;;;;;;;;;;;;;;;
;00:00:00;;;;;;;;;;;;;;;;;;;;;;;;;;;;;;;;;;;;;;;;;;;;;;;;;
;00:00:00;;;;;;;;;;;;;;;;;;;;;;;;;;;;;;;;;;;;;;;;;;;;;;;;;
;00:00:00;;;;;;;;;;;;;;;;;;;;;;;;;;;;;;;;;;;;;;;;;;;;;;;;;
;00:00:00;;;;;;;;;;;;;;;;;;;;;;;;;;;;;;;;;;;;;;;;;;;;;;;;;
;00:00:00;;;;;;;;;;;;;;;;;;;;;;;;;;;;;;;;;;;;;;;;;;;;;;;;;
;00:00:00;;;;;;;;;;;;;;;;;;;;;;;;;;;;;;;;;;;;;;;;;;;;;;;;;
;00:00:00;;;;;;;;;;;;;;;;;;;;;;;;;;;;;;;;;;;;;;;;;;;;;;;;;
;00:00:00;;;;;;;;;;;;;;;;;;;;;;;;;;;;;;;;;;;;;;;;;;;;;;;;;
;00:00:00;;;;;;;;;;;;;;;;;;;;;;;;;;;;;;;;;;;;;;;;;;;;;;;;;
;00:00:00;;;;;;;;;;;;;;;;;;;;;;;;;;;;;;;;;;;;;;;;;;;;;;;;;
;00:00:00;;;;;;;;;;;;;;;;;;;;;;;;;;;;;;;;;;;;;;;;;;;;;;;;;
;00:00:00;;;;;;;;;;;;;;;;;;;;;;;;;;;;;;;;;;;;;;;;;;;;;;;;;
;00:00:00;;;;;;;;;;;;;;;;;;;;;;;;;;;;;;;;;;;;;;;;;;;;;;;;;
;00:00:00;;;;;;;;;;;;;;;;;;;;;;;;;;;;;;;;;;;;;;;;;;;;;;;;;
;00:00:00;;;;;;;;;;;;;;;;;;;;;;;;;;;;;;;;;;;;;;;;;;;;;;;;;
;00:00:00;;;;;;;;;;;;;;;;;;;;;;;;;;;;;;;;;;;;;;;;;;;;;;;;;
;00:00:00;;;;;;;;;;;;;;;;;;;;;;;;;;;;;;;;;;;;;;;;;;;;;;;;;
;00:00:00;;;;;;;;;;;;;;;;;;;;;;;;;;;;;;;;;;;;;;;;;;;;;;;;;
;00:00:00;;;;;;;;;;;;;;;;;;;;;;;;;;;;;;;;;;;;;;;;;;;;;;;;;
;00:00:00;;;;;;;;;;;;;;;;;;;;;;;;;;;;;;;;;;;;;;;;;;;;;;;;;
;00:00:00;;;;;;;;;;;;;;;;;;;;;;;;;;;;;;;;;;;;;;;;;;;;;;;;;
;00:00:00;;;;;;;;;;;;;;;;;;;;;;;;;;;;;;;;;;;;;;;;;;;;;;;;;
;00:00:00;;;;;;;;;;;;;;;;;;;;;;;;;;;;;;;;;;;;;;;;;;;;;;;;;
;00:00:00;;;;;;;;;;;;;;;;;;;;;;;;;;;;;;;;;;;;;;;;;;;;;;;;;
;00:00:00;;;;;;;;;;;;;;;;;;;;;;;;;;;;;;;;;;;;;;;;;;;;;;;;;
;00:00:00;;;;;;;;;;;;;;;;;;;;;;;;;;;;;;;;;;;;;;;;;;;;;;;;;
;00:00:00;;;;;;;;;;;;;;;;;;;;;;;;;;;;;;;;;;;;;;;;;;;;;;;;;
;00:00:00;;;;;;;;;;;;;;;;;;;;;;;;;;;;;;;;;;;;;;;;;;;;;;;;;
;00:00:00;;;;;;;;;;;;;;;;;;;;;;;;;;;;;;;;;;;;;;;;;;;;;;;;;
;00:00:00;;;;;;;;;;;;;;;;;;;;;;;;;;;;;;;;;;;;;;;;;;;;;;;;;
;00:00:00;;;;;;;;;;;;;;;;;;;;;;;;;;;;;;;;;;;;;;;;;;;;;;;;;
;00:00:00;;;;;;;;;;;;;;;;;;;;;;;;;;;;;;;;;;;;;;;;;;;;;;;;;
;00:00:00;;;;;;;;;;;;;;;;;;;;;;;;;;;;;;;;;;;;;;;;;;;;;;;;;
;00:00:00;;;;;;;;;;;;;;;;;;;;;;;;;;;;;;;;;;;;;;;;;;;;;;;;;
;00:00:00;;;;;;;;;;;;;;;;;;;;;;;;;;;;;;;;;;;;;;;;;;;;;;;;;
;00:00:00;;;;;;;;;;;;;;;;;;;;;;;;;;;;;;;;;;;;;;;;;;;;;;;;;
;00:00:00;;;;;;;;;;;;;;;;;;;;;;;;;;;;;;;;;;;;;;;;;;;;;;;;;
;00:00:00;;;;;;;;;;;;;;;;;;;;;;;;;;;;;;;;;;;;;;;;;;;;;;;;;
;00:00:00;;;;;;;;;;;;;;;;;;;;;;;;;;;;;;;;;;;;;;;;;;;;;;;;;
;00:00:00;;;;;;;;;;;;;;;;;;;;;;;;;;;;;;;;;;;;;;;;;;;;;;;;;
;00:00:00;;;;;;;;;;;;;;;;;;;;;;;;;;;;;;;;;;;;;;;;;;;;;;;;;
;00:00:00;;;;;;;;;;;;;;;;;;;;;;;;;;;;;;;;;;;;;;;;;;;;;;;;;
;00:00:00;;;;;;;;;;;;;;;;;;;;;;;;;;;;;;;;;;;;;;;;;;;;;;;;;
;00:00:00;;;;;;;;;;;;;;;;;;;;;;;;;;;;;;;;;;;;;;;;;;;;;;;;;
;00:00:00;;;;;;;;;;;;;;;;;;;;;;;;;;;;;;;;;;;;;;;;;;;;;;;;;
;00:00:00;;;;;;;;;;;;;;;;;;;;;;;;;;;;;;;;;;;;;;;;;;;;;;;;;
;00:00:00;;;;;;;;;;;;;;;;;;;;;;;;;;;;;;;;;;;;;;;;;;;;;;;;;
;00:00:00;;;;;;;;;;;;;;;;;;;;;;;;;;;;;;;;;;;;;;;;;;;;;;;;;
;00:00:00;;;;;;;;;;;;;;;;;;;;;;;;;;;;;;;;;;;;;;;;;;;;;;;;;
;00:00:00;;;;;;;;;;;;;;;;;;;;;;;;;;;;;;;;;;;;;;;;;;;;;;;;;
;00:00:00;;;;;;;;;;;;;;;;;;;;;;;;;;;;;;;;;;;;;;;;;;;;;;;;;
;00:00:00;;;;;;;;;;;;;;;;;;;;;;;;;;;;;;;;;;;;;;;;;;;;;;;;;
;00:00:00;;;;;;;;;;;;;;;;;;;;;;;;;;;;;;;;;;;;;;;;;;;;;;;;;
;00:00:00;;;;;;;;;;;;;;;;;;;;;;;;;;;;;;;;;;;;;;;;;;;;;;;;;
;00:00:00;;;;;;;;;;;;;;;;;;;;;;;;;;;;;;;;;;;;;;;;;;;;;;;;;
;00:00:00;;;;;;;;;;;;;;;;;;;;;;;;;;;;;;;;;;;;;;;;;;;;;;;;;
;00:00:00;;;;;;;;;;;;;;;;;;;;;;;;;;;;;;;;;;;;;;;;;;;;;;;;;
;00:00:00;;;;;;;;;;;;;;;;;;;;;;;;;;;;;;;;;;;;;;;;;;;;;;;;;
;00:00:00;;;;;;;;;;;;;;;;;;;;;;;;;;;;;;;;;;;;;;;;;;;;;;;;;
;00:00:00;;;;;;;;;;;;;;;;;;;;;;;;;;;;;;;;;;;;;;;;;;;;;;;;;
;00:00:00;;;;;;;;;;;;;;;;;;;;;;;;;;;;;;;;;;;;;;;;;;;;;;;;;
;00:00:00;;;;;;;;;;;;;;;;;;;;;;;;;;;;;;;;;;;;;;;;;;;;;;;;;
;00:00:00;;;;;;;;;;;;;;;;;;;;;;;;;;;;;;;;;;;;;;;;;;;;;;;;;
;00:00:00;;;;;;;;;;;;;;;;;;;;;;;;;;;;;;;;;;;;;;;;;;;;;;;;;
;00:00:00;;;;;;;;;;;;;;;;;;;;;;;;;;;;;;;;;;;;;;;;;;;;;;;;;
;00:00:00;;;;;;;;;;;;;;;;;;;;;;;;;;;;;;;;;;;;;;;;;;;;;;;;;
;00:00:00;;;;;;;;;;;;;;;;;;;;;;;;;;;;;;;;;;;;;;;;;;;;;;;;;
;00:00:00;;;;;;;;;;;;;;;;;;;;;;;;;;;;;;;;;;;;;;;;;;;;;;;;;
;00:00:00;;;;;;;;;;;;;;;;;;;;;;;;;;;;;;;;;;;;;;;;;;;;;;;;;
;00:00:00;;;;;;;;;;;;;;;;;;;;;;;;;;;;;;;;;;;;;;;;;;;;;;;;;
;00:00:00;;;;;;;;;;;;;;;;;;;;;;;;;;;;;;;;;;;;;;;;;;;;;;;;;
;00:00:00;;;;;;;;;;;;;;;;;;;;;;;;;;;;;;;;;;;;;;;;;;;;;;;;;
;00:00:00;;;;;;;;;;;;;;;;;;;;;;;;;;;;;;;;;;;;;;;;;;;;;;;;;
;00:00:00;;;;;;;;;;;;;;;;;;;;;;;;;;;;;;;;;;;;;;;;;;;;;;;;;
;00:00:00;;;;;;;;;;;;;;;;;;;;;;;;;;;;;;;;;;;;;;;;;;;;;;;;;
;00:00:00;;;;;;;;;;;;;;;;;;;;;;;;;;;;;;;;;;;;;;;;;;;;;;;;;
;00:00:00;;;;;;;;;;;;;;;;;;;;;;;;;;;;;;;;;;;;;;;;;;;;;;;;;
;00:00:00;;;;;;;;;;;;;;;;;;;;;;;;;;;;;;;;;;;;;;;;;;;;;;;;;
;00:00:00;;;;;;;;;;;;;;;;;;;;;;;;;;;;;;;;;;;;;;;;;;;;;;;;;
;00:00:00;;;;;;;;;;;;;;;;;;;;;;;;;;;;;;;;;;;;;;;;;;;;;;;;;
;00:00:00;;;;;;;;;;;;;;;;;;;;;;;;;;;;;;;;;;;;;;;;;;;;;;;;;
;00:00:00;;;;;;;;;;;;;;;;;;;;;;;;;;;;;;;;;;;;;;;;;;;;;;;;;
;00:00:00;;;;;;;;;;;;;;;;;;;;;;;;;;;;;;;;;;;;;;;;;;;;;;;;;
;00:00:00;;;;;;;;;;;;;;;;;;;;;;;;;;;;;;;;;;;;;;;;;;;;;;;;;
;00:00:00;;;;;;;;;;;;;;;;;;;;;;;;;;;;;;;;;;;;;;;;;;;;;;;;;
;00:00:00;;;;;;;;;;;;;;;;;;;;;;;;;;;;;;;;;;;;;;;;;;;;;;;;;
;00:00:00;;;;;;;;;;;;;;;;;;;;;;;;;;;;;;;;;;;;;;;;;;;;;;;;;
;00:00:00;;;;;;;;;;;;;;;;;;;;;;;;;;;;;;;;;;;;;;;;;;;;;;;;;
;00:00:00;;;;;;;;;;;;;;;;;;;;;;;;;;;;;;;;;;;;;;;;;;;;;;;;;
;00:00:00;;;;;;;;;;;;;;;;;;;;;;;;;;;;;;;;;;;;;;;;;;;;;;;;;
;00:00:00;;;;;;;;;;;;;;;;;;;;;;;;;;;;;;;;;;;;;;;;;;;;;;;;;
;00:00:00;;;;;;;;;;;;;;;;;;;;;;;;;;;;;;;;;;;;;;;;;;;;;;;;;
;00:00:00;;;;;;;;;;;;;;;;;;;;;;;;;;;;;;;;;;;;;;;;;;;;;;;;;
;00:00:00;;;;;;;;;;;;;;;;;;;;;;;;;;;;;;;;;;;;;;;;;;;;;;;;;
;00:00:00;;;;;;;;;;;;;;;;;;;;;;;;;;;;;;;;;;;;;;;;;;;;;;;;;
;00:00:00;;;;;;;;;;;;;;;;;;;;;;;;;;;;;;;;;;;;;;;;;;;;;;;;;
;00:00:00;;;;;;;;;;;;;;;;;;;;;;;;;;;;;;;;;;;;;;;;;;;;;;;;;
;00:00:00;;;;;;;;;;;;;;;;;;;;;;;;;;;;;;;;;;;;;;;;;;;;;;;;;
;00:00:00;;;;;;;;;;;;;;;;;;;;;;;;;;;;;;;;;;;;;;;;;;;;;;;;;
;00:00:00;;;;;;;;;;;;;;;;;;;;;;;;;;;;;;;;;;;;;;;;;;;;;;;;;
;00:00:00;;;;;;;;;;;;;;;;;;;;;;;;;;;;;;;;;;;;;;;;;;;;;;;;;
;00:00:00;;;;;;;;;;;;;;;;;;;;;;;;;;;;;;;;;;;;;;;;;;;;;;;;;
;00:00:00;;;;;;;;;;;;;;;;;;;;;;;;;;;;;;;;;;;;;;;;;;;;;;;;;
;00:00:00;;;;;;;;;;;;;;;;;;;;;;;;;;;;;;;;;;;;;;;;;;;;;;;;;
;00:00:00;;;;;;;;;;;;;;;;;;;;;;;;;;;;;;;;;;;;;;;;;;;;;;;;;
;00:00:00;;;;;;;;;;;;;;;;;;;;;;;;;;;;;;;;;;;;;;;;;;;;;;;;;
;00:00:00;;;;;;;;;;;;;;;;;;;;;;;;;;;;;;;;;;;;;;;;;;;;;;;;;
;00:00:00;;;;;;;;;;;;;;;;;;;;;;;;;;;;;;;;;;;;;;;;;;;;;;;;;
;00:00:00;;;;;;;;;;;;;;;;;;;;;;;;;;;;;;;;;;;;;;;;;;;;;;;;;
;00:00:00;;;;;;;;;;;;;;;;;;;;;;;;;;;;;;;;;;;;;;;;;;;;;;;;;
;00:00:00;;;;;;;;;;;;;;;;;;;;;;;;;;;;;;;;;;;;;;;;;;;;;;;;;
;00:00:00;;;;;;;;;;;;;;;;;;;;;;;;;;;;;;;;;;;;;;;;;;;;;;;;;
;00:00:00;;;;;;;;;;;;;;;;;;;;;;;;;;;;;;;;;;;;;;;;;;;;;;;;;
;00:00:00;;;;;;;;;;;;;;;;;;;;;;;;;;;;;;;;;;;;;;;;;;;;;;;;;
;00:00:00;;;;;;;;;;;;;;;;;;;;;;;;;;;;;;;;;;;;;;;;;;;;;;;;;
;00:00:00;;;;;;;;;;;;;;;;;;;;;;;;;;;;;;;;;;;;;;;;;;;;;;;;;
;00:00:00;;;;;;;;;;;;;;;;;;;;;;;;;;;;;;;;;;;;;;;;;;;;;;;;;
;00:00:00;;;;;;;;;;;;;;;;;;;;;;;;;;;;;;;;;;;;;;;;;;;;;;;;;
;00:00:00;;;;;;;;;;;;;;;;;;;;;;;;;;;;;;;;;;;;;;;;;;;;;;;;;
;00:00:00;;;;;;;;;;;;;;;;;;;;;;;;;;;;;;;;;;;;;;;;;;;;;;;;;
;00:00:00;;;;;;;;;;;;;;;;;;;;;;;;;;;;;;;;;;;;;;;;;;;;;;;;;
;00:00:00;;;;;;;;;;;;;;;;;;;;;;;;;;;;;;;;;;;;;;;;;;;;;;;;;
;00:00:00;;;;;;;;;;;;;;;;;;;;;;;;;;;;;;;;;;;;;;;;;;;;;;;;;
;00:00:00;;;;;;;;;;;;;;;;;;;;;;;;;;;;;;;;;;;;;;;;;;;;;;;;;
;00:00:00;;;;;;;;;;;;;;;;;;;;;;;;;;;;;;;;;;;;;;;;;;;;;;;;;
;00:00:00;;;;;;;;;;;;;;;;;;;;;;;;;;;;;;;;;;;;;;;;;;;;;;;;;
;00:00:00;;;;;;;;;;;;;;;;;;;;;;;;;;;;;;;;;;;;;;;;;;;;;;;;;
;00:00:00;;;;;;;;;;;;;;;;;;;;;;;;;;;;;;;;;;;;;;;;;;;;;;;;;
;00:00:00;;;;;;;;;;;;;;;;;;;;;;;;;;;;;;;;;;;;;;;;;;;;;;;;;
;00:00:00;;;;;;;;;;;;;;;;;;;;;;;;;;;;;;;;;;;;;;;;;;;;;;;;;
;00:00:00;;;;;;;;;;;;;;;;;;;;;;;;;;;;;;;;;;;;;;;;;;;;;;;;;
;00:00:00;;;;;;;;;;;;;;;;;;;;;;;;;;;;;;;;;;;;;;;;;;;;;;;;;
;00:00:00;;;;;;;;;;;;;;;;;;;;;;;;;;;;;;;;;;;;;;;;;;;;;;;;;
;00:00:00;;;;;;;;;;;;;;;;;;;;;;;;;;;;;;;;;;;;;;;;;;;;;;;;;
;00:00:00;;;;;;;;;;;;;;;;;;;;;;;;;;;;;;;;;;;;;;;;;;;;;;;;;
;00:00:00;;;;;;;;;;;;;;;;;;;;;;;;;;;;;;;;;;;;;;;;;;;;;;;;;
;00:00:00;;;;;;;;;;;;;;;;;;;;;;;;;;;;;;;;;;;;;;;;;;;;;;;;;
;00:00:00;;;;;;;;;;;;;;;;;;;;;;;;;;;;;;;;;;;;;;;;;;;;;;;;;
;00:00:00;;;;;;;;;;;;;;;;;;;;;;;;;;;;;;;;;;;;;;;;;;;;;;;;;
;00:00:00;;;;;;;;;;;;;;;;;;;;;;;;;;;;;;;;;;;;;;;;;;;;;;;;;
;00:00:00;;;;;;;;;;;;;;;;;;;;;;;;;;;;;;;;;;;;;;;;;;;;;;;;;
;00:00:00;;;;;;;;;;;;;;;;;;;;;;;;;;;;;;;;;;;;;;;;;;;;;;;;;
;00:00:00;;;;;;;;;;;;;;;;;;;;;;;;;;;;;;;;;;;;;;;;;;;;;;;;;
;00:00:00;;;;;;;;;;;;;;;;;;;;;;;;;;;;;;;;;;;;;;;;;;;;;;;;;
;00:00:00;;;;;;;;;;;;;;;;;;;;;;;;;;;;;;;;;;;;;;;;;;;;;;;;;
;00:00:00;;;;;;;;;;;;;;;;;;;;;;;;;;;;;;;;;;;;;;;;;;;;;;;;;
;00:00:00;;;;;;;;;;;;;;;;;;;;;;;;;;;;;;;;;;;;;;;;;;;;;;;;;
;00:00:00;;;;;;;;;;;;;;;;;;;;;;;;;;;;;;;;;;;;;;;;;;;;;;;;;
;00:00:00;;;;;;;;;;;;;;;;;;;;;;;;;;;;;;;;;;;;;;;;;;;;;;;;;
;00:00:00;;;;;;;;;;;;;;;;;;;;;;;;;;;;;;;;;;;;;;;;;;;;;;;;;
;00:00:00;;;;;;;;;;;;;;;;;;;;;;;;;;;;;;;;;;;;;;;;;;;;;;;;;
;00:00:00;;;;;;;;;;;;;;;;;;;;;;;;;;;;;;;;;;;;;;;;;;;;;;;;;
;00:00:00;;;;;;;;;;;;;;;;;;;;;;;;;;;;;;;;;;;;;;;;;;;;;;;;;
;00:00:00;;;;;;;;;;;;;;;;;;;;;;;;;;;;;;;;;;;;;;;;;;;;;;;;;
;00:00:00;;;;;;;;;;;;;;;;;;;;;;;;;;;;;;;;;;;;;;;;;;;;;;;;;
;00:00:00;;;;;;;;;;;;;;;;;;;;;;;;;;;;;;;;;;;;;;;;;;;;;;;;;
;00:00:00;;;;;;;;;;;;;;;;;;;;;;;;;;;;;;;;;;;;;;;;;;;;;;;;;
;00:00:00;;;;;;;;;;;;;;;;;;;;;;;;;;;;;;;;;;;;;;;;;;;;;;;;;
;00:00:00;;;;;;;;;;;;;;;;;;;;;;;;;;;;;;;;;;;;;;;;;;;;;;;;;
;00:00:00;;;;;;;;;;;;;;;;;;;;;;;;;;;;;;;;;;;;;;;;;;;;;;;;;
;00:00:00;;;;;;;;;;;;;;;;;;;;;;;;;;;;;;;;;;;;;;;;;;;;;;;;;
;00:00:00;;;;;;;;;;;;;;;;;;;;;;;;;;;;;;;;;;;;;;;;;;;;;;;;;
;00:00:00;;;;;;;;;;;;;;;;;;;;;;;;;;;;;;;;;;;;;;;;;;;;;;;;;
;00:00:00;;;;;;;;;;;;;;;;;;;;;;;;;;;;;;;;;;;;;;;;;;;;;;;;;
;00:00:00;;;;;;;;;;;;;;;;;;;;;;;;;;;;;;;;;;;;;;;;;;;;;;;;;
;00:00:00;;;;;;;;;;;;;;;;;;;;;;;;;;;;;;;;;;;;;;;;;;;;;;;;;
;00:00:00;;;;;;;;;;;;;;;;;;;;;;;;;;;;;;;;;;;;;;;;;;;;;;;;;
;00:00:00;;;;;;;;;;;;;;;;;;;;;;;;;;;;;;;;;;;;;;;;;;;;;;;;;
;00:00:00;;;;;;;;;;;;;;;;;;;;;;;;;;;;;;;;;;;;;;;;;;;;;;;;;
;00:00:00;;;;;;;;;;;;;;;;;;;;;;;;;;;;;;;;;;;;;;;;;;;;;;;;;
;00:00:00;;;;;;;;;;;;;;;;;;;;;;;;;;;;;;;;;;;;;;;;;;;;;;;;;
;00:00:00;;;;;;;;;;;;;;;;;;;;;;;;;;;;;;;;;;;;;;;;;;;;;;;;;
;00:00:00;;;;;;;;;;;;;;;;;;;;;;;;;;;;;;;;;;;;;;;;;;;;;;;;;
;00:00:00;;;;;;;;;;;;;;;;;;;;;;;;;;;;;;;;;;;;;;;;;;;;;;;;;
;00:00:00;;;;;;;;;;;;;;;;;;;;;;;;;;;;;;;;;;;;;;;;;;;;;;;;;
;00:00:00;;;;;;;;;;;;;;;;;;;;;;;;;;;;;;;;;;;;;;;;;;;;;;;;;
;00:00:00;;;;;;;;;;;;;;;;;;;;;;;;;;;;;;;;;;;;;;;;;;;;;;;;;
;00:00:00;;;;;;;;;;;;;;;;;;;;;;;;;;;;;;;;;;;;;;;;;;;;;;;;;
;00:00:00;;;;;;;;;;;;;;;;;;;;;;;;;;;;;;;;;;;;;;;;;;;;;;;;;
;00:00:00;;;;;;;;;;;;;;;;;;;;;;;;;;;;;;;;;;;;;;;;;;;;;;;;;
;00:00:00;;;;;;;;;;;;;;;;;;;;;;;;;;;;;;;;;;;;;;;;;;;;;;;;;
;00:00:00;;;;;;;;;;;;;;;;;;;;;;;;;;;;;;;;;;;;;;;;;;;;;;;;;
;00:00:00;;;;;;;;;;;;;;;;;;;;;;;;;;;;;;;;;;;;;;;;;;;;;;;;;
;00:00:00;;;;;;;;;;;;;;;;;;;;;;;;;;;;;;;;;;;;;;;;;;;;;;;;;
;00:00:00;;;;;;;;;;;;;;;;;;;;;;;;;;;;;;;;;;;;;;;;;;;;;;;;;
;00:00:00;;;;;;;;;;;;;;;;;;;;;;;;;;;;;;;;;;;;;;;;;;;;;;;;;
;00:00:00;;;;;;;;;;;;;;;;;;;;;;;;;;;;;;;;;;;;;;;;;;;;;;;;;
;00:00:00;;;;;;;;;;;;;;;;;;;;;;;;;;;;;;;;;;;;;;;;;;;;;;;;;
;00:00:00;;;;;;;;;;;;;;;;;;;;;;;;;;;;;;;;;;;;;;;;;;;;;;;;;
;00:00:00;;;;;;;;;;;;;;;;;;;;;;;;;;;;;;;;;;;;;;;;;;;;;;;;;
;00:00:00;;;;;;;;;;;;;;;;;;;;;;;;;;;;;;;;;;;;;;;;;;;;;;;;;
;00:00:00;;;;;;;;;;;;;;;;;;;;;;;;;;;;;;;;;;;;;;;;;;;;;;;;;
;00:00:00;;;;;;;;;;;;;;;;;;;;;;;;;;;;;;;;;;;;;;;;;;;;;;;;;
;00:00:00;;;;;;;;;;;;;;;;;;;;;;;;;;;;;;;;;;;;;;;;;;;;;;;;;
;00:00:00;;;;;;;;;;;;;;;;;;;;;;;;;;;;;;;;;;;;;;;;;;;;;;;;;
;00:00:00;;;;;;;;;;;;;;;;;;;;;;;;;;;;;;;;;;;;;;;;;;;;;;;;;
;00:00:00;;;;;;;;;;;;;;;;;;;;;;;;;;;;;;;;;;;;;;;;;;;;;;;;;
;00:00:00;;;;;;;;;;;;;;;;;;;;;;;;;;;;;;;;;;;;;;;;;;;;;;;;;
;00:00:00;;;;;;;;;;;;;;;;;;;;;;;;;;;;;;;;;;;;;;;;;;;;;;;;;
;00:00:00;;;;;;;;;;;;;;;;;;;;;;;;;;;;;;;;;;;;;;;;;;;;;;;;;
;00:00:00;;;;;;;;;;;;;;;;;;;;;;;;;;;;;;;;;;;;;;;;;;;;;;;;;
;00:00:00;;;;;;;;;;;;;;;;;;;;;;;;;;;;;;;;;;;;;;;;;;;;;;;;;
;00:00:00;;;;;;;;;;;;;;;;;;;;;;;;;;;;;;;;;;;;;;;;;;;;;;;;;
;00:00:00;;;;;;;;;;;;;;;;;;;;;;;;;;;;;;;;;;;;;;;;;;;;;;;;;
;00:00:00;;;;;;;;;;;;;;;;;;;;;;;;;;;;;;;;;;;;;;;;;;;;;;;;;
;00:00:00;;;;;;;;;;;;;;;;;;;;;;;;;;;;;;;;;;;;;;;;;;;;;;;;;
;00:00:00;;;;;;;;;;;;;;;;;;;;;;;;;;;;;;;;;;;;;;;;;;;;;;;;;
;00:00:00;;;;;;;;;;;;;;;;;;;;;;;;;;;;;;;;;;;;;;;;;;;;;;;;;
;00:00:00;;;;;;;;;;;;;;;;;;;;;;;;;;;;;;;;;;;;;;;;;;;;;;;;;
;00:00:00;;;;;;;;;;;;;;;;;;;;;;;;;;;;;;;;;;;;;;;;;;;;;;;;;
;00:00:00;;;;;;;;;;;;;;;;;;;;;;;;;;;;;;;;;;;;;;;;;;;;;;;;;
;00:00:00;;;;;;;;;;;;;;;;;;;;;;;;;;;;;;;;;;;;;;;;;;;;;;;;;
;00:00:00;;;;;;;;;;;;;;;;;;;;;;;;;;;;;;;;;;;;;;;;;;;;;;;;;
;00:00:00;;;;;;;;;;;;;;;;;;;;;;;;;;;;;;;;;;;;;;;;;;;;;;;;;
;00:00:00;;;;;;;;;;;;;;;;;;;;;;;;;;;;;;;;;;;;;;;;;;;;;;;;;
;00:00:00;;;;;;;;;;;;;;;;;;;;;;;;;;;;;;;;;;;;;;;;;;;;;;;;;
;00:00:00;;;;;;;;;;;;;;;;;;;;;;;;;;;;;;;;;;;;;;;;;;;;;;;;;
;00:00:00;;;;;;;;;;;;;;;;;;;;;;;;;;;;;;;;;;;;;;;;;;;;;;;;;
;00:00:00;;;;;;;;;;;;;;;;;;;;;;;;;;;;;;;;;;;;;;;;;;;;;;;;;
;00:00:00;;;;;;;;;;;;;;;;;;;;;;;;;;;;;;;;;;;;;;;;;;;;;;;;;
;00:00:00;;;;;;;;;;;;;;;;;;;;;;;;;;;;;;;;;;;;;;;;;;;;;;;;;
;00:00:00;;;;;;;;;;;;;;;;;;;;;;;;;;;;;;;;;;;;;;;;;;;;;;;;;
;00:00:00;;;;;;;;;;;;;;;;;;;;;;;;;;;;;;;;;;;;;;;;;;;;;;;;;
;00:00:00;;;;;;;;;;;;;;;;;;;;;;;;;;;;;;;;;;;;;;;;;;;;;;;;;
;00:00:00;;;;;;;;;;;;;;;;;;;;;;;;;;;;;;;;;;;;;;;;;;;;;;;;;
;00:00:00;;;;;;;;;;;;;;;;;;;;;;;;;;;;;;;;;;;;;;;;;;;;;;;;;
;00:00:00;;;;;;;;;;;;;;;;;;;;;;;;;;;;;;;;;;;;;;;;;;;;;;;;;
;00:00:00;;;;;;;;;;;;;;;;;;;;;;;;;;;;;;;;;;;;;;;;;;;;;;;;;
;00:00:00;;;;;;;;;;;;;;;;;;;;;;;;;;;;;;;;;;;;;;;;;;;;;;;;;
;00:00:00;;;;;;;;;;;;;;;;;;;;;;;;;;;;;;;;;;;;;;;;;;;;;;;;;
;00:00:00;;;;;;;;;;;;;;;;;;;;;;;;;;;;;;;;;;;;;;;;;;;;;;;;;
;00:00:00;;;;;;;;;;;;;;;;;;;;;;;;;;;;;;;;;;;;;;;;;;;;;;;;;
;00:00:00;;;;;;;;;;;;;;;;;;;;;;;;;;;;;;;;;;;;;;;;;;;;;;;;;
;00:00:00;;;;;;;;;;;;;;;;;;;;;;;;;;;;;;;;;;;;;;;;;;;;;;;;;
;00:00:00;;;;;;;;;;;;;;;;;;;;;;;;;;;;;;;;;;;;;;;;;;;;;;;;;
;00:00:00;;;;;;;;;;;;;;;;;;;;;;;;;;;;;;;;;;;;;;;;;;;;;;;;;
;00:00:00;;;;;;;;;;;;;;;;;;;;;;;;;;;;;;;;;;;;;;;;;;;;;;;;;
;00:00:00;;;;;;;;;;;;;;;;;;;;;;;;;;;;;;;;;;;;;;;;;;;;;;;;;
;00:00:00;;;;;;;;;;;;;;;;;;;;;;;;;;;;;;;;;;;;;;;;;;;;;;;;;
;00:00:00;;;;;;;;;;;;;;;;;;;;;;;;;;;;;;;;;;;;;;;;;;;;;;;;;
;00:00:00;;;;;;;;;;;;;;;;;;;;;;;;;;;;;;;;;;;;;;;;;;;;;;;;;
;00:00:00;;;;;;;;;;;;;;;;;;;;;;;;;;;;;;;;;;;;;;;;;;;;;;;;;
;00:00:00;;;;;;;;;;;;;;;;;;;;;;;;;;;;;;;;;;;;;;;;;;;;;;;;;
;00:00:00;;;;;;;;;;;;;;;;;;;;;;;;;;;;;;;;;;;;;;;;;;;;;;;;;
;00:00:00;;;;;;;;;;;;;;;;;;;;;;;;;;;;;;;;;;;;;;;;;;;;;;;;;
;00:00:00;;;;;;;;;;;;;;;;;;;;;;;;;;;;;;;;;;;;;;;;;;;;;;;;;
;00:00:00;;;;;;;;;;;;;;;;;;;;;;;;;;;;;;;;;;;;;;;;;;;;;;;;;
;00:00:00;;;;;;;;;;;;;;;;;;;;;;;;;;;;;;;;;;;;;;;;;;;;;;;;;
;00:00:00;;;;;;;;;;;;;;;;;;;;;;;;;;;;;;;;;;;;;;;;;;;;;;;;;
;;;;;;;;;;;;;;;;;;;;;;;;;;;;;;;;;;;;;;;;;;;;;;;;;;
Results;;;;;;;;;;;;;;;;;;;;;;;;;;;;;;;;;;;;;;;;;;;;;;;;;;
;;;;;;;;;;;;;;;;;;;;;;;;;;;;;;;;;;;;;;;;;;;;;;;;;;
;;1;2;3;4;5;6;7;8;;;;;;;;;;;;;;;;;;;;;;;;;;;;;;;;;;;;;;;;;
;A;-0,117;-0,092;3,447;3,738;4,247;4,162;0,072;2,477;Max V [OD:600];;;;;;;;;;;;;;;;;;;;;;;;;;;;;;;;;;;;;;;;
;;0,618;0,652;0,995;0,999;0,924;0,941;0,717;0,998;R-Squared [OD:600];;;;;;;;;;;;;;;;;;;;;;;;;;;;;;;;;;;;;;;;
;;29:16:34;30:52:34;07:28:34;07:04:34;07:10:34;07:10:34;13:52:34;30:58:34;t at Max V [OD:600];;;;;;;;;;;;;;;;;;;;;;;;;;;;;;;;;;;;;;;;
;;29:20:10;30:52:34;04:39:44;04:48:48;05:05:31;05:03:51;13:48:23;29:34:54;Lagtime [OD:600];;;;;;;;;;;;;;;;;;;;;;;;;;;;;;;;;;;;;;;;
;;-2300;-1866,667;4800;5050;5216,667;5183,333;1750;2350;Max V [Read 2:485,510];;;;;;;;;;;;;;;;;;;;;;;;;;;;;;;;;;;;;;;;
;;0,904;0,862;0,739;0,954;0,977;0,892;0,713;0,979;R-Squared [Read 2:485,510];;;;;;;;;;;;;;;;;;;;;;;;;;;;;;;;;;;;;;;;
;;02:11:01;25:29:01;07:23:01;07:23:01;07:29:01;07:29:01;24:29:01;30:29:01;t at Max V [Read 2:485,510];;;;;;;;;;;;;;;;;;;;;;;;;;;;;;;;;;;;;;;;
;;02:10:35;25:05:52;06:06:51;06:08:08;06:16:31;06:09:43;24:36:06;30:07:24;Lagtime [Read 2:485,510];;;;;;;;;;;;;;;;;;;;;;;;;;;;;;;;;;;;;;;;
;;-9333,333;11083,333;-8283,333;7516,667;9416,667;-7500;9466,667;-9933,333;Max V [Read 3:587,610];;;;;;;;;;;;;;;;;;;;;;;;;;;;;;;;;;;;;;;;
;;0,472;0,933;0,839;0,698;0,784;0,739;0,952;0,971;R-Squared [Read 3:587,610];;;;;;;;;;;;;;;;;;;;;;;;;;;;;;;;;;;;;;;;
;;12:05:30;06:23:30;02:23:30;01:53:30;03:11:30;02:35:30;26:29:30;06:59:30;t at Max V [Read 3:587,610];;;;;;;;;;;;;;;;;;;;;;;;;;;;;;;;;;;;;;;;
;;12:05:48;06:22:06;02:05:54;01:53:51;03:27:33;02:23:28;26:35:55;06:54:42;Lagtime [Read 3:587,610];;;;;;;;;;;;;;;;;;;;;;;;;;;;;;;;;;;;;;;;
;B;2,087;2,038;2,24;2,165;3,142;3,145;3,71;3,945;Max V [OD:600];;;;;;;;;;;;;;;;;;;;;;;;;;;;;;;;;;;;;;;;
;;1;1;0,991;0,994;0,993;0,99;0,998;0,984;R-Squared [OD:600];;;;;;;;;;;;;;;;;;;;;;;;;;;;;;;;;;;;;;;;
;;07:40:34;07:58:34;07:10:34;07:10:34;07:10:34;05:58:34;06:22:34;06:22:34;t at Max V [OD:600];;;;;;;;;;;;;;;;;;;;;;;;;;;;;;;;;;;;;;;;
;;05:19:51;05:18:12;05:21:03;05:17:56;04:51:44;04:41:23;05:00:30;05:07:01;Lagtime [OD:600];;;;;;;;;;;;;;;;;;;;;;;;;;;;;;;;;;;;;;;;
;;5833,333;5150;6116,667;6483,333;6000;5383,333;5350;6400;Max V [Read 2:485,510];;;;;;;;;;;;;;;;;;;;;;;;;;;;;;;;;;;;;;;;
;;0,984;0,825;0,816;0,937;0,888;0,912;0,971;0,871;R-Squared [Read 2:485,510];;;;;;;;;;;;;;;;;;;;;;;;;;;;;;;;;;;;;;;;
;;09:05:01;12:23:01;09:47:01;09:47:01;07:23:01;08:11:01;07:59:01;07:11:01;t at Max V [Read 2:485,510];;;;;;;;;;;;;;;;;;;;;;;;;;;;;;;;;;;;;;;;
;;07:37:54;09:35:29;07:52:31;08:03:48;06:18:37;06:22:59;06:22:45;06:23:18;Lagtime [Read 2:485,510];;;;;;;;;;;;;;;;;;;;;;;;;;;;;;;;;;;;;;;;
;;7216,667;8666,667;-7250;-6233,333;-7550;7516,667;-9733,333;-6600;Max V [Read 3:587,610];;;;;;;;;;;;;;;;;;;;;;;;;;;;;;;;;;;;;;;;
;;0,781;0,646;0,877;0,34;0,967;0,876;0,762;0,58;R-Squared [Read 3:587,610];;;;;;;;;;;;;;;;;;;;;;;;;;;;;;;;;;;;;;;;
;;04:47:30;12:53:30;00:41:30;00:59:30;05:23:30;27:59:30;00:35:30;03:11:30;t at Max V [Read 3:587,610];;;;;;;;;;;;;;;;;;;;;;;;;;;;;;;;;;;;;;;;
;;04:59:40;13:12:05;00:47:39;00:56:12;05:09:32;28:29:23;00:36:09;02:56:10;Lagtime [Read 3:587,610];;;;;;;;;;;;;;;;;;;;;;;;;;;;;;;;;;;;;;;;
;C;1,572;1,538;1,577;1,592;2,515;2,382;2,378;2,467;Max V [OD:600];;;;;;;;;;;;;;;;;;;;;;;;;;;;;;;;;;;;;;;;
;;0,998;1;0,999;0,999;0,975;0,993;0,989;0,982;R-Squared [OD:600];;;;;;;;;;;;;;;;;;;;;;;;;;;;;;;;;;;;;;;;
;;10:10:34;10:10:34;10:10:34;10:10:34;07:58:34;07:58:34;07:58:34;08:16:34;t at Max V [OD:600];;;;;;;;;;;;;;;;;;;;;;;;;;;;;;;;;;;;;;;;
;;06:48:29;06:46:25;06:42:04;06:36:54;05:27:57;05:28:29;05:26:23;05:36:48;Lagtime [OD:600];;;;;;;;;;;;;;;;;;;;;;;;;;;;;;;;;;;;;;;;
;;6016,667;6383,333;5116,667;5316,667;7583,333;8416,667;6500;7050;Max V [Read 2:485,510];;;;;;;;;;;;;;;;;;;;;;;;;;;;;;;;;;;;;;;;
;;0,998;0,98;0,884;0,8;0,96;0,847;0,89;0,944;R-Squared [Read 2:485,510];;;;;;;;;;;;;;;;;;;;;;;;;;;;;;;;;;;;;;;;
;;12:11:01;12:11:01;12:23:01;30:47:01;09:23:01;09:35:01;07:29:01;09:05:01;t at Max V [Read 2:485,510];;;;;;;;;;;;;;;;;;;;;;;;;;;;;;;;;;;;;;;;
;;10:03:38;10:14:26;09:41:35;26:19:24;07:29:41;07:51:53;06:43:47;07:21:15;Lagtime [Read 2:485,510];;;;;;;;;;;;;;;;;;;;;;;;;;;;;;;;;;;;;;;;
;;7350;7266,667;-8100;7750;9816,667;-7116,667;8350;-7533,333;Max V [Read 3:587,610];;;;;;;;;;;;;;;;;;;;;;;;;;;;;;;;;;;;;;;;
;;0,723;0,796;0,79;0,927;0,809;0,858;0,648;0,554;R-Squared [Read 3:587,610];;;;;;;;;;;;;;;;;;;;;;;;;;;;;;;;;;;;;;;;
;;02:29:30;02:53:30;03:47:30;04:11:30;02:41:30;06:35:30;04:05:30;00:41:30;t at Max V [Read 3:587,610];;;;;;;;;;;;;;;;;;;;;;;;;;;;;;;;;;;;;;;;
;;02:28:20;03:03:13;03:27:09;04:01:20;02:36:04;06:23:00;04:06:40;00:46:12;Lagtime [Read 3:587,610];;;;;;;;;;;;;;;;;;;;;;;;;;;;;;;;;;;;;;;;
;D;1,135;1,287;1,28;1,305;1,643;1,543;1,51;1,558;Max V [OD:600];;;;;;;;;;;;;;;;;;;;;;;;;;;;;;;;;;;;;;;;
;;0,979;0,912;0,968;0,984;0,998;0,999;0,998;0,998;R-Squared [OD:600];;;;;;;;;;;;;;;;;;;;;;;;;;;;;;;;;;;;;;;;
;;14:22:34;14:22:34;14:22:34;12:28:34;08:04:34;08:04:34;07:58:34;07:58:34;t at Max V [OD:600];;;;;;;;;;;;;;;;;;;;;;;;;;;;;;;;;;;;;;;;
;;09:50:36;10:32:51;10:12:56;09:19:47;05:25:12;05:27:09;05:20:55;05:22:56;Lagtime [OD:600];;;;;;;;;;;;;;;;;;;;;;;;;;;;;;;;;;;;;;;;
;;6216,667;4716,667;4916,667;5300;5983,333;6166,667;7366,667;6283,333;Max V [Read 2:485,510];;;;;;;;;;;;;;;;;;;;;;;;;;;;;;;;;;;;;;;;
;;0,954;0,926;0,656;0,721;0,843;0,753;0,982;0,914;R-Squared [Read 2:485,510];;;;;;;;;;;;;;;;;;;;;;;;;;;;;;;;;;;;;;;;
;;15:11:01;16:47:01;29:35:01;13:11:01;09:59:01;10:17:01;09:53:01;09:41:01;t at Max V [Read 2:485,510];;;;;;;;;;;;;;;;;;;;;;;;;;;;;;;;;;;;;;;;
;;13:25:47;13:34:02;25:19:16;11:48:54;07:53:04;08:15:06;08:27:22;08:02:00;Lagtime [Read 2:485,510];;;;;;;;;;;;;;;;;;;;;;;;;;;;;;;;;;;;;;;;
;;9483,333;-10400;-10483,333;9566,667;9650;-6800;7716,667;-8016,667;Max V [Read 3:587,610];;;;;;;;;;;;;;;;;;;;;;;;;;;;;;;;;;;;;;;;
;;0,746;0,744;0,672;0,651;0,685;0,66;0,904;0,818;R-Squared [Read 3:587,610];;;;;;;;;;;;;;;;;;;;;;;;;;;;;;;;;;;;;;;;
;;01:29:30;01:05:30;02:29:30;03:59:30;00:41:30;06:23:30;10:53:30;05:47:30;t at Max V [Read 3:587,610];;;;;;;;;;;;;;;;;;;;;;;;;;;;;;;;;;;;;;;;
;;01:28:52;01:01:36;02:20:11;04:00:40;00:29:44;06:11:46;11:15:21;05:18:25;Lagtime [Read 3:587,610];;;;;;;;;;;;;;;;;;;;;;;;;;;;;;;;;;;;;;;;
;E;0,46;0,477;0,542;0,51;0,92;0,89;0,858;0,85;Max V [OD:600];;;;;;;;;;;;;;;;;;;;;;;;;;;;;;;;;;;;;;;;
;;0,999;0,997;0,992;0,994;0,999;0,999;0,999;0,994;R-Squared [OD:600];;;;;;;;;;;;;;;;;;;;;;;;;;;;;;;;;;;;;;;;
;;24:58:34;26:22:34;24:34:34;24:34:34;10:28:34;10:46:34;11:10:34;10:52:34;t at Max V [OD:600];;;;;;;;;;;;;;;;;;;;;;;;;;;;;;;;;;;;;;;;
;;14:35:16;15:02:26;15:16:46;13:54:32;05:42:43;05:57:52;05:37:43;05:27:50;Lagtime [OD:600];;;;;;;;;;;;;;;;;;;;;;;;;;;;;;;;;;;;;;;;
;;6100;5350;6650;5133,333;5033,333;5166,667;4283,333;4716,667;Max V [Read 2:485,510];;;;;;;;;;;;;;;;;;;;;;;;;;;;;;;;;;;;;;;;
;;0,969;0,889;0,822;0,892;0,882;0,737;0,844;0,717;R-Squared [Read 2:485,510];;;;;;;;;;;;;;;;;;;;;;;;;;;;;;;;;;;;;;;;
;;28:41:01;26:59:01;27:59:01;27:05:01;10:53:01;14:05:01;12:29:01;12:53:01;t at Max V [Read 2:485,510];;;;;;;;;;;;;;;;;;;;;;;;;;;;;;;;;;;;;;;;
;;24:44:30;23:12:53;24:24:42;22:52:00;09:31:55;11:41:29;10:14:21;10:30:55;Lagtime [Read 2:485,510];;;;;;;;;;;;;;;;;;;;;;;;;;;;;;;;;;;;;;;;
;;-9066,667;9366,667;-16550;9866,667;8816,667;7666,667;-8366,667;-7616,667;Max V [Read 3:587,610];;;;;;;;;;;;;;;;;;;;;;;;;;;;;;;;;;;;;;;;
;;0,705;0,924;0,51;0,724;0,363;0,401;0,788;0,864;R-Squared [Read 3:587,610];;;;;;;;;;;;;;;;;;;;;;;;;;;;;;;;;;;;;;;;
;;05:35:30;01:29:30;26:59:30;04:47:30;05:47:30;00:23:30;01:41:30;27:17:30;t at Max V [Read 3:587,610];;;;;;;;;;;;;;;;;;;;;;;;;;;;;;;;;;;;;;;;
;;05:39:32;01:24:16;26:58:07;04:38:42;05:41:35;00:30:45;01:39:35;27:11:24;Lagtime [Read 3:587,610];;;;;;;;;;;;;;;;;;;;;;;;;;;;;;;;;;;;;;;;
;F;1,027;0,975;0,938;0,898;0,927;0,923;0,862;0,918;Max V [OD:600];;;;;;;;;;;;;;;;;;;;;;;;;;;;;;;;;;;;;;;;
;;0,998;0,998;0,999;0,999;0,998;0,999;0,997;0,999;R-Squared [OD:600];;;;;;;;;;;;;;;;;;;;;;;;;;;;;;;;;;;;;;;;
;;10:10:34;10:22:34;10:16:34;09:46:34;10:52:34;10:46:34;10:52:34;10:10:34;t at Max V [OD:600];;;;;;;;;;;;;;;;;;;;;;;;;;;;;;;;;;;;;;;;
;;05:50:28;05:42:23;05:42:30;05:31:14;05:51:49;05:37:09;05:34:57;05:32:00;Lagtime [OD:600];;;;;;;;;;;;;;;;;;;;;;;;;;;;;;;;;;;;;;;;
;;4266,667;5350;5383,333;5450;5233,333;5433,333;-4616,667;5350;Max V [Read 2:485,510];;;;;;;;;;;;;;;;;;;;;;;;;;;;;;;;;;;;;;;;
;;0,945;0,886;0,949;0,868;0,979;0,888;0,853;0,814;R-Squared [Read 2:485,510];;;;;;;;;;;;;;;;;;;;;;;;;;;;;;;;;;;;;;;;
;;11:29:01;12:35:01;19:53:01;12:35:01;12:11:01;12:23:01;26:53:01;19:17:01;t at Max V [Read 2:485,510];;;;;;;;;;;;;;;;;;;;;;;;;;;;;;;;;;;;;;;;
;;09:22:47;10:24:06;16:58:44;10:29:33;10:24:37;10:25:20;30:45:44;16:19:47;Lagtime [Read 2:485,510];;;;;;;;;;;;;;;;;;;;;;;;;;;;;;;;;;;;;;;;
;;8900;-10316,667;-12100;-8316,667;10683,333;-8766,667;-10733,333;-9650;Max V [Read 3:587,610];;;;;;;;;;;;;;;;;;;;;;;;;;;;;;;;;;;;;;;;
;;0,961;0,825;0,837;0,849;0,813;0,835;0,854;0,588;R-Squared [Read 3:587,610];;;;;;;;;;;;;;;;;;;;;;;;;;;;;;;;;;;;;;;;
;;00:41:30;02:53:30;07:47:30;02:35:30;02:23:30;01:35:30;09:29:30;02:35:30;t at Max V [Read 3:587,610];;;;;;;;;;;;;;;;;;;;;;;;;;;;;;;;;;;;;;;;
;;00:43:29;02:41:02;07:40:22;02:23:14;02:13:50;01:51:36;09:27:38;02:36:48;Lagtime [Read 3:587,610];;;;;;;;;;;;;;;;;;;;;;;;;;;;;;;;;;;;;;;;